,keywords,topic_name
0,energy efficiency,energy efficiency
1,renewable energy,renewable energy
2,carbon sequestration,decarbonisation
3,energy storage,electrification
4,carbon capture,decarbonisation
5,reduce emissions,emission reduction
6,plant trees,forest-centric
7,circular economy,circular-economy
8,renewable electricity,renewable energy
9,reforestation,forest-centric
10,carbon tax,taxation
11,reduce consumption,degrowth
12,carbon pricing,taxation
13,tree planting,forest-centric
14,nature-based solutions,none
15,replace fossil fuels,reduce fossil-fuel
16,just transition,vulnerable population centric
17,climate justice,vulnerable population centric
18,ecosystem restoration,biodiversity
19,green infrastructure,infrastructure
20,eat less meat,food-system
21,green new deal,governance
22,behavioral change,individual action
23,electric vehicles,electrification
24,plant-based diet,food-system
25,sustainable development,sustainability
26,energy transition,renewable energy
27,resilience,risk-based approach
28,100% renewable energy,renewable energy
29,community resilience,community-centric
30,electrification,electrification
31,reduce carbon emissions,decarbonisation
32,price on carbon,taxation
33,soil carbon,nature management
34,solar energy,renewable energy
35,adaptive capacity,none
36,stop burning fossil fuels,reduce fossil-fuel
37,solar panels,renewable energy
38,geoengineering,technology
39,carbon removal,decarbonisation
40,remove co2,decarbonisation
41,decarbonization,decarbonisation
42,solar power,renewable energy
43,phase out fossil fuels,reduce fossil-fuel
44,electrify everything,electrification
45,nuclear energy,nuclear
46,collective action,socio-political approaches
47,wind and solar,renewable energy
48,carbon storage,decarbonisation
49,emissions reduction,emission reduction
50,adaptation,none
51,resource efficiency,energy efficiency
52,urban resilience,urban planning
53,reduce greenhouse gases,greenhouse
54,developing countries,vulnerable population centric
55,ecosystem services,biodiversity
56,reduce carbon footprint,individual action
57,consume less,individual action
58,sustainable consumption,sustainability
59,net zero,net zero
60,clean energy,renewable energy
61,extreme weather,extreme events
62,carbon sinks,decarbonisation
63,protect ecosystems,biodiversity
64,net zero by 2050,net zero
65,regenerative agriculture,food-system
66,build resilience,risk-based approach
67,green hydrogen,bio-fuel
68,energy conservation,nature management
69,conservation,nature management
70,co2 removal,decarbonisation
71,innovation,technology
72,public transit,clean transportation
73,greenhouse gas emissions,greenhouse
74,carbon footprint,individual action
75,carbon capture and storage,decarbonisation
76,regenerative economy,circular-economy
77,negative emissions,emission reduction
78,solar and wind,renewable energy
79,electric cars,electrification
80,ipcc,global collaboration
81,coastal protection,coast-protection and flood
82,carbon dioxide removal,decarbonisation
83,nuclear power,nuclear
84,carbon offsets,decarbonisation
85,urban forests,forest-centric
86,planting trees,forest-centric
87,renewable sources,renewable energy
88,renewable fuels,renewable energy
89,risk management,risk-based approach
90,renewable transition,renewable energy
91,population growth,degrowth
92,quality of life,decentralisation
93,ccs,decarbonisation
94,mitigation,risk-based approach
95,resilient communities,community-centric
96,economic incentives,taxation
97,population reduction,degrowth
98,climate mitigation,none
99,climate resilience,risk-based approach
100,1.5°c target,temperature-centric
101,reduce energy demand,degrowth
102,carbon emissions,decarbonisation
103,vegan diet,food-system
104,individual action,individual action
105,ipcc report,global collaboration
106,restore ecosystems,biodiversity
107,behavior change,individual action
108,afforestation,forest-centric
109,carbon cycle,decarbonisation
110,lifestyle change,individual action
111,poverty reduction,vulnerable population centric
112,switch to renewables,renewable energy
113,urban planning,urban planning
114,low-carbon economy,energy efficiency
115,replace coal,reduce fossil-fuel
116,incentives,taxation
117,risk reduction,risk-based approach
118,agroforestry,forest-centric
119,urban density,urban planning
120,renewables,renewable energy
121,rainwater harvesting,water management
122,sustainable living,sustainability
123,flood risk,coast-protection and flood
124,heat pumps,technology
125,food security,food-system
126,food systems,food-system
127,geological storage,decarbonisation
128,bottom-up approach,none
129,forest restoration,nature management
130,natural capital,human-nature equilibrium
131,direct air capture,decarbonisation
132,climate policy,governance
133,public transport,clean transportation
134,local adaptation,decentralisation
135,cost-effective,cost-benefit driven
136,resource reduction,degrowth
137,resilient infrastructure,urban planning
138,public education,knowledge-driven
139,extreme events,extreme events
140,natural systems,human-nature equilibrium
141,paris agreement,global collaboration
142,stop using fossil fuels,reduce fossil-fuel
143,resilient cities,urban planning
144,political will,socio-political approaches
145,mitigate,risk-based approach
146,cut emissions,emission reduction
147,sustainable cities,urban planning
148,public awareness,socio-political approaches
149,decentralized energy,smart-grid
150,built environment,none
151,energy savings,degrowth
152,concrete emissions,material science
153,capacity building,community-centric
154,carbon price,taxation
155,transition to renewables,renewable energy
156,global warming,temperature-centric
157,electrify transport,electrification
158,2050 target,none
159,wind,renewable energy
160,reducing emissions,emission reduction
161,co2 emissions,emission reduction
162,carbon neutrality,renewable energy
163,wind power,renewable energy
164,active transport,clean transportation
165,carbon fee and dividend,taxation
166,global carbon budget,taxation
167,technological innovation,technology
168,solar,renewable energy
169,job creation,vulnerable population centric
170,community adaptation,community-centric
171,reduce co2,decarbonisation
172,transport electrification,electrification
173,electric buses,electrification
174,photosynthesis,material science
175,renewable energy mix,renewable energy
176,energy consumption,degrowth
177,renewable energy production,renewable energy
178,managed retreat,vulnerable population centric
179,low-carbon concrete,material science
180,reduce meat consumption,food-system
181,green roofs,urban planning
182,eliminate fossil fuels,reduce fossil-fuel
183,renewable resources,renewable energy
184,reduce vulnerability,risk-based approach
185,100% renewables,renewable energy
186,smart cities,urban planning
187,ecological footprint,individual action
188,biodiversity restoration,biodiversity
189,climate-smart agriculture,food-system
190,cap-and-trade,taxation
191,wetlands,nature management
192,permaculture,food-system
193,local production,decentralisation
194,phase out fossil fuel,reduce fossil-fuel
195,food sovereignty,food-system
196,decarbonize buildings,decarbonisation
197,ipcc 1.5°c,global collaboration
198,natural climate solutions,none
199,green electricity,renewable energy
200,urgent action,transition and transformation
201,preserve ecosystems,biodiversity
202,decarbonize energy,decarbonisation
203,methane reduction,emission reduction
204,fossil fuel emissions,reduce fossil-fuel
205,coastal adaptation,coast-protection and flood
206,rooftop solar,renewable energy
207,decarbonize economy,decarbonisation
208,use less energy,degrowth
209,trees,forest-centric
210,personal responsibility,individual action
211,greenhouse gas reductions,greenhouse
212,communication,none
213,biodiversity conservation,biodiversity
214,urban heat island,temperature-centric
215,plant-based diets,food-system
216,geo-engineering,technology
217,plant-based food,food-system
218,plant-based foods,food-system
219,smart buildings,urban planning
220,geothermal,technology
221,geothermal energy,technology
222,land-use planning,food-system
223,global carbon market,taxation
224,land use efficiency,food-system
225,land use planning,food-system
226,international collaboration,global collaboration
227,minimize waste,degrowth
228,social resilience,vulnerable population centric
229,urban trees,forest-centric
230,co2 storage,decarbonisation
231,soil health,nature management
232,participatory process,community-centric
233,invest in renewables,funding-adaptation
234,self-sufficiency,decentralisation
235,co2 sequestration,decarbonisation
236,cost-benefit,cost-benefit driven
237,co2 reduction,decarbonisation
238,population stabilization,degrowth
239,sequester carbon,decarbonisation
240,biochar,decarbonisation
241,concrete production,material science
242,renewable power,renewable energy
243,public transportation,clean transportation
244,relocation,vulnerable population centric
245,local communities,community-centric
246,wind turbines,renewable energy
247,regulatory framework,governance
248,distributed renewable energy,renewable energy
249,energy independence,renewable energy
250,resilient design,design
251,draw down co2,decarbonisation
252,net-zero carbon,net zero
253,insulation,material science
254,wetland restoration,nature management
255,resource consumption,degrowth
256,cement production,material science
257,waste heat recovery,recycling
258,public health,socio-political approaches
259,infrastructure,infrastructure
260,electric vehicle,electrification
261,technology innovation,technology
262,regeneration,food-system
263,renewable energies,renewable energy
264,wetland protection,nature management
265,economic growth,alternative economic system
266,increase resilience,risk-based approach
267,adaptation and mitigation,risk-based approach
268,wealth redistribution,taxation
269,switch to renewable energy,renewable energy
270,infrastructure planning,infrastructure
271,local food,food-system
272,water storage,water management
273,environmental justice,vulnerable population centric
274,renewable deployment,renewable energy
275,ecosystem-based adaptation,biodiversity
276,thermal mass,temperature-centric
277,install solar panels,renewable energy
278,efficiency,energy efficiency
279,energy efficient buildings,energy efficiency
280,resource allocation,alternative economic system
281,adapt,none
282,offset emissions,emission reduction
283,retrofit buildings,infrastructure
284,rising carbon price,taxation
285,integrated approach,none
286,zero waste,degrowth
287,flood protection,coast-protection and flood
288,reduce ecological footprint,individual action
289,agriculture,food-system
290,reduce fossil fuel use,reduce fossil-fuel
291,demand reduction,degrowth
292,reduce ghg emissions,greenhouse
293,end burning fossil fuels,reduce fossil-fuel
294,degrowth,degrowth
295,hydrogen,bio-fuel
296,sustainability,sustainability
297,sustainable agriculture,food-system
298,systems thinking,managerial practices
299,emission reductions,emission reduction
300,sustainable development goals,sustainability
301,material efficiency,material science
302,material substitution,none
303,net-zero,net zero
304,net negative emissions,renewable energy
305,affordable housing,vulnerable population centric
306,reduce energy consumption,degrowth
307,net zero 2050,net zero
308,building efficiency,infrastructure
309,groundwater recharge,water management
310,carbon reductions,decarbonisation
311,co-creation,knowledge-driven
312,co-benefits,vulnerable population centric
313,co2 absorption,decarbonisation
314,carbon reduction,decarbonisation
315,co2 capture,decarbonisation
316,systemic change,socio-political approaches
317,co2 tax,taxation
318,net-zero by 2050,net zero
319,carbon fee,taxation
320,net-zero emissions,net zero
321,solar radiation management,renewable energy
322,carbon farming,taxation
323,carbon neutral,renewable energy
324,green spaces,urban planning
325,system change,socio-political approaches
326,solar wind hydro,renewable energy
327,increasing resilience,risk-based approach
328,industrial emissions,industry-centric
329,grid storage,smart-grid
330,net zero emissions,renewable energy
331,clean electricity,renewable energy
332,sustainable energy,renewable energy
333,sustainable economic growth,sustainability
334,nuclear fission,nuclear
335,nuclear fusion,nuclear
336,partnerships,governance
337,sustainable construction,urban planning
338,climate finance,funding-adaptation
339,climate education,knowledge-driven
340,climate communication,none
341,stormwater management,water management
342,immediate action,transition and transformation
343,overconsumption,degrowth
344,ocean acidification,decarbonisation
345,climate adaptation,none
346,identify risks,risk-based approach
347,climate action,socio-political approaches
348,clean renewable energy,renewable energy
349,clean energy technologies,renewable energy
350,cement emissions,material science
351,climate resilient infrastructure,infrastructure
352,sustainable transportation,clean transportation
353,carbon tax and dividend,taxation
354,carbon taxes,taxation
355,stabilize temperature,temperature-centric
356,stakeholder engagement,knowledge-driven
357,sustainable society,sustainability
358,carbon-free electricity,renewable energy
359,standard of living,decentralisation
360,carbon-free energy,renewable energy
361,clean air,decarbonisation
362,sustainable lifestyle,sustainability
363,sustainable land use,food-system
364,carbon-neutral cement,material science
365,heat waves,temperature-centric
366,heatwaves,temperature-centric
367,sustainable growth,sustainability
368,improve resilience,risk-based approach
369,carrying capacity,community-centric
370,climate scenarios,climate models
371,sustainable materials,material science
372,population control,degrowth
373,coastal resilience,coast-protection and flood
374,early warning systems,climate models
375,resilience building,infrastructure
376,divest fossil fuels,reduce fossil-fuel
377,replant trees,forest-centric
378,drought,water management
379,equitable development,vulnerable population centric
380,equitable adaptation,vulnerable population centric
381,durable materials,material science
382,rapid decarbonization,decarbonisation
383,collaboration,global collaboration
384,renewable subsidies,taxation
385,enhanced weathering,technology
386,renewable investment,funding-adaptation
387,european green deal,governance
388,resilient community,community-centric
389,fewer children,degrowth
390,restore biosphere,biodiversity
391,public acceptance,socio-political approaches
392,resource sharing,vulnerable population centric
393,resource scarcity,degrowth
394,public persuasion,socio-political approaches
395,resource access,vulnerable population centric
396,disaster risk reduction,risk-based approach
397,public spaces,urban planning
398,resilient construction,infrastructure
399,reduce deforestation,forest-centric
400,reforest,forest-centric
401,electrify economy,electrification
402,electrify vehicles,electrification
403,reduced consumption,degrowth
404,reduce waste,degrowth
405,reduce fossil fuel consumption,reduce fossil-fuel
406,reduce fossil fuels,reduce fossil-fuel
407,embodied carbon,individual action
408,empowerment,community-centric
409,reduce greenhouse emissions,greenhouse
410,reduce greenhouse gas emissions,greenhouse
411,reduce overconsumption,degrowth
412,emissions trading,emission reduction
413,regenerate soils,nature management
414,renewable energy transition,renewable energy
415,regenerative food production,food-system
416,renewable energy investment,funding-adaptation
417,economic opportunity,cost-benefit driven
418,renewable energy generation,renewable energy
419,renewable energy economy,renewable energy
420,recycled materials,recycling
421,economic transformation,alternative economic system
422,energy transformation,renewable energy
423,education,knowledge-driven
424,remove atmospheric co2,decarbonisation
425,energy reduction,emission reduction
426,reduce atmospheric co2,decarbonisation
427,reduce co2 emissions,emission reduction
428,energy emissions,emission reduction
429,electric heat pumps,electrification
430,regenerative practices,food-system
431,retrofitting,infrastructure
432,concentrated solar power,renewable energy
433,plant more trees,forest-centric
434,global scale,global collaboration
435,social equity,vulnerable population centric
436,social cost,vulnerable population centric
437,global governance,governance
438,global economy,global collaboration
439,smart city,urban planning
440,global cooperation,global collaboration
441,global carbon tax,taxation
442,global carbon price,taxation
443,conservation measures,nature management
444,conserve energy,degrowth
445,conserve water,water management
446,policy implementation,governance
447,ghg reduction,greenhouse
448,policy integration,governance
449,plant a trillion trees,forest-centric
450,composting toilets,recycling
451,composting,recycling
452,green jobs,sustainability
453,green investments,funding-adaptation
454,green energy,renewable energy
455,green economy,alternative economic system
456,soil restoration,nature management
457,green concrete,infrastructure
458,green building,urban planning
459,community engagement,community-centric
460,soil conservation,nature management
461,community gardens,food-system
462,soil carbon sequestration,decarbonisation
463,government action,socio-political approaches
464,policy solutions,governance
465,preparedness,risk-based approach
466,forest preservation,forest-centric
467,forest conservation,forest-centric
468,decarbonisation,decarbonisation
469,decarbonize,decarbonisation
470,decarbonize electricity,decarbonisation
471,decarbonize power sector,decarbonisation
472,decarbonize society,decarbonisation
473,fly ash,material science
474,floods,coast-protection and flood
475,rising sea levels,coast-protection and flood
476,decentralized renewable energy,smart-grid
477,rewilding,biodiversity
478,progressive carbon tax,taxation
479,reuse infrastructure,infrastructure
480,deforestation,forest-centric
481,forests,forest-centric
482,consumption reduction,individual action
483,fossil fuel dependence,reduce fossil-fuel
484,shared responsibility,vulnerable population centric
485,sequestration,decarbonisation
486,carbon capture technologies,decarbonisation
487,portland cement,material science
488,self-reliance,decentralisation
489,critical infrastructure,infrastructure
490,sea walls,coast-protection and flood
491,sea level rise,coast-protection and flood
492,practical steps,none
493,science-based knowledge,knowledge-driven
494,cut carbon emissions,decarbonisation
495,cut greenhouse gas emissions,greenhouse
496,industrial symbiosis,recycling
497,emissions pricing,emission reduction
498,urban mobility,urban planning
499,urban agriculture,food-system
500,life cycle analysis,managerial practices
501,veganism,food-system
502,wind energy,renewable energy
503,natural materials,material science
504,local solutions,community-centric
505,natural infrastructure,infrastructure
506,wildfires,extreme events
507,act locally,decentralisation
508,weatherization,technology
509,mobilize resources,funding-adaptation
510,knowledge sharing,knowledge-driven
511,local resilience,decentralisation
512,universal basic income,vulnerable population centric
513,land restoration,nature management
514,building envelope,urban planning
515,urban farms,food-system
516,urban farming,food-system
517,buildings,urban planning
518,lower carbon footprint,individual action
519,alternative fuels,bio-fuel
520,building sustainability,urban planning
521,abandon fossil fuels,reduce fossil-fuel
522,women empowerment,community-centric
523,atmospheric co2,decarbonisation
524,building retrofits,infrastructure
525,alternative energy,renewable energy
526,urban cooling,temperature-centric
527,building insulation,material science
528,local materials,decentralisation
529,keep fossil fuels underground,reduce fossil-fuel
530,transportation emissions,emission reduction
531,vulnerability,risk-based approach
532,water scarcity,water management
533,vulnerability assessment,risk-based approach
534,tree-planting,forest-centric
535,biomass,bio-fuel
536,vulnerability reduction,risk-based approach
537,vulnerable countries,vulnerable population centric
538,biofuels,bio-fuel
539,natural carbon sinks,decarbonisation
540,invest in resilience,funding-adaptation
541,local authorities,community-centric
542,waste management,recycling
543,biodiversity loss,biodiversity
544,water conservation,water management
545,water availability,water management
546,battery storage,electrification
547,triple bottom line,managerial practices
548,vulnerabilities,risk-based approach
549,biosequestration,decarbonisation
550,local food production,food-system
551,bottom-up,community-centric
552,adaptation efforts,none
553,limit population growth,degrowth
554,blue-green infrastructure,infrastructure
555,agriculture adaptation,food-system
556,local energy production,smart-grid
557,native plants,biodiversity
558,adaptation investment,funding-adaptation
559,limit warming 1.5°c,temperature-centric
560,local ecosystems,biodiversity
561,adaptation measures,governance
562,adaptation mitigation,risk-based approach
563,local economy,decentralisation
564,water security,water management
565,local action,decentralisation
566,urban greening,urban planning
567,nature-based infrastructure,infrastructure
568,350 ppm,emission reduction
569,2030 target,none
570,low-carbon society,energy efficiency
571,carbon budget,taxation
572,low carbon energy,energy efficiency
573,leed certification,urban planning
574,leave fossil fuels,reduce fossil-fuel
575,zero emissions,net zero
576,low-carbon mobility,energy efficiency
577,low-carbon technologies,energy efficiency
578,low carbon technology,energy efficiency
579,calcium carbonate,material science
580,urban heat,temperature-centric
581,leadership,socio-political approaches
582,negative emission technologies,emission reduction
583,low-carbon development,energy efficiency
584,100% renewable,renewable energy
585,1.5 degrees,temperature-centric
586,large-scale solar,renewable energy
587,capture co2,decarbonisation
588,infrastructure investment,funding-adaptation
589,protect lives,human-nature equilibrium
590,protect wetlands,nature management
591,protect rainforests,forest-centric
592,protect resources,degrowth
593,protect tropical forests,forest-centric
594,protect nature,human-nature equilibrium
595,protect trees,forest-centric
596,projected impacts,risk-based approach
597,protect forests,forest-centric
598,massive decarbonization,decarbonisation
599,poverty,vulnerable population centric
600,public engagement,socio-political approaches
601,public infrastructure,infrastructure
602,public policy,governance
603,mass reforestation,forest-centric
604,public ownership,socio-political approaches
605,mass tree planting,forest-centric
606,public perception,socio-political approaches
607,minimal waste,degrowth
608,public and private investment,funding-adaptation
609,project implementation,none
610,mental health,human-nature equilibrium
611,methane emissions,emission reduction
612,pricing mechanisms,taxation
613,prepare,risk-based approach
614,prepare for consequences,risk-based approach
615,preserve forests,forest-centric
616,preserve natural ecosystems,biodiversity
617,prepare now,risk-based approach
618,preserve natural habitats,biodiversity
619,prepare for loss,risk-based approach
620,prepare for worst,risk-based approach
621,prevent catastrophic change,risk-based approach
622,measure progress,managerial practices
623,progressive taxation,taxation
624,mineral carbonation,material science
625,profitability,cost-benefit driven
626,prioritize vulnerable populations,vulnerable population centric
627,mindset change,individual action
628,proactive planning,managerial practices
629,proactive action,managerial practices
630,reduce building energy,energy efficiency
631,lower greenhouse gases,greenhouse
632,lower carbon emissions,decarbonisation
633,lower emissions,emission reduction
634,reduce consumerism,degrowth
635,reduce concrete use,degrowth
636,lower energy consumption,degrowth
637,low-hanging fruit,none
638,maladaptation,risk-based approach
639,recycling reuse,recycling
640,recycling,recycling
641,reduce animal products,food-system
642,reduce animal agriculture,food-system
643,reduce,degrowth
644,redistribute revenue,taxation
645,reduce ghg,greenhouse
646,reduce fossil fuel extraction,reduce fossil-fuel
647,low-carbon lifestyle,energy efficiency
648,low-carbon lifestyles,energy efficiency
649,reduce fossil fuel,reduce fossil-fuel
650,reduce food waste,recycling
651,low-carbon cement,material science
652,reduce industrial emissions,industry-centric
653,reduce impact,risk-based approach
654,low-carbon diet,energy efficiency
655,low-carbon energy sources,energy efficiency
656,low-carbon energy systems,energy efficiency
657,reduce greenhouse gas,greenhouse
658,low-carbon fuels,energy efficiency
659,reduce food demand,degrowth
660,reduce embodied carbon,infrastructure
661,low-emission technologies,energy efficiency
662,low-carbon transportation,energy efficiency
663,reduce erosion,nature management
664,low-carbon prefabrication,energy efficiency
665,low-carbon transport,energy efficiency
666,low-carbon transition,energy efficiency
667,manage climate risk,risk-based approach
668,rain gardens,water management
669,radical change,transition and transformation
670,market incentives,taxation
671,raise buildings,urban planning
672,r&d investment,technology
673,market-based incentives,taxation
674,public transport investment,funding-adaptation
675,public support,socio-political approaches
676,public-private partnerships,industry-centric
677,pumped hydro,renewable energy
678,manage risks,risk-based approach
679,recovery,infrastructure
680,recycled concrete,recycling
681,manage impacts,risk-based approach
682,mangrove reforestation,forest-centric
683,rapid renewable transition,renewable energy
684,rapid electrification,electrification
685,rapid deployment,none
686,marine protection,biodiversity
687,mangrove restoration,forest-centric
688,natural disasters,extreme events
689,natural ecosystems,renewable energy
690,natural capitalism,alternative economic system
691,overpopulation,degrowth
692,on-site renewable energy,renewable energy
693,optimism,none
694,natural building materials,material science
695,pay farmers,food-system
696,national climate services,none
697,peatland restoration,nature management
698,peak emissions,emission reduction
699,paradigm shift,degrowth
700,participatory framework,community-centric
701,paris agreement targets,global collaboration
702,paris agreement goals,global collaboration
703,passive solar heating,renewable energy
704,passive solar,renewable energy
705,passive house,renewable energy
706,passive cooling,renewable energy
707,off-grid solar,renewable energy
708,nbs,decarbonisation
709,new builds,urban planning
710,near-zero emissions,net zero
711,network of cities,urban planning
712,net-zero transition,net zero
713,net-zero mid-century,net zero
714,nature-based sequestration,decarbonisation
715,net zero pathway,net zero
716,net zero energy,net zero
717,net zero co2,net zero
718,net zero buildings,net zero
719,net negative,net zero
720,net-zero economy,net zero
721,net-zero by 2030,net zero
722,net-zero 2050,net zero
723,negative emissions technologies,emission reduction
724,nature-based cities,urban planning
725,no growth,degrowth
726,nuclear reactors,nuclear
727,natural resources,human-nature equilibrium
728,natural solutions,none
729,off-grid living,degrowth
730,natural processes,human-nature equilibrium
731,natural resilience,human-nature equilibrium
732,nuclear,nuclear
733,natural water cycle,water management
734,nature restoration,biodiversity
735,no-till farming,food-system
736,nature,human-nature equilibrium
737,policy changes,governance
738,mitigation efforts,risk-based approach
739,policy change,governance
740,mitigation costs,risk-based approach
741,mitigation and adaptation,risk-based approach
742,policy frameworks,governance
743,plant roots,forest-centric
744,mobility,urban planning
745,plant-based agriculture,food-system
746,plant-based,food-system
747,minimize impacts,risk-based approach
748,population decline,degrowth
749,minimize risks,risk-based approach
750,porous concrete,material science
751,policy support,governance
752,portland cement reduction,material science
753,mitigate climate change,temperature-centric
754,mitigate impacts,risk-based approach
755,political action,socio-political approaches
756,polluter pays,taxation
757,political pressure,socio-political approaches
758,mining impacts,risk-based approach
759,political transformation,socio-political approaches
760,personal carbon footprint,individual action
761,multi-stakeholder collaboration,knowledge-driven
762,permeable surfaces,material science
763,permeable pavements,material science
764,perennial systems,none
765,per capita energy,degrowth
766,multiple solutions,none
767,permeable materials,material science
768,permanent sequestration,decarbonisation
769,multilevel governance,governance
770,permafrost,temperature-centric
771,planned relocation,vulnerable population centric
772,planetary health,none
773,planet health,none
774,phase out natural gas,reduce fossil-fuel
775,phase out fossil infrastructure,reduce fossil-fuel
776,phase out fossil fuel subsidies,reduce fossil-fuel
777,phase out emissions,reduce fossil-fuel
778,phase out combustion,reduce fossil-fuel
779,phase-out fossil fuel subsidies,reduce fossil-fuel
780,take action,none
781,systems-based approach,managerial practices
782,systems approach,managerial practices
783,systemic transformation,transition and transformation
784,systemic reform,socio-political approaches
785,sustainable housing,urban planning
786,system transformation,transition and transformation
787,sustainable productivity,sustainability
788,sustainable production,sustainability
789,sustainable practices,sustainability
790,sustainable planning,sustainability
791,sustainable livelihoods,decentralisation
792,sustainable lifestyles,sustainability
793,sustainable life,sustainability
794,sustainable land-use,food-system
795,sustainable investments,funding-adaptation
796,sustainable industries,sustainability
797,sustainable solutions,sustainability
798,sustainable urban planning,urban planning
799,sustainable transport,clean transportation
800,sustainable transformation,sustainability
801,technological advancements,technology
802,tipping points,none
803,tidal power,human-nature equilibrium
804,thought leaders,socio-political approaches
805,technology transfer,technology
806,technology solutions,technology
807,technology optimism,technology
808,technology investment,funding-adaptation
809,technology development,technology
810,technology adoption,technology
811,technology,technology
812,technological solutions,technology
813,temperature increase,temperature-centric
814,thick concrete walls,urban planning
815,thermal storage,material science
816,temperature rise,temperature-centric
817,transformational changes,transition and transformation
818,stop fossil fuels,reduce fossil-fuel
819,stop emissions,emission reduction
820,stop eating meat,food-system
821,store underground,urban planning
822,store carbon,decarbonisation
823,stop deforestation,forest-centric
824,stop co2 emissions,decarbonisation
825,stakeholder input,knowledge-driven
826,stabilize climate,managerial practices
827,steel reinforced concrete,material science
828,strengthen resilience,risk-based approach
829,sustainable behavior,sustainability
830,sustainability tools,sustainability
831,sustainable funding,funding-adaptation
832,sustainable forest management,forest-centric
833,sustainable food production,food-system
834,sustainable energy development,sustainability
835,sustainable design,design
836,structural resilience,infrastructure
837,structural change,socio-political approaches
838,support developing countries,vulnerable population centric
839,support policies,governance
840,water systems,water management
841,water retention,water management
842,water recycling,water management
843,water quality,water management
844,water management,water management
845,water infrastructure,water management
846,water efficiency,water management
847,water control,water management
848,water collection,water management
849,weather forecasting,climate models
850,waste-to-energy,recycling
851,vertical forests,forest-centric
852,waste reduction,recycling
853,waste recycling,recycling
854,waste minimization,degrowth
855,waste materials,recycling
856,vulnerable populations,vulnerable population centric
857,vulnerable communities,vulnerable population centric
858,zero ghg emissions,greenhouse
859,zero carbon transport,net zero
860,zero carbon technologies,net zero
861,zero carbon energy,net zero
862,zero carbon,net zero
863,zero net carbon,net zero
864,zero-waste economy,degrowth
865,zero-emission buildings,infrastructure
866,zero-carbon society,decarbonisation
867,zero-carbon economy,alternative economic system
868,widespread electrification,electrification
869,wicked problem,none
870,wetland reclamation,nature management
871,wind farms,renewable energy
872,worldwide carbon tax,taxation
873,wind solar hydro,renewable energy
874,ultra-high performance concrete,material science
875,unintended consequences,risk-based approach
876,underground co2 storage,decarbonisation
877,underground cities,urban planning
878,transition from fossil fuels,reduce fossil-fuel
879,transition away fossil fuels,reduce fossil-fuel
880,transformative adaptation,transition and transformation
881,transportation infrastructure,infrastructure
882,transportation decarbonization,decarbonisation
883,transportation,clean transportation
884,transport emissions,emission reduction
885,transport efficiency,clean transportation
886,urbanization,urban planning
887,urban transport,clean transportation
888,urban transformation,urban planning
889,vegetable garden,food-system
890,urban reforestation,forest-centric
891,urban concentration,urban planning
892,urban carbon sinks,decarbonisation
893,urban adaptation,urban planning
894,upgrade infrastructure,infrastructure
895,urban infrastructure,infrastructure
896,urban design,urban planning
897,urban gardens,food-system
898,resilient societies,socio-political approaches
899,resilient agriculture,food-system
900,resource-efficient lifestyles,sustainability
901,resource use,managerial practices
902,resource management,managerial practices
903,resilience-building,urban planning
904,replace fossil infrastructure,reduce fossil-fuel
905,replace coal plants,reduce fossil-fuel
906,resilience planning,risk-based approach
907,resilience measures,risk-based approach
908,resilience culture,socio-political approaches
909,research and development,technology
910,research,knowledge-driven
911,reuse and recycle,recycling
912,reuse,recycling
913,risk awareness,risk-based approach
914,risk communication,risk-based approach
915,risk assessment,risk-based approach
916,rising temperatures,temperature-centric
917,restore natural ecosystems,biodiversity
918,restore mangroves,forest-centric
919,restore forests,forest-centric
920,restoring ecosystems,biodiversity
921,retrofitting buildings,infrastructure
922,sponge cities,urban planning
923,regenerative circular economy,circular-economy
924,reforesting,forest-centric
925,reflect solar radiation,renewable energy
926,regenerative development,food-system
927,regulatory measures,governance
928,regulatory change,governance
929,regional impacts,community-centric
930,regional adaptation,decentralisation
931,regenerative technologies,food-system
932,reducing vulnerability,risk-based approach
933,reducing consumption,degrowth
934,reducing carbon emissions,decarbonisation
935,reduce pollution,emission reduction
936,reduce per capita energy,degrowth
937,reduce negative impacts,risk-based approach
938,reduce methane emissions,emission reduction
939,reduce production consumption,degrowth
940,reduced emissions,emission reduction
941,reduce water usage,water management
942,reduce reuse recycle,recycling
943,relocate from flood zones,coast-protection and flood
944,renewable integration,renewable energy
945,renewable infrastructure,renewable energy
946,renewable heating,renewable energy
947,renewable generation,renewable energy
948,renewable energy systems,renewable energy
949,renewable energy storage,renewable energy
950,renewable systems,renewable energy
951,renewables transition,renewable energy
952,renewable technologies,renewable energy
953,renewable energy scaling,renewable energy
954,remove subsidies,reduce fossil-fuel
955,remove fossil fuel subsidies,reduce fossil-fuel
956,remove excess co2,decarbonisation
957,remove carbon dioxide,decarbonisation
958,renewable energy policies,renewable energy
959,renewable energy integration,renewable energy
960,renewable conversion,renewable energy
961,renewable energy adoption,renewable energy
962,social solutions,socio-political approaches
963,social safety net,vulnerable population centric
964,social learning,knowledge-driven
965,social justice,vulnerable population centric
966,social inequality,vulnerable population centric
967,social impact,socio-political approaches
968,social structures,socio-political approaches
969,social transformation,socio-political approaches
970,societal transformation,socio-political approaches
971,societal planning,managerial practices
972,social cost of carbon,taxation
973,small island nations,nature management
974,slow consumption,degrowth
975,slash greenhouse gas emissions,greenhouse
976,slash emissions,emission reduction
977,social cohesion,socio-political approaches
978,smooth transition,transition and transformation
979,smart water management,water management
980,smart materials,material science
981,smart grids,smart-grid
982,smart grid,smart-grid
983,smart design,design
984,solar photovoltaics,renewable energy
985,solar thermal,renewable energy
986,solar radiation,renewable energy
987,spatial planning,urban planning
988,soil stabilization,nature management
989,soil sequestration,decarbonisation
990,soil regeneration,nature management
991,soil organic matter,nature management
992,soil management,nature management
993,soil fertility,nature management
994,soil erosion reduction,nature management
995,soil degradation,nature management
996,soil carbon storage,nature management
997,solar and wind expansion,renewable energy
998,solar and wind infrastructure,renewable energy
999,solar electricity,renewable energy
1000,site selection,none
1001,scale up technologies,none
1002,scale up renewable energy,renewable energy
1003,scale up,none
1004,scale renewable energy,renewable energy
1005,scale construction,none
1006,scalable solution,none
1007,sdg alignment,global collaboration
1008,scientific consensus,knowledge-driven
1009,scalability,none
1010,road map,managerial practices
1011,rural electrification,electrification
1012,rural planning,decentralisation
1013,sanctions,socio-political approaches
1014,rural resettlement,decentralisation
1015,sea level adaptation,coast-protection and flood
1016,simplify life,degrowth
1017,sequesters carbon,decarbonisation
1018,share resources,community-centric
1019,silvopasture,forest-centric
1020,short-term adaptation,transition and transformation
1021,self-reliant communities,decentralisation
1022,sectoral policies,governance
1023,seawalls,coast-protection and flood
1024,sea-level rise,coast-protection and flood
1025,self-sufficient,decentralisation
1026,self-sufficient food,decentralisation
1027,sequester emissions,decarbonisation
1028,sequester co2,decarbonisation
1029,sequester carbon dioxide,decarbonisation
1030,concrete solution,none
1031,concrete recycling,recycling
1032,concrete pathway,none
1033,concrete infrastructure,infrastructure
1034,concrete housing,material science
1035,concrete solutions,none
1036,concrete steps,none
1037,concrete surfaces,material science
1038,connection to nature,human-nature equilibrium
1039,concrete curing,material science
1040,community-led resilience,community-centric
1041,community-driven,community-centric
1042,community support,community-centric
1043,community solar,renewable energy
1044,concrete composition,material science
1045,concrete actions,none
1046,concrete,none
1047,compressive strength,material science
1048,comprehensive plan,managerial practices
1049,complex problem,none
1050,complete decarbonization,decarbonisation
1051,conserve resources,nature management
1052,cop21,global collaboration
1053,coordination,none
1054,cooperation,global collaboration
1055,cool roofs,urban planning
1056,cool cities,urban planning
1057,cost-efficient,cost-benefit driven
1058,cost-effective sequestration,decarbonisation
1059,cost-competitive renewables,renewable energy
1060,cost parity,cost-benefit driven
1061,cost competitiveness,cost-benefit driven
1062,construction waste reuse,recycling
1063,construction sector,urban planning
1064,construction materials,material science
1065,construction material,material science
1066,construction emissions,infrastructure
1067,continuous process,none
1068,consumption patterns,individual action
1069,climate-proof cities,urban planning
1070,climate-informed policy,governance
1071,climate-friendly policies,governance
1072,climate-friendly buildings,infrastructure
1073,climate-resilient development,none
1074,climate-resilient design,design
1075,climate-resilient crops,food-system
1076,climate-resilient cities,urban planning
1077,climate-resilient,none
1078,climate transition,none
1079,climate models,climate models
1080,climate mobilization,socio-political approaches
1081,climate literacy,knowledge-driven
1082,climate information,knowledge-driven
1083,climate governance,governance
1084,climate neutrality,emission reduction
1085,climate science education,knowledge-driven
1086,climate risks,risk-based approach
1087,climate risk insurance,cost-benefit driven
1088,climate refugees,vulnerable population centric
1089,climate proofing,none
1090,climate policy framework,governance
1091,climate policies,governance
1092,commercial deployment,industry-centric
1093,community energy,community-centric
1094,community empowerment,community-centric
1095,community decision-making,community-centric
1096,community connection,community-centric
1097,community building,community-centric
1098,commitment,none
1099,co2 removal technologies,decarbonisation
1100,co2 recycling,decarbonisation
1101,co2 mineralization,material science
1102,co2 concentration,decarbonisation
1103,co2 capture and storage,decarbonisation
1104,co2 transformation,decarbonisation
1105,coastal management,coast-protection and flood
1106,coastal communities,community-centric
1107,disaster-resilient infrastructure,urban planning
1108,disaster preparedness,risk-based approach
1109,direct air extraction,decarbonisation
1110,dikes,infrastructure
1111,digitalization,technology
1112,distributed power,electrification
1113,distributed generation,electrification
1114,digital technologies,technology
1115,desertification,water management
1116,desalination,water management
1117,deploy technology,technology
1118,deploy solar panels,renewable energy
1119,deploy renewable energy,renewable energy
1120,deploy existing technologies,technology
1121,deploy clean technologies,technology
1122,dietary emissions,food-system
1123,developing world,vulnerable population centric
1124,developing nations,vulnerable population centric
1125,developed countries,vulnerable population centric
1126,eat less red meat,food-system
1127,early action,none
1128,e-mobility,electrification
1129,dynamic systems,managerial practices
1130,durable structures,sustainability
1131,ecological restoration,biodiversity
1132,ecological farming,food-system
1133,eco-villages,sustainability
1134,do more with less,individual action
1135,diversified food systems,food-system
1136,diverse stakeholders,knowledge-driven
1137,durability,sustainability
1138,drastic cuts,degrowth
1139,droughts,water management
1140,drought risk,water management
1141,drought resistance,water management
1142,drawdown,none
1143,drastically reducing emissions,emission reduction
1144,drastically reduce emissions,emission reduction
1145,dams,water management
1146,dac,decarbonisation
1147,cutting emissions,emission reduction
1148,decarbonize by 2050,emission reduction
1149,decarbonise energy,decarbonisation
1150,decarbonise economy,decarbonisation
1151,crop diversification,decentralisation
1152,critical minerals,material science
1153,csp,decarbonisation
1154,cut fossil fuels,reduce fossil-fuel
1155,cut emissions to zero,emission reduction
1156,cut emissions 50%,emission reduction
1157,culture change,individual action
1158,cultural change,socio-political approaches
1159,deep decarbonisation,decarbonisation
1160,decrease meat consumption,food-system
1161,democratize energy,community-centric
1162,decarbonized infrastructure,decarbonisation
1163,decarbonize transportation,decarbonisation
1164,decarbonize transport,decarbonisation
1165,decarbonize industrial processes,decarbonisation
1166,decarbonize everything,decarbonisation
1167,decarbonize energy sector,decarbonisation
1168,decentralized solutions,decentralisation
1169,decentralized renewables,smart-grid
1170,decentralized infrastructure,decentralisation
1171,decentralize energy,smart-grid
1172,decentralised energy,smart-grid
1173,climate emergency,none
1174,anthropocene adaptation,human-nature equilibrium
1175,alternative protein,food-system
1176,artificial photosynthesis,material science
1177,arable land,food-system
1178,ai,decarbonisation
1179,agroecology,food-system
1180,agriculture emissions,food-system
1181,agricultural intensification,food-system
1182,all-electric transport,electrification
1183,air quality,decarbonisation
1184,basalt mineralization,material science
1185,balance carbon cycle,decarbonisation
1186,basic needs,none
1187,behavioral changes,individual action
1188,beccs,decarbonisation
1189,batteries,electrification
1190,asset management,industry-centric
1191,accelerate decarbonization,decarbonisation
1192,50% emissions reduction,emission reduction
1193,accelerate renewables,renewable energy
1194,100% renewable electricity,renewable energy
1195,100 percent renewables,renewable energy
1196,100 percent renewable,renewable energy
1197,1.5°c limit,temperature-centric
1198,1.5°c goal,temperature-centric
1199,1.5°c,temperature-centric
1200,1.5 degrees target,temperature-centric
1201,350 ppm target,none
1202,address root causes,none
1203,address population growth,degrowth
1204,adaptive pathways,none
1205,adaptive measures,none
1206,adaptive management,managerial practices
1207,adaptive learning,none
1208,adaptive infrastructure,infrastructure
1209,adaptive governance,governance
1210,adaptation vs mitigation,risk-based approach
1211,advanced insulation,material science
1212,adapt to impacts,risk-based approach
1213,adapt cities,urban planning
1214,activism,socio-political approaches
1215,adaptation strategies,managerial practices
1216,adaptation policy,governance
1217,adaptation planning,managerial practices
1218,adaptation pathways,managerial practices
1219,adaptation knowledge,knowledge-driven
1220,adaptation funding,funding-adaptation
1221,adaptation focus,none
1222,carbon-sequestering,decarbonisation
1223,carbon-neutral by 2050,emission reduction
1224,carbon-negative materials,renewable energy
1225,carbon-negative economy,renewable energy
1226,carbon-negative cement,material science
1227,carbon-free infrastructure,renewable energy
1228,change consumption,individual action
1229,cement-free concrete,material science
1230,cement manufacturing,material science
1231,ccsu,decarbonisation
1232,carbon offsetting,decarbonisation
1233,carbon offset,decarbonisation
1234,carbon neutrality 2050,renewable energy
1235,carbon neutral energy,renewable energy
1236,carbon neutral concrete,material science
1237,carbon neutral buildings,renewable energy
1238,carbon negative concrete,material science
1239,carbon removal technologies,decarbonisation
1240,carbon removals,decarbonisation
1241,carbon utilization,decarbonisation
1242,carbon trading,taxation
1243,carbon taxation,taxation
1244,carbon sink,decarbonisation
1245,carbon markets,taxation
1246,clean technology,renewable energy
1247,clean technologies,technology
1248,clean energy transition,renewable energy
1249,clean energy production,renewable energy
1250,clean energy investment,funding-adaptation
1251,cheap renewable energy,renewable energy
1252,cheap energy,renewable energy
1253,cheap electricity,electrification
1254,charging infrastructure,electrification
1255,circular concrete,material science
1256,city climate plans,urban planning
1257,citizen dividend,taxation
1258,circularity,circular-economy
1259,carbon negative,renewable energy
1260,carbon market,taxation
1261,black carbon,decarbonisation
1262,building growth,urban planning
1263,building energy efficiency,energy efficiency
1264,building emissions,infrastructure
1265,building electrification,electrification
1266,build soil,nature management
1267,bikeways,clean transportation
1268,better insulation,material science
1269,benefit people,vulnerable population centric
1270,biomimicry,material science
1271,biogas,bio-fuel
1272,biodiversity preservation,biodiversity
1273,biodiversity,biodiversity
1274,carbon lock-in,decarbonisation
1275,carbon capture utilization storage,decarbonisation
1276,carbon capture technology,decarbonisation
1277,carbon capture infrastructure,decarbonisation
1278,carbon absorption,decarbonisation
1279,capture emissions,emission reduction
1280,capture and store co2,decarbonisation
1281,carbon capture utilization,decarbonisation
1282,carbon drawdown,decarbonisation
1283,carbon dividend,taxation
1284,carbon dioxide emissions,emission reduction
1285,carbon dioxide absorption,decarbonisation
1286,carbon dioxide,emission reduction
1287,carbon credits,taxation
1288,capacity-building,community-centric
1289,building regulation,urban planning
1290,buildings sector,urban planning
1291,buildings electrification,electrification
1292,building-integrated photovoltaics,renewable energy
1293,building sector,urban planning
1294,building retrofitting,infrastructure
1295,building retrofit,urban planning
1296,cap emissions,emission reduction
1297,by 2050,emission reduction
1298,burning fossil fuels,reduce fossil-fuel
1299,implementation challenges,none
1300,improve energy efficiency,energy efficiency
1301,improve efficiency,energy efficiency
1302,improve building efficiency,energy efficiency
1303,governments,State-led
1304,implement policies,governance
1305,increase carbon sinks,decarbonisation
1306,iea report,global collaboration
1307,hurricanes,extreme events
1308,human wellbeing,human-nature equilibrium
1309,human rights,vulnerable population centric
1310,hydropower,renewable energy
1311,hydrogen storage,bio-fuel
1312,hydrogen production,bio-fuel
1313,increase efficiency,energy efficiency
1314,increase energy efficiency,energy efficiency
1315,infrastructure development,infrastructure
1316,infrastructure adaptation,infrastructure
1317,infrastructure improvement,infrastructure
1318,infrastructure management,infrastructure
1319,incremental steps,transition and transformation
1320,increasing energy efficiency,energy efficiency
1321,increase renewable production,renewable energy
1322,indigenous practices,knowledge-driven
1323,industrial by-products,recycling
1324,individual resilience,individual action
1325,individual behavior,individual action
1326,individual actions,individual action
1327,grey infrastructure,infrastructure
1328,greenhouse gas reduction,greenhouse
1329,greenhouse effect,greenhouse
1330,green urban spaces,urban planning
1331,green technologies,technology
1332,grid parity,smart-grid
1333,habitat protection,biodiversity
1334,grow your own food,food-system
1335,green deal,governance
1336,green cities,infrastructure
1337,green buildings,urban planning
1338,green building materials,material science
1339,green agriculture,infrastructure
1340,gradual transition,transition and transformation
1341,green corridors,urban planning
1342,green roof,urban planning
1343,green recovery,none
1344,green hydrogen production,bio-fuel
1345,holistic approach,managerial practices
1346,hold polluters accountable,governance
1347,historical emissions,emission reduction
1348,higher ground,vulnerable population centric
1349,human development,human-nature equilibrium
1350,heat resilience,none
1351,heat island,temperature-centric
1352,high voltage transmission,electrification
1353,high performance concrete,material science
1354,hempcrete,material science
1355,local actors,decentralisation
1356,livestock emissions,food-system
1357,local agriculture,food-system
1358,local consumption,individual action
1359,local community,decentralisation
1360,local circular economy,circular-economy
1361,local capacities,community-centric
1362,local food systems,food-system
1363,lifestyle changes,individual action
1364,life cycle sustainability,sustainability
1365,legally binding agreement,governance
1366,legally binding,governance
1367,limit warming,temperature-centric
1368,limit vulnerability,risk-based approach
1369,limit consumption,degrowth
1370,limit carbon emissions,decarbonisation
1371,long-term sustainability,sustainability
1372,long-term sequestration,decarbonisation
1373,long-term measures,managerial practices
1374,long-term goals,managerial practices
1375,long term sustainability,sustainability
1376,low cost,cost-benefit driven
1377,low carbon transition,energy efficiency
1378,low carbon concrete,material science
1379,local partnerships,governance
1380,local ownership,community-centric
1381,local knowledge,decentralisation
1382,international treaty,global collaboration
1383,international policy,global collaboration
1384,international effort,global collaboration
1385,international cooperation,global collaboration
1386,international aid,global collaboration
1387,internalize externalities,none
1388,invest in research,industry-centric
1389,invest in concrete,funding-adaptation
1390,invest in clean energy,funding-adaptation
1391,international agreement,global collaboration
1392,internalize costs,cost-benefit driven
1393,ipcc pathways,global collaboration
1394,integrate adaptation,none
1395,insulate buildings,material science
1396,integrated infrastructure,infrastructure
1397,integrated planning,managerial practices
1398,intergenerational impact,risk-based approach
1399,intercropping,food-system
1400,interconnectedness,knowledge-driven
1401,integrated water management,water management
1402,integrated systems,managerial practices
1403,ipcc guidance,global collaboration
1404,large-scale co2 removal,decarbonisation
1405,land use change,food-system
1406,land use,food-system
1407,laws and regulations,governance
1408,large-scale sequestration,decarbonisation
1409,large-scale reforestation,forest-centric
1410,land management,food-system
1411,ipcc recommendations,global collaboration
1412,just energy transition,renewable energy
1413,job growth,vulnerable population centric
1414,iterative plan,transition and transformation
1415,iterative learning,knowledge-driven
1416,land conservation,food-system
1417,keep fossil fuels,reduce fossil-fuel
1418,energy harvesting,electrification
1419,energy geopolitics,renewable energy
1420,energy for food,renewable energy
1421,energy flow,renewable energy
1422,energy efficient,energy efficiency
1423,energy efficiency upgrades,energy efficiency
1424,energy poverty,renewable energy
1425,energy production,renewable energy
1426,energy security,renewable energy
1427,energy sector,renewable energy
1428,energy efficiency policy,energy efficiency
1429,end fossil fuel subsidies,reduce fossil-fuel
1430,end deforestation,forest-centric
1431,empower women,community-centric
1432,energy efficiency measures,energy efficiency
1433,energy democratization,community-centric
1434,energy democracy,renewable energy
1435,energy decarbonization,decarbonisation
1436,energy conversion,renewable energy
1437,energy system,renewable energy
1438,equitable implementation,vulnerable population centric
1439,equitable distribution,vulnerable population centric
1440,environmentally friendly,none
1441,environmental policy,governance
1442,environmental journalism,knowledge-driven
1443,equitable governance,governance
1444,erosion,nature management
1445,equity focus,vulnerable population centric
1446,equity and justice,vulnerable population centric
1447,equity,vulnerable population centric
1448,equitable transition,vulnerable population centric
1449,energy-efficient technologies,energy efficiency
1450,energy-efficient equipment,energy efficiency
1451,energy-efficient design,energy efficiency
1452,energy-efficient construction,energy efficiency
1453,energy-efficient buildings,energy efficiency
1454,energy use reduction,degrowth
1455,enforcement,governance
1456,enhance carbon sinks,decarbonisation
1457,efficiency improvements,energy efficiency
1458,educate women,knowledge-driven
1459,educate children,knowledge-driven
1460,ecovillages,sustainability
1461,electric car,electrification
1462,electric appliances,electrification
1463,efficient transportation,clean transportation
1464,efficient technologies,technology
1465,efficient living,energy efficiency
1466,efficient land use,food-system
1467,ecosystem management,biodiversity
1468,economic inequality,vulnerable population centric
1469,economic equity,vulnerable population centric
1470,economic efficiency,nature management
1471,economic development,alternative economic system
1472,economic activity,alternative economic system
1473,economic model,alternative economic system
1474,economic policy,governance
1475,ecosystem dependence,biodiversity
1476,ecosystem benefits,biodiversity
1477,ecosystem adaptation,biodiversity
1478,economic system,alternative economic system
1479,economic resilience,alternative economic system
1480,embodied energy,renewable energy
1481,eliminate waste,degrowth
1482,eliminate meat and dairy,food-system
1483,eliminate fossil fuel use,reduce fossil-fuel
1484,eliminate fossil fuel subsidies,reduce fossil-fuel
1485,emissions target,emission reduction
1486,emissions reductions,emission reduction
1487,emissions avoidance,emission reduction
1488,emission-reduction policies,emission reduction
1489,emission reduction,emission reduction
1490,emergency preparedness,risk-based approach
1491,electric grid,renewable energy
1492,electricity generation,electrification
1493,electric transportation,electrification
1494,electric mobility,electrification
1495,elevated roads,urban planning
1496,elevate homes,urban planning
1497,electrolyzers,bio-fuel
1498,electrolysis,bio-fuel
1499,electrifying everything,electrification
1500,electrify sectors,electrification
1501,electrify buildings,electrification
1502,electrified transportation,electrification
1503,fusion reactors,nuclear
1504,fusion energy,renewable energy
1505,funding,funding-adaptation
1506,gender equality,vulnerable population centric
1507,future-proofing,risk-based approach
1508,fossil fuels,reduce fossil-fuel
1509,fossil fuel tax,taxation
1510,fossil fuel subsidies,taxation
1511,fossil fuel reduction,reduce fossil-fuel
1512,fossil fuel phase-out,reduce fossil-fuel
1513,fossil fuel industry,industry-centric
1514,fossil fuel divestment,funding-adaptation
1515,fossil fuel addiction,reduce fossil-fuel
1516,fourth national climate assessment,risk-based approach
1517,global reforestation,forest-centric
1518,global mobilization,global collaboration
1519,global knowledge sharing,knowledge-driven
1520,global fund,funding-adaptation
1521,global food security,food-system
1522,global financial system,global collaboration
1523,government role,State-led
1524,government funding,funding-adaptation
1525,geothermal heat pumps,technology
1526,geological carbon sequestration,decarbonisation
1527,global decarbonization,decarbonisation
1528,global community,global collaboration
1529,global carbon neutrality,renewable energy
1530,global agreement,global collaboration
1531,ghg emissions,greenhouse
1532,extreme weather mitigation,extreme events
1533,extreme weather frequency,extreme events
1534,extreme weather events,extreme events
1535,extreme heat,extreme events
1536,financial instruments,industry-centric
1537,feedback loops,managerial practices
1538,existing infrastructure,infrastructure
1539,existential threat,risk-based approach
1540,ev adoption,technology
1541,eu green deal,governance
1542,experimentation,none
1543,expand carbon sinks,decarbonisation
1544,food system emissions,food-system
1545,food supply,food-system
1546,food production,food-system
1547,food insecurity,food-system
1548,forest sequestration,decarbonisation
1549,forest management,forest-centric
1550,floating cities,urban planning
1551,flexible infrastructure,infrastructure
1552,flexible architecture,none
1553,flexibility,none
1554,fiscal policy,taxation
1555,fly less,clean transportation
1556,floodplains,coast-protection and flood
1557,floodplain restoration,coast-protection and flood
1558,flooding,coast-protection and flood
1559,flood-resistant infrastructure,coast-protection and flood
1560,flood resilience,coast-protection and flood
1561,flood prevention,coast-protection and flood
1562,flood preparedness,coast-protection and flood
1563,flood management,coast-protection and flood
1564,$100 billion goal,funding-adaptation
1565,$100 billion pledge,funding-adaptation
1566,$100 per ton,taxation
1567,$100 per ton co2,taxation
1568,$100 per ton start,taxation
1569,$100 trillion funding,funding-adaptation
1570,$100 trillion investment,funding-adaptation
1571,$100-150 per ton,taxation
1572,$100/ton,taxation
1573,$25 billion per year,funding-adaptation
1574,$30 trillion,funding-adaptation
1575,$30/ton,taxation
1576,$500/ton by 2030,taxation
1577,1 tonne co2 per year,decarbonisation
1578,1 trillion trees 2050,forest-centric
1579,1% vs 99%,socio-political approaches
1580,1.5 degrees pathway,temperature-centric
1581,1.5 tw potential,renewable energy
1582,1.5-2°c target,temperature-centric
1583,1.5c paris goal,global collaboration
1584,1.5° c target,temperature-centric
1585,1.5° rule,temperature-centric
1586,1.5°c cap,temperature-centric
1587,1.5°c literature,temperature-centric
1588,1.5°c scenario,temperature-centric
1589,1.5°c threshold,temperature-centric
1590,1.5°c warming,temperature-centric
1591,1.5°c-aligned pathway,temperature-centric
1592,1.5ºc limit,temperature-centric
1593,10 kwh/m3,electrification
1594,10 year goal,none
1595,10% emissions capture,decarbonisation
1596,10% monthly emissions cut,emission reduction
1597,10-minute walk,clean transportation
1598,100 billion trees,forest-centric
1599,100 climate solutions,none
1600,100 resilient cities,urban planning
1601,100% by 2050,none
1602,100% carbon capture,decarbonisation
1603,100% carbon storage,decarbonisation
1604,100% circularity,circular-economy
1605,100% clean electricity,renewable energy
1606,100% clean electricity by 2035,renewable energy
1607,100% clean electricity tariffs,renewable energy
1608,100% clean energy,renewable energy
1609,100% clean renewable energy,renewable energy
1610,100% efficiency,renewable energy
1611,100% electric transportation,electrification
1612,100% electric vehicles,electrification
1613,100% electricity,renewable energy
1614,100% electricity by 2050,renewable energy
1615,100% electricity generation by 2035,renewable energy
1616,100% electricity generation by 2040,renewable energy
1617,100% electricity generation by 2050,electrification
1618,100% electricity grids,renewable energy
1619,100% new green energy,renewable energy
1620,100% plant-based,food-system
1621,100% power generation,renewable energy
1622,100% recyclable materials,recycling
1623,100% renewable by 2030,renewable energy
1624,100% renewable by 2050,renewable energy
1625,100% renewable deployment,renewable energy
1626,100% renewable economy,renewable energy
1627,100% renewable energy by 2030,renewable energy
1628,100% renewable energy by 2050,renewable energy
1629,100% renewable energy economy,renewable energy
1630,100% renewable energy for all sectors,renewable energy
1631,100% renewable energy framework,renewable energy
1632,100% renewable energy grid,renewable energy
1633,100% renewable energy production,renewable energy
1634,100% renewable energy sources,renewable energy
1635,100% renewable energy systems,renewable energy
1636,100% renewable energy transition,renewable energy
1637,100% renewable energy-based economy,renewable energy
1638,100% renewable energy-based society,renewable energy
1639,100% renewable future,renewable energy
1640,100% renewable generation,renewable energy
1641,100% renewable grid,renewable energy
1642,100% renewable infrastructure,renewable energy
1643,100% renewable power,renewable energy
1644,100% renewable sources,renewable energy
1645,100% renewable sources for sectors by 2050,renewable energy
1646,100% renewable systems,renewable energy
1647,100% renewable target,renewable energy
1648,100% renewable transition,renewable energy
1649,100% renewable us by 2030,renewable energy
1650,100% renewables by 2050,renewable energy
1651,100% revenue funding,funding-adaptation
1652,100% solar energy,renewable energy
1653,100% sun and wind,renewable energy
1654,100-year floods,coast-protection and flood
1655,100-year transition to renewables,renewable energy
1656,12 gt co2-eq,emission reduction
1657,12 years,none
1658,2 gigatons,none
1659,2-4°c warming,temperature-centric
1660,2-degree celsius,temperature-centric
1661,2/2/10 framework,managerial practices
1662,20 billion usd,funding-adaptation
1663,20 gigatons by 2050,none
1664,20 kw,renewable energy
1665,20% challenge,none
1666,2000 gt co2,emission reduction
1667,2010 levels,none
1668,2025 objective,none
1669,2030,none
1670,2030 agenda,none
1671,2030 goal,none
1672,2035,none
1673,2040,none
1674,2050,none
1675,2050 targets,none
1676,2050 transition,none
1677,21st century new deal,governance
1678,24/7 power delivery,electrification
1679,25 mw solar daily,renewable energy
1680,25 years emissions,none
1681,2°c temperature rise,temperature-centric
1682,"3,000 mwh design",renewable energy
1683,3-to-1 ratio,none
1684,3.5 tonnes co2e,decarbonisation
1685,30 by 2030,none
1686,30 by 30 conservation,nature management
1687,30 mpa compressive strength,material science
1688,30 to 40 percent,none
1689,30% carbon sink,decarbonisation
1690,30% to 90% by 2050,none
1691,30-day climate challenge,none
1692,300-600 ppm co2,emission reduction
1693,32 principles,none
1694,360 degree approach,managerial practices
1695,3d printed,technology
1696,3d printed bio-concrete,technology
1697,3d printed islands,technology
1698,3d printing,technology
1699,3d-printed,technology
1700,3d-printed composites,technology
1701,3d-printed concrete,technology
1702,3d-printed materials,technology
1703,3d-printed slabs,technology
1704,3rs approach,managerial practices
1705,4-day workweek,socio-political approaches
1706,40% efficiency,energy efficiency
1707,40% emissions reduction,emission reduction
1708,40% renewable energy,renewable energy
1709,400 ppm,emission reduction
1710,43% by 2030,none
1711,45% by 2030,none
1712,45% co2 reduction,emission reduction
1713,45% emissions cut,emission reduction
1714,45% emissions reduction,emission reduction
1715,45% emissions reduction by 2030,emission reduction
1716,45% reduction,emission reduction
1717,45% reduction by 2030,emission reduction
1718,450 ppm,none
1719,4ir mindset,none
1720,4th generation npp,nuclear
1721,5 gwe,none
1722,5 years,none
1723,5% gdp investment,funding-adaptation
1724,5-10 years,none
1725,5-gallon bucket system,water management
1726,50 gw solar pv,renewable energy
1727,50% by 2030,none
1728,50% emission reduction by 2030,emission reduction
1729,50% emissions by 2030,emission reduction
1730,50% energy reduction,emission reduction
1731,50% powered by renewables,renewable energy
1732,50-52% emissions reduction,emission reduction
1733,50-year sustainable energy roadmap,renewable energy
1734,500 million m3,none
1735,6-stage adaptation strategy,managerial practices
1736,60% emissions reduction,emission reduction
1737,7 billion,none
1738,7.6 percent reduction,emission reduction
1739,70% emissions cuts,emission reduction
1740,70-90% reduction,emission reduction
1741,75 gw solar,renewable energy
1742,75% emissions cut,emission reduction
1743,8% annual reduction,emission reduction
1744,80% by 2030,emission reduction
1745,80% decarbonization,decarbonisation
1746,80% power generation,renewable energy
1747,80% reduction,emission reduction
1748,80% reduction by 2050,emission reduction
1749,80% renewable,renewable energy
1750,80% renewable by 2030,renewable energy
1751,80% renewable energy,renewable energy
1752,90% emission reduction,emission reduction
1753,abandon and rebuild,infrastructure
1754,abolish air conditioners,degrowth
1755,abolish carbon markets,socio-political approaches
1756,abolish nuclear weapons,nuclear
1757,abolishing capitalism,socio-political approaches
1758,abolition of fossil fuel industry,reduce fossil-fuel
1759,absorb and mitigate,risk-based approach
1760,absorb and recover,infrastructure
1761,absorb carbon,decarbonisation
1762,absorb carbon dioxide,decarbonisation
1763,absorb co2,decarbonisation
1764,absorb impacts,risk-based approach
1765,absorb rainfall,water management
1766,absorb risks,risk-based approach
1767,absorb water,water management
1768,absorbent concrete,material science
1769,absorbing carbon,decarbonisation
1770,absorbing carbon dioxide,decarbonisation
1771,abstinence from greed,individual action
1772,abstract learning,knowledge-driven
1773,abundance century,emission reduction
1774,abundant freshwater,water management
1775,abundant safe energy,renewable energy
1776,abundant sunlight,renewable energy
1777,academic engagement,knowledge-driven
1778,academic-private-government,governance
1779,accelerate carbon cycle,decarbonisation
1780,accelerate deployment,none
1781,accelerate innovation,technology
1782,accelerate low-carbon transition,energy efficiency
1783,accelerate natural process,none
1784,accelerate renewable energy,renewable energy
1785,accelerate renewable energy deployment,renewable energy
1786,accelerate renewable energy production,renewable energy
1787,accelerate transition,transition and transformation
1788,accelerate transition to 100% renewable energy,renewable energy
1789,accelerate transition to lower carbon economy,energy efficiency
1790,accelerate transition to renewable,renewable energy
1791,accelerated electrification,electrification
1792,accelerated transition,transition and transformation
1793,accelerated weathering,infrastructure
1794,accelerating warming,temperature-centric
1795,accept limits,none
1796,accept sea level rise,coast-protection and flood
1797,acceptance,none
1798,access clean energy,renewable energy
1799,access to financing,funding-adaptation
1800,access to freshwater,water management
1801,access to information,knowledge-driven
1802,access to nature,human-nature equilibrium
1803,accessibility,none
1804,accident risk,risk-based approach
1805,accountability mechanisms,governance
1806,achieve 100% clean energy,renewable energy
1807,acknowledge urgency,none
1808,acknowledgement,none
1809,across countries,global collaboration
1810,act early,transition and transformation
1811,act local,decentralisation
1812,act now,transition and transformation
1813,act without funding,funding-adaptation
1814,action plan,managerial practices
1815,action today,transition and transformation
1816,action-oriented knowledge translation,knowledge-driven
1817,action-research projects,knowledge-driven
1818,actionable adaptation plan,managerial practices
1819,active concrete,material science
1820,active flooding solution,coast-protection and flood
1821,activity reduction,degrowth
1822,acts,none
1823,adapt accordingly,none
1824,adapt agriculture,food-system
1825,adapt and mitigate,risk-based approach
1826,adapt behavior,managerial practices
1827,adapt existing infrastructure,infrastructure
1828,adapt impacts,risk-based approach
1829,adapt infrastructure,infrastructure
1830,adapt lifestyles,sustainability
1831,adapt mitigate conserve,risk-based approach
1832,adapt now,transition and transformation
1833,adapt or be adapted,none
1834,adapt production,managerial practices
1835,adapt to changing weather,none
1836,adapt to conditions,none
1837,adapt to extremes,extreme events
1838,adapt to heat and floods,coast-protection and flood
1839,adapt to reality,none
1840,adaptability,none
1841,adaptability design,design
1842,adaptable infrastructure,infrastructure
1843,adaptable material,material science
1844,adaptation acceptance,managerial practices
1845,adaptation action,none
1846,adaptation and innovation,none
1847,adaptation and resilience,none
1848,adaptation assessment,managerial practices
1849,adaptation assessments,managerial practices
1850,adaptation benefits,managerial practices
1851,adaptation cheaper,cost-benefit driven
1852,adaptation committee,managerial practices
1853,adaptation cost,cost-benefit driven
1854,adaptation cycle,managerial practices
1855,adaptation delay,managerial practices
1856,adaptation ecosystem,biodiversity
1857,adaptation finance,funding-adaptation
1858,adaptation financing,funding-adaptation
1859,adaptation frameworks,managerial practices
1860,adaptation funds,funding-adaptation
1861,adaptation infrastructure,infrastructure
1862,adaptation initiatives,managerial practices
1863,adaptation insurance,cost-benefit driven
1864,adaptation integration,managerial practices
1865,adaptation investments,funding-adaptation
1866,adaptation learning,knowledge-driven
1867,adaptation mindset,individual action
1868,adaptation misconceptions,none
1869,adaptation modalities,none
1870,adaptation objectives,managerial practices
1871,adaptation of agriculture,food-system
1872,adaptation of buildings,urban planning
1873,adaptation of natural systems,human-nature equilibrium
1874,adaptation options,managerial practices
1875,adaptation over mitigation,risk-based approach
1876,adaptation plan,managerial practices
1877,adaptation plans,managerial practices
1878,adaptation policies,governance
1879,adaptation potential,managerial practices
1880,adaptation practitioners,managerial practices
1881,adaptation preparedness,managerial practices
1882,adaptation process,managerial practices
1883,adaptation response,managerial practices
1884,adaptation responses,managerial practices
1885,adaptation role,managerial practices
1886,adaptation science,knowledge-driven
1887,adaptation system,managerial practices
1888,adaptation techniques,managerial practices
1889,adaptation timing,transition and transformation
1890,adaptation to hazards,risk-based approach
1891,adaptation urgency,transition and transformation
1892,adaptation-mitigation,risk-based approach
1893,adapting agriculture,food-system
1894,adapting and mitigating,risk-based approach
1895,adapting buildings,urban planning
1896,adapting infrastructure,infrastructure
1897,adapting sahel paper,managerial practices
1898,adapting to impacts,risk-based approach
1899,adapting to weather patterns,none
1900,adapting your habits,individual action
1901,adaptive agriculture,food-system
1902,adaptive approach,none
1903,adaptive approaches,none
1904,adaptive building design,urban planning
1905,adaptive building designs,urban planning
1906,adaptive capacities,none
1907,adaptive capacity building,infrastructure
1908,adaptive capacity-building,community-centric
1909,adaptive climate control,climate models
1910,adaptive coastal policies,coast-protection and flood
1911,adaptive communities,decentralisation
1912,adaptive concrete,material science
1913,adaptive concrete materials,material science
1914,adaptive construction,urban planning
1915,adaptive construction techniques,urban planning
1916,adaptive decision-making,knowledge-driven
1917,adaptive design,design
1918,adaptive design principles,design
1919,adaptive drainage systems,water management
1920,adaptive ecology,none
1921,adaptive flood resilience,coast-protection and flood
1922,adaptive flood-control,coast-protection and flood
1923,adaptive flooding resilience,coast-protection and flood
1924,adaptive infrastructure design,infrastructure
1925,adaptive intervention,none
1926,adaptive knowledge,knowledge-driven
1927,adaptive land use plans,urban planning
1928,adaptive management of deltas,risk-based approach
1929,adaptive management plans,managerial practices
1930,adaptive management strategies,managerial practices
1931,adaptive management systems,risk-based approach
1932,adaptive material,material science
1933,adaptive materials,material science
1934,adaptive modular infrastructure,infrastructure
1935,adaptive monitoring systems,climate models
1936,adaptive planning,managerial practices
1937,adaptive policies,governance
1938,adaptive policy adjustments,governance
1939,adaptive policy frameworks,governance
1940,adaptive protection,none
1941,adaptive realignment,none
1942,adaptive resilience,risk-based approach
1943,adaptive resilience ethos,risk-based approach
1944,adaptive response,none
1945,adaptive reuse,recycling
1946,adaptive sea walls,coast-protection and flood
1947,adaptive seawalls,coast-protection and flood
1948,adaptive settlements,decentralisation
1949,adaptive shading,material science
1950,adaptive social protection,vulnerable population centric
1951,adaptive social systems,socio-political approaches
1952,adaptive spiral,none
1953,adaptive strategies,managerial practices
1954,adaptive strategy,managerial practices
1955,adaptive systems,managerial practices
1956,adaptive technologies,technology
1957,adaptive urban design,urban planning
1958,adaptive urban ecosystem,urban planning
1959,adaptive urban planning,urban planning
1960,adaptive urbanism,urban planning
1961,adaptive water management,water management
1962,adaptive water systems,water management
1963,add aggregate,none
1964,add co2 to concrete,material science
1965,add to river channel,water management
1966,add wind and solar,renewable energy
1967,additional description,none
1968,address abrupt changes,none
1969,address emissions,emission reduction
1970,address energy use,energy efficiency
1971,address inequalities,vulnerable population centric
1972,address root cause,none
1973,address underlying causes,none
1974,adequate flexibility,none
1975,adjust global economy,global collaboration
1976,adjusting systems,transition and transformation
1977,adjustment over time,transition and transformation
1978,administrative units,decentralisation
1979,adopt regenerative practices,food-system
1980,adopt renewable energy,renewable energy
1981,adoption of climate-resilient agriculture practices,food-system
1982,advanced admixtures,material science
1983,advanced agricultural techniques,food-system
1984,advanced automation,technology
1985,advanced batteries,electrification
1986,advanced battery storage,electrification
1987,advanced carbon capture,decarbonisation
1988,advanced ccs,decarbonisation
1989,advanced cement materials,material science
1990,advanced chemical synthesis,material science
1991,advanced climate modeling,climate models
1992,advanced climate models,climate models
1993,advanced coatings,material science
1994,advanced composites,material science
1995,advanced concrete mixes,material science
1996,advanced concrete technology,technology
1997,advanced early warning,climate models
1998,advanced early warning systems,climate models
1999,advanced energy,electrification
2000,advanced energy storage,electrification
2001,advanced geothermal,technology
2002,advanced grid infrastructure,smart-grid
2003,advanced grid management,smart-grid
2004,advanced grids,smart-grid
2005,advanced low-carbon mixes,technology
2006,advanced management,managerial practices
2007,advanced manufacturing,material science
2008,advanced materials,material science
2009,advanced membranes,material science
2010,advanced mix designs,design
2011,advanced nuclear,nuclear
2012,advanced nuclear power,nuclear
2013,advanced nuclear reactors,nuclear
2014,advanced pv,renewable energy
2015,advanced separation technologies,technology
2016,advanced smart grid,smart-grid
2017,advanced storage,technology
2018,advanced technologies,technology
2019,advanced thermal mass,material science
2020,advanced water management,water management
2021,advisory documents,governance
2022,advocacy for emissions reductions,emission reduction
2023,advocate,governance
2024,advocate for others,governance
2025,advocate net-zero 2050,net zero
2026,advocate policies,governance
2027,advocate systemic change,transition and transformation
2028,advocating for climate policies,governance
2029,advocating for policies,governance
2030,aerogel-based concrete,material science
2031,aeroponics,food-system
2032,aerosols,decarbonisation
2033,affect every sector,electrification
2034,affordability,cost-benefit driven
2035,affordable buildings,urban planning
2036,affordable clean energy,renewable energy
2037,affordable clean energy rule,renewable energy
2038,affordable clean technologies,technology
2039,affordable distribution,cost-benefit driven
2040,affordable energy,renewable energy
2041,affordable energy transition,renewable energy
2042,affordable infrastructure,infrastructure
2043,affordable nuclear,nuclear
2044,affordable reliable clean power system,renewable energy
2045,affordable renewables,renewable energy
2046,affordable solar pv,renewable energy
2047,affordable solutions,cost-benefit driven
2048,afforestation/reforestation,forest-centric
2049,africa biodiversity,biodiversity
2050,age of concrete,material science
2051,agency opportunities,none
2052,aggregate proportion,degrowth
2053,aggressive carbon pricing,taxation
2054,aggressive emission reductions,emission reduction
2055,aggressive international policies,governance
2056,aggressive policies,governance
2057,aggressive reforestation,forest-centric
2058,agile governance,governance
2059,agree on solutions,none
2060,agricultural adaptation,food-system
2061,agricultural carbon sequestration,decarbonisation
2062,agricultural collapse,food-system
2063,agricultural degradation,food-system
2064,agricultural efficiency,food-system
2065,agricultural emissions,food-system
2066,agricultural extension,food-system
2067,agricultural field,food-system
2068,agricultural impact,food-system
2069,agricultural land,food-system
2070,agricultural lands,food-system
2071,agricultural losses,food-system
2072,agricultural management,food-system
2073,agricultural planning,food-system
2074,agricultural practices,food-system
2075,agricultural productivity,food-system
2076,agricultural sector,food-system
2077,agricultural subsistence,food-system
2078,agricultural techniques,food-system
2079,agricultural technology,food-system
2080,agricultural vulnerability,food-system
2081,agricultural yields,food-system
2082,agricultural-based economy,food-system
2083,agriculture carbon marketplace,taxation
2084,agriculture impact,food-system
2085,agriculture impacts,food-system
2086,agriculture practices,food-system
2087,agriculture reform,food-system
2088,agriculture sector,food-system
2089,agriculture system,food-system
2090,agrivoltaic,renewable energy
2091,agrivoltaics,renewable energy
2092,agroecological practices,food-system
2093,agroecological production,food-system
2094,agroecology revolution,food-system
2095,agroforestry systems,forest-centric
2096,agronomic resilience,food-system
2097,ai and robotics,technology
2098,ai for environment,risk-based approach
2099,ai integration,technology
2100,ai optimization,risk-based approach
2101,ai-driven analytics,climate models
2102,ai-driven carbon capture,decarbonisation
2103,ai-driven forecasting,climate models
2104,ai-driven monitoring,climate models
2105,ai-driven predictive analytics,climate models
2106,ai-powered maintenance,technology
2107,air and water quality,water management
2108,air capture technology,decarbonisation
2109,air carbon capture,decarbonisation
2110,air conditioning,none
2111,air leakage,decarbonisation
2112,air movement,decarbonisation
2113,air purification,decarbonisation
2114,air quality improvement,decarbonisation
2115,air travel limits,clean transportation
2116,air-sealing,decarbonisation
2117,airtight wall,material science
2118,albedo,technology
2119,albedo engineering,technology
2120,albedo enhancement,technology
2121,albedo materials exclusion,technology
2122,algae,bio-fuel
2123,algae biomass,bio-fuel
2124,algae farms,bio-fuel
2125,algae growth,bio-fuel
2126,algae proteins,bio-fuel
2127,algae sequestration,bio-fuel
2128,algae-based aquaculture,bio-fuel
2129,algae-based concrete,bio-fuel
2130,algae-based feedstock,bio-fuel
2131,algae-based floating islands,bio-fuel
2132,algae-based infrastructure,bio-fuel
2133,algae-based production,bio-fuel
2134,algae-based water filtration,bio-fuel
2135,algae-infused concrete,material science
2136,align disaster management,risk-based approach
2137,align economic resources,alternative economic system
2138,align initiatives,none
2139,alkali-activated cements,material science
2140,alkali-activated materials,material science
2141,alkali-activated slag,material science
2142,alkaline concrete,material science
2143,alkaline hydrolysis,material science
2144,alkaline reaction,material science
2145,alkaline-augmented cements,material science
2146,all we can save,nature management
2147,all wood future,urban planning
2148,all-electric building stock,electrification
2149,all-electric cooking,electrification
2150,all-of-the-above approach,none
2151,allow natural recovery,infrastructure
2152,already adapted,none
2153,alternative binders,material science
2154,alternative cementing materials,material science
2155,alternative cementitious materials,material science
2156,alternative cements,material science
2157,alternative economic indicators,alternative economic system
2158,alternative fuel,bio-fuel
2159,alternative low-carbon binders,material science
2160,alternative low-carbon cements,material science
2161,alternative materials,material science
2162,altruism,socio-political approaches
2163,aluminum production,material science
2164,amat framework,risk-based approach
2165,amazon rainforest,forest-centric
2166,ambitious climate policies,governance
2167,ambitious emissions cuts,emission reduction
2168,ambitious goals,none
2169,ambitious measurable goals,managerial practices
2170,amorphous carbon batholiths,material science
2171,amphibian fences,water management
2172,analysis and evaluation,managerial practices
2173,analysis planning implementation,risk-based approach
2174,angry farmers,food-system
2175,animal agriculture,food-system
2176,animal agriculture emissions,food-system
2177,animal husbandry emissions,food-system
2178,annual emission reduction,emission reduction
2179,annual emissions reductions,emission reduction
2180,annual increase,cost-benefit driven
2181,annual migration,vulnerable population centric
2182,anomalous soils,nature management
2183,antarctic ice changes,temperature-centric
2184,antarctic melting,temperature-centric
2185,anthropocene,human-nature equilibrium
2186,anthropocene challenge,human-nature equilibrium
2187,anthropocene governance,human-nature equilibrium
2188,anthropology,human-nature equilibrium
2189,anti carbon trading,taxation
2190,anti-consumerism,socio-political approaches
2191,anti-fragile systems,risk-based approach
2192,anti-free market,socio-political approaches
2193,anti-silicon valley narrative,socio-political approaches
2194,anticipate mistakes,risk-based approach
2195,anticipate uncertainty,risk-based approach
2196,anticipating impacts,risk-based approach
2197,anticipatory actions,managerial practices
2198,anticipatory approach,risk-based approach
2199,anticipatory learning,knowledge-driven
2200,anticipatory planning,managerial practices
2201,anxiety mechanism,risk-based approach
2202,apollo-scale effort,none
2203,applied mathematics,climate models
2204,apply both approaches,none
2205,apply technology at scale,technology
2206,appreciate nature,human-nature equilibrium
2207,appreciate risk,risk-based approach
2208,appropriate nuclear use,nuclear
2209,appropriate technologies,technology
2210,appropriate technology,technology
2211,aquaculture,food-system
2212,aquaponic food system,food-system
2213,aquaponics,food-system
2214,aquatic habitat ramp,nature management
2215,aquifers,water management
2216,architects,urban planning
2217,architectural design,urban planning
2218,architecture,urban planning
2219,architecture engineering ecology,technology
2220,architecture prioritization,urban planning
2221,arctic permafrost,temperature-centric
2222,arctic warming,temperature-centric
2223,argonne database,smart-grid
2224,arid areas,water management
2225,ark cities,urban planning
2226,article 6,governance
2227,artificial coral reefs,nature management
2228,artificial forests,forest-centric
2229,artificial intelligence,technology
2230,artificial islands,nature management
2231,artificial reef,nature management
2232,artificial reefs,nature management
2233,artificial substitutes,technology
2234,artificial trees,forest-centric
2235,artificial wetlands,nature management
2236,asia-pacific case studies,none
2237,ask local people,decentralisation
2238,asphalt pavement,material science
2239,assess and prioritize,managerial practices
2240,assess consumption habits,individual action
2241,assess future risk,risk-based approach
2242,assess immediate effects,risk-based approach
2243,assess local climate risks,risk-based approach
2244,assess vulnerabilities,risk-based approach
2245,assess weaknesses,risk-based approach
2246,assesses potential impacts,managerial practices
2247,assessing and mapping,managerial practices
2248,assessing climate risks,risk-based approach
2249,assessing local climate risks,risk-based approach
2250,assessing local vulnerabilities,risk-based approach
2251,assessing multiple hazards,risk-based approach
2252,assessing risks,risk-based approach
2253,assessing vulnerabilities,risk-based approach
2254,assessing vulnerability,risk-based approach
2255,assessment,managerial practices
2256,assessment and certification,managerial practices
2257,assessment and reporting,risk-based approach
2258,assessment of vulnerabilities,risk-based approach
2259,asset inventory,none
2260,assimilating information,knowledge-driven
2261,assist poorest countries,vulnerable population centric
2262,assisted migration,vulnerable population centric
2263,at-risk communities,vulnerable population centric
2264,at-risk sectors,vulnerable population centric
2265,atmosphere-ocean modelling,climate models
2266,atmospheric balance,none
2267,atmospheric capture,decarbonisation
2268,atmospheric carbon capture and storage,decarbonisation
2269,atmospheric carbon removal,decarbonisation
2270,atmospheric co2 removal,decarbonisation
2271,atmospheric co2 scrubber,decarbonisation
2272,atmospheric cooling,technology
2273,atmospheric policy,governance
2274,atmospheric solar panels,renewable energy
2275,attributes of vulnerability,risk-based approach
2276,auction pollution rights,taxation
2277,australia examples,none
2278,automated agriculture,food-system
2279,automation,technology
2280,automation of agriculture,food-system
2281,autonomous sensors,technology
2282,autonomous vehicles,electrification
2283,average depth 3 m,urban planning
2284,avert tipping points,none
2285,aviation efficiency,energy efficiency
2286,avoid animal products,food-system
2287,avoid climate catastrophe,none
2288,avoid coal,reduce fossil-fuel
2289,avoid coastal constructions,coast-protection and flood
2290,avoid collapse,none
2291,avoid concrete,material science
2292,avoid concrete use,material science
2293,avoid creating vulnerability,risk-based approach
2294,avoid driving emissions,emission reduction
2295,avoid equator,vulnerable population centric
2296,avoid food waste,degrowth
2297,avoid fossil fuels,reduce fossil-fuel
2298,avoid gas infrastructure,reduce fossil-fuel
2299,avoid harmful products,risk-based approach
2300,avoid locking in emissions,emission reduction
2301,avoid mitigate enhance,risk-based approach
2302,avoid nuclear power,nuclear
2303,avoid overemphasis,risk-based approach
2304,avoid paving,material science
2305,avoid principle,risk-based approach
2306,avoid regime change,risk-based approach
2307,avoid resource depletion,degrowth
2308,avoid risks,risk-based approach
2309,avoid risky locations,risk-based approach
2310,avoid social collapse,none
2311,avoid soy expansion,none
2312,avoid tipping points,none
2313,avoid unnecessary travel,clean transportation
2314,avoid-adapt,none
2315,avoiding new fossil fuels,reduce fossil-fuel
2316,awareness program,knowledge-driven
2317,awareness raising,knowledge-driven
2318,away from fossil fuels,reduce fossil-fuel
2319,backstop solutions,risk-based approach
2320,backup infrastructure,infrastructure
2321,backward-looking adaptation,managerial practices
2322,bacterial concrete,material science
2323,balanced approach,vulnerable population centric
2324,balanced mitigation and resilience,risk-based approach
2325,balanced multi-faceted,vulnerable population centric
2326,balanced renewable mix,renewable energy
2327,balanced technology mix,renewable energy
2328,balanced water society,water management
2329,bam concrete,material science
2330,bamboo,bio-fuel
2331,bamboo charcoal,bio-fuel
2332,bamboo-based mixtures,material science
2333,ban animal-derived food,food-system
2334,ban coal plants,reduce fossil-fuel
2335,ban diesel cars,reduce fossil-fuel
2336,ban fossil extraction,reduce fossil-fuel
2337,ban fossil fuel extraction,reduce fossil-fuel
2338,ban fossil fuel subsidies,reduce fossil-fuel
2339,ban fossil fuels,reduce fossil-fuel
2340,ban incinerators,recycling
2341,ban new fossil fuel projects,reduce fossil-fuel
2342,bank investment transparency,industry-centric
2343,barrier islands,nature management
2344,barriers against sea-level rise,water management
2345,basalt,material science
2346,basalt fibre reinforced concrete,material science
2347,basalt injection,material science
2348,base case,none
2349,base vulnerability,risk-based approach
2350,base-load power,electrification
2351,baseline assessment,managerial practices
2352,baseline life-forms,none
2353,baseline value,none
2354,baseload low-carbon,energy efficiency
2355,baseload power,electrification
2356,basic healthcare,vulnerable population centric
2357,basic maintenance,none
2358,bat houses,urban planning
2359,batteries limitation,electrification
2360,batteries to store,electrification
2361,battery backup,electrification
2362,battery backups,electrification
2363,battery capacity,electrification
2364,battery electric vehicles,electrification
2365,battery energy density,electrification
2366,battery production,electrification
2367,battery storage infrastructure,electrification
2368,battery system,electrification
2369,battery technology,electrification
2370,battery utilization,electrification
2371,bayesian methods,climate models
2372,be humane,vulnerable population centric
2373,beach nourishment,nature management
2374,beachfront houses,urban planning
2375,beat fossil fuels,reduce fossil-fuel
2376,beef reduction,degrowth
2377,beekeeping,biodiversity
2378,behavior design,individual action
2379,behavioral analogy,none
2380,behavioral economics,none
2381,behavioral focus,none
2382,behavioral hurdles,none
2383,behavioral impact,none
2384,behavioral incentives,taxation
2385,behavioral invitation,none
2386,behavioral shifts,individual action
2387,behavioral time horizons,none
2388,behavioral understanding,individual action
2389,behaviour change,individual action
2390,behavioural change,individual action
2391,belief system,none
2392,belonging,community-centric
2393,below 1.5°c,temperature-centric
2394,below 2°c,temperature-centric
2395,below zero emissions,renewable energy
2396,below-grade buildings,urban planning
2397,below-ground habitats,urban planning
2398,beneficiary-led governance,governance
2399,benefits renewable energy,renewable energy
2400,benefits to communities,decentralisation
2401,berms and dunes,nature management
2402,best available technology,technology
2403,best practices,none
2404,better climate data,climate models
2405,better planning,managerial practices
2406,better policy,governance
2407,better reefs,nature management
2408,better-coordinated organizations,governance
2409,bfrc,decarbonisation
2410,bicycle infrastructure,clean transportation
2411,bicycles,clean transportation
2412,bifacial panels,renewable energy
2413,big business transition,transition and transformation
2414,big data,climate models
2415,big organizing,biodiversity
2416,bike walking,clean transportation
2417,bike-friendly city,infrastructure
2418,bike-friendly infrastructure,infrastructure
2419,bike-sharing,clean transportation
2420,biking and public transport,clean transportation
2421,billion electric bikes,electrification
2422,bim,urban planning
2423,binders,technology
2424,binding agreement,governance
2425,binding agreements,governance
2426,binding carbon pricing,taxation
2427,binding commitments,governance
2428,binding enforcement,infrastructure
2429,binding global agreement,global collaboration
2430,binding global agreements,global collaboration
2431,binding goal,governance
2432,binding international agreement,global collaboration
2433,binding international agreements,global collaboration
2434,binding international policies,global collaboration
2435,binding phase-out,reduce fossil-fuel
2436,binding policies,governance
2437,binding targets,taxation
2438,binding transition,transition and transformation
2439,binding treaties,governance
2440,bio-based,material science
2441,bio-based activator,material science
2442,bio-based cement,material science
2443,bio-based concrete,material science
2444,bio-based concretes,material science
2445,bio-based construction,material science
2446,bio-based economy,alternative economic system
2447,bio-based materials,technology
2448,bio-concrete,material science
2449,bio-economic pathway,alternative economic system
2450,bio-economy,alternative economic system
2451,bio-energy,bio-fuel
2452,bio-energy carbon capture,decarbonisation
2453,bio-engineering,technology
2454,bio-inspired forms,material science
2455,bio-mimetic structures,material science
2456,bio-retention systems,infrastructure
2457,bio-sourced resins,material science
2458,bio-swales,material science
2459,biocarbon,decarbonisation
2460,biocarbon engineering,decarbonisation
2461,biochar cultivation,bio-fuel
2462,biochar project,decarbonisation
2463,biochar reactor,bio-fuel
2464,biochar restoration,decarbonisation
2465,biodegradable circular economy,circular-economy
2466,biodegradable concrete,material science
2467,biodiverse ecoburbs,urban planning
2468,biodiverse ecosystems,biodiversity
2469,biodiversity action plan,biodiversity
2470,biodiversity benefits,biodiversity
2471,biodiversity enhancement,biodiversity
2472,biodiversity hotspots,biodiversity
2473,biodiversity impacts,biodiversity
2474,biodiversity in design,biodiversity
2475,biodiversity interventions,biodiversity
2476,biodiversity loss prevention,biodiversity
2477,biodiversity promotion,biodiversity
2478,biodiversity protection,biodiversity
2479,biodiversity regulation,biodiversity
2480,biodiversity reinforcement,biodiversity
2481,biodiversity resilience,biodiversity
2482,biodiversity summit,biodiversity
2483,biodiversity support,biodiversity
2484,biodiversity-friendly housing,biodiversity
2485,biodomes,urban planning
2486,bioeconomy,alternative economic system
2487,bioenergy carbon capture,decarbonisation
2488,bioenergy from trees and grasses,bio-fuel
2489,bioenergy fuels,bio-fuel
2490,bioenergy injection,bio-fuel
2491,bioenergy strategies,bio-fuel
2492,bioenergy with carbon capture,decarbonisation
2493,bioenergy with ccs,bio-fuel
2494,bioengineered pest,technology
2495,bioengineering,technology
2496,biofuel,bio-fuel
2497,biofuel process,bio-fuel
2498,biofuel transition,bio-fuel
2499,biogas conversion,bio-fuel
2500,biogenic inputs,material science
2501,biogenic materials,material science
2502,bioinspired coating,material science
2503,bioinspired efficiency,material science
2504,biological capital,material science
2505,biological catalysts,material science
2506,biological chemistry,material science
2507,biological co2 removal,decarbonisation
2508,biological foam products,material science
2509,biological matrix,material science
2510,biological methods,material science
2511,bioluminescent led,material science
2512,biomass content,bio-fuel
2513,biomass density,bio-fuel
2514,biomass energy,bio-fuel
2515,biomass focus,bio-fuel
2516,biomass growth,bio-fuel
2517,biomass impacts,bio-fuel
2518,biomass power,bio-fuel
2519,biomass pyrolysis,bio-fuel
2520,biomass uncertainty,bio-fuel
2521,biomimetic,material science
2522,biomimetic systems,material science
2523,biomineralized solutions,material science
2524,biophilic design,material science
2525,biophilic lifestyle,biodiversity
2526,bioplastics,recycling
2527,biorefinery model,material science
2528,biorefinery system,material science
2529,bioregional organizing,community-centric
2530,bioremediation,material science
2531,bioretention systems,water management
2532,biosphere,biodiversity
2533,biosphere adaptation,biodiversity
2534,biosphere analysis,biodiversity
2535,biosphere as transducer,biodiversity
2536,biosphere health,biodiversity
2537,biosphere integrity,biodiversity
2538,biosphere limits,biodiversity
2539,biosphere sequestration,decarbonisation
2540,bioswales,material science
2541,biotechnology,material science
2542,blast furnace gas,reduce fossil-fuel
2543,blended cement,material science
2544,blended scms,decarbonisation
2545,block climate funding,funding-adaptation
2546,blockchain,technology
2547,blockchain currencies,technology
2548,blockchain technology,technology
2549,bloomberg new energy finance,renewable energy
2550,blue economy,infrastructure
2551,blue infrastructure,infrastructure
2552,blue revolution,none
2553,boats,decarbonisation
2554,bold policies,governance
2555,bolivian amazon,biodiversity
2556,boost innovation,technology
2557,border adjustments,none
2558,border carbon adjustments,decarbonisation
2559,border tax,taxation
2560,bottom up approach,community-centric
2561,bottom-up community infrastructure,infrastructure
2562,bottom-up efforts,community-centric
2563,bottom-up growth,none
2564,bottom-up implementation,community-centric
2565,bottom-up innovation,community-centric
2566,bottom-up organization,community-centric
2567,break dependency,none
2568,break fossil fuel addiction,reduce fossil-fuel
2569,breakage of climate chain,none
2570,breakthrough pathway,none
2571,breakwaters,coast-protection and flood
2572,bridge fuels,bio-fuel
2573,bridges dams aqueducts,water management
2574,bright green infrastructure,infrastructure
2575,bringing nature home,human-nature equilibrium
2576,broaden discussion,none
2577,broader sectoral reductions,degrowth
2578,brownfield redevelopment,none
2579,brundtland report,risk-based approach
2580,budgeting and decision-making,knowledge-driven
2581,buffer against floods,coast-protection and flood
2582,buffer against sea levels,coast-protection and flood
2583,buffer coastal areas,coast-protection and flood
2584,buffer coastal communities,coast-protection and flood
2585,buffer coastlines,coast-protection and flood
2586,buffer communities,decentralisation
2587,buffer flooding,coast-protection and flood
2588,buffer floods,coast-protection and flood
2589,buffer space,coast-protection and flood
2590,buffer storms,coast-protection and flood
2591,buffering against floods,coast-protection and flood
2592,buffers,coast-protection and flood
2593,buffers against flooding,coast-protection and flood
2594,buffers against floods,coast-protection and flood
2595,buffers against sea-level rise,coast-protection and flood
2596,build adaptation into investments,funding-adaptation
2597,build adaptive capacity,none
2598,build carbon sinks,decarbonisation
2599,build cities with less cement,material science
2600,build climate resilience,infrastructure
2601,build foundations,urban planning
2602,build greenhouse,greenhouse
2603,build harden structures,urban planning
2604,build high,urban planning
2605,build houses not cars,urban planning
2606,build in three dimensions,urban planning
2607,build infrastructure,infrastructure
2608,build more faster cheaper,urban planning
2609,build nuclear stations,bio-fuel
2610,build on ground floor,urban planning
2611,build on nature,human-nature equilibrium
2612,build on pilings,technology
2613,build on the ground,urban planning
2614,build one meter above,urban planning
2615,build quickly,urban planning
2616,build support for carbon tax,taxation
2617,build sustainable societies,sustainability
2618,build to last,urban planning
2619,build under water,urban planning
2620,build upon existing,infrastructure
2621,building adaptation,urban planning
2622,building ban,urban planning
2623,building carbon,decarbonisation
2624,building carbon footprint,individual action
2625,building certifications,urban planning
2626,building codes,urban planning
2627,building cores,urban planning
2628,building decarbonization,decarbonisation
2629,building design,urban planning
2630,building design changes,urban planning
2631,building emissions reduction,infrastructure
2632,building energy consumption,energy efficiency
2633,building energy reduction,energy efficiency
2634,building envelope optimization,urban planning
2635,building flood barriers,coast-protection and flood
2636,building floors,material science
2637,building focus,urban planning
2638,building foundations,urban planning
2639,building heating,material science
2640,building impacts,urban planning
2641,building industry emissions,infrastructure
2642,building integrated photovoltaics,renewable energy
2643,building leaks,urban planning
2644,building lifespan,urban planning
2645,building management systems,urban planning
2646,building material emissions,infrastructure
2647,building materials,material science
2648,building measures,urban planning
2649,building perspectives,urban planning
2650,building plan,urban planning
2651,building protection,urban planning
2652,building quality,urban planning
2653,building resilience,risk-based approach
2654,building shelters,urban planning
2655,building stock,urban planning
2656,building stock disparities,urban planning
2657,building stock emissions,infrastructure
2658,building stock energy,urban planning
2659,building surfaces,material science
2660,building temperature,material science
2661,building upgrades,urban planning
2662,building with nature,human-nature equilibrium
2663,building-integrated renewables,renewable energy
2664,buildings adaptation,urban planning
2665,buildings and industry measures,urban planning
2666,buildings emissions,infrastructure
2667,buildings transportation,urban planning
2668,builds resilience,risk-based approach
2669,built environment capture,none
2670,built environment emissions,infrastructure
2671,built environment redesign,design
2672,built habitats,biodiversity
2673,built infrastructure,infrastructure
2674,built infrastructure emissions,infrastructure
2675,built-in flood resilience,coast-protection and flood
2676,built-in resilience,risk-based approach
2677,built-in technologies,material science
2678,bulges,urban planning
2679,burden on poor,vulnerable population centric
2680,burning of fossil fuels,reduce fossil-fuel
2681,bury carbon,decarbonisation
2682,bushfires,extreme events
2683,business as usual,none
2684,business paradigm,industry-centric
2685,business reinvention,industry-centric
2686,business responsibility,industry-centric
2687,business rewards,industry-centric
2688,business-as-usual risk,risk-based approach
2689,business-led adaptation,industry-centric
2690,businesses,none
2691,buy nothing,individual action
2692,buy time,none
2693,buy vs rent,urban planning
2694,buying solutions,industry-centric
2695,c-a-s-h gel,decarbonisation
2696,c-s-h material,material science
2697,c3 and c4 plants,biodiversity
2698,c40 cities,urban planning
2699,c40 report,emission reduction
2700,caco3 aggregates,material science
2701,calcined clay,material science
2702,calcined clay cement,material science
2703,calcined clay with alkaline activator,material science
2704,calcined clays,material science
2705,calcite mineralization,material science
2706,calcium ions,material science
2707,calcium nitrate,material science
2708,calcium sulphate,material science
2709,calcium-silicate-hydrate,material science
2710,california sustainable solutions,sustainability
2711,caltech cement,material science
2712,cap and trade,taxation
2713,cap fossil fuel extraction,reduce fossil-fuel
2714,cap the carbon,decarbonisation
2715,cap warming,temperature-centric
2716,cap warming 1.5°c,temperature-centric
2717,capable coalition,none
2718,capacity constraints,community-centric
2719,capacity development,community-centric
2720,capacity factor,electrification
2721,capacity to cope,community-centric
2722,capacity to help,community-centric
2723,capacity-building programs,community-centric
2724,capillary cracks,material science
2725,capital concentration,alternative economic system
2726,capital investments,funding-adaptation
2727,capital mobilization,funding-adaptation
2728,capitalism critique,socio-political approaches
2729,capitalism public good,none
2730,capitalist growth paradigm,socio-political approaches
2731,capitalocene,vulnerable population centric
2732,capture and convert co2,decarbonisation
2733,capture and store,decarbonisation
2734,capture annual rainfall,water management
2735,capture at source,decarbonisation
2736,capture atmospheric carbon,decarbonisation
2737,capture carbon,decarbonisation
2738,capture carbon from atmosphere,decarbonisation
2739,capture co2 emissions,decarbonisation
2740,capture co2 from power plants,decarbonisation
2741,capture co2 from syngas,decarbonisation
2742,capture imagination,knowledge-driven
2743,capture rainfall,water management
2744,capture the rest,decarbonisation
2745,capture utilisation storage,decarbonisation
2746,capture utilization storage,decarbonisation
2747,captured carbon,decarbonisation
2748,captured co2 feedstock,decarbonisation
2749,capturing co2,decarbonisation
2750,car-free living,individual action
2751,car-sharing,clean transportation
2752,carbfix,bio-fuel
2753,carbon account,taxation
2754,carbon audit,taxation
2755,carbon border tax,taxation
2756,carbon bricks,material science
2757,carbon budgets,taxation
2758,carbon burial,decarbonisation
2759,carbon cap,decarbonisation
2760,carbon caps,decarbonisation
2761,carbon capture and conversion,decarbonisation
2762,carbon capture and removal,decarbonisation
2763,carbon capture and sequestration,decarbonisation
2764,carbon capture and storage technologies,decarbonisation
2765,carbon capture and utilization,decarbonisation
2766,carbon capture and utilization economy,decarbonisation
2767,carbon capture at point of use,decarbonisation
2768,carbon capture cements,decarbonisation
2769,carbon capture conversion,decarbonisation
2770,carbon capture deployment,decarbonisation
2771,carbon capture for hard-to-abate,decarbonisation
2772,carbon capture in concrete,material science
2773,carbon capture industry,decarbonisation
2774,carbon capture initiatives,decarbonisation
2775,carbon capture material,decarbonisation
2776,carbon capture research,decarbonisation
2777,carbon capture skepticism,decarbonisation
2778,carbon capture solutions,decarbonisation
2779,carbon capture storage,decarbonisation
2780,carbon capture storage utilization,decarbonisation
2781,carbon capture units,decarbonisation
2782,carbon capture utilization and storage,decarbonisation
2783,"carbon capture, utilization and storage",decarbonisation
2784,carbon concrete,material science
2785,carbon credit for adaptation,taxation
2786,carbon credit market,taxation
2787,carbon dioxide capture,decarbonisation
2788,carbon dioxide concentration,emission reduction
2789,carbon dioxide sequestration,decarbonisation
2790,carbon dioxide utilisation,decarbonisation
2791,carbon dioxide utilization,decarbonisation
2792,carbon efficiency,decarbonisation
2793,carbon emission permits,emission reduction
2794,carbon emission reductions,emission reduction
2795,carbon emission regulations,emission reduction
2796,carbon emissions cuts,emission reduction
2797,carbon emissions reduction,decarbonisation
2798,carbon engineering,material science
2799,carbon extraction,decarbonisation
2800,carbon farming initiative,taxation
2801,carbon fee-and-dividend,taxation
2802,carbon footprint inventory,individual action
2803,carbon footprint reduction,individual action
2804,carbon free energy system,renewable energy
2805,carbon intensity of concrete,material science
2806,carbon intensity targets,decarbonisation
2807,carbon limit,decarbonisation
2808,carbon literacy,individual action
2809,carbon loop,decarbonisation
2810,carbon management infrastructure,decarbonisation
2811,carbon mineralization,material science
2812,carbon mineralization enhanced cement,material science
2813,carbon mineralization factories,material science
2814,carbon monoxide fuel,decarbonisation
2815,carbon nanodiamond,decarbonisation
2816,carbon nanotubes,decarbonisation
2817,carbon negative agriculture,renewable energy
2818,carbon negative buildings,renewable energy
2819,carbon negative cement,material science
2820,carbon negative footprint,individual action
2821,carbon negative industries,renewable energy
2822,carbon negative industry,renewable energy
2823,carbon negative solution,renewable energy
2824,carbon negative technologies,renewable energy
2825,carbon neutral by 2050,renewable energy
2826,carbon neutral by 2070,emission reduction
2827,carbon neutral cement,material science
2828,carbon neutral design,renewable energy
2829,carbon neutral economy,renewable energy
2830,carbon neutral energy system,renewable energy
2831,carbon neutral materials,renewable energy
2832,carbon neutral paris,renewable energy
2833,carbon neutral power plants,renewable energy
2834,carbon neutrality by 2050,emission reduction
2835,carbon neutrality critique,renewable energy
2836,carbon neutrality pathways,renewable energy
2837,carbon neutrality policies,renewable energy
2838,carbon offset credits,taxation
2839,carbon policy,taxation
2840,carbon pollution fee,taxation
2841,carbon price mechanism,taxation
2842,carbon prices,taxation
2843,carbon pricing and subsidies,taxation
2844,carbon pricing and taxation,taxation
2845,carbon pricing critique,taxation
2846,carbon pricing debate,taxation
2847,carbon pricing levels,taxation
2848,carbon pricing mechanism,taxation
2849,carbon pricing mechanisms,taxation
2850,carbon pricing policies,taxation
2851,carbon pricing policy,taxation
2852,carbon pricing system,taxation
2853,carbon pricing with trade,taxation
2854,carbon pricing worldwide,taxation
2855,carbon primer,decarbonisation
2856,carbon rationing,degrowth
2857,carbon removal center,decarbonisation
2858,carbon removal first,decarbonisation
2859,carbon removal market,taxation
2860,carbon removal scale,decarbonisation
2861,carbon removal strategy,decarbonisation
2862,carbon savings,decarbonisation
2863,carbon scrubbing,decarbonisation
2864,carbon sequestration facilities,decarbonisation
2865,carbon sequestration in soils,decarbonisation
2866,carbon sequestration materials,decarbonisation
2867,carbon sequestration metrics,decarbonisation
2868,carbon sequestration potential,decarbonisation
2869,carbon sequestration sites,decarbonisation
2870,carbon sink capacity,decarbonisation
2871,carbon sink solutions,decarbonisation
2872,carbon stability,decarbonisation
2873,carbon startup,taxation
2874,carbon stock,taxation
2875,carbon storage buildings,decarbonisation
2876,carbon storage in concrete,material science
2877,carbon storage soils,decarbonisation
2878,carbon storage technologies,decarbonisation
2879,carbon storage utilization,decarbonisation
2880,carbon system,decarbonisation
2881,carbon tax reinvestment,taxation
2882,carbon tax with income cut,taxation
2883,carbon uptake,decarbonisation
2884,carbon utilisation,decarbonisation
2885,carbon-absorbing concrete,material science
2886,carbon-absorbing forests,decarbonisation
2887,carbon-based building materials,infrastructure
2888,carbon-based economy,renewable energy
2889,carbon-capture,decarbonisation
2890,carbon-capture concrete,material science
2891,carbon-capture materials,decarbonisation
2892,carbon-capture systems,decarbonisation
2893,carbon-capturing,decarbonisation
2894,carbon-capturing concrete,material science
2895,carbon-capturing infrastructure,decarbonisation
2896,carbon-capturing materials,decarbonisation
2897,carbon-conscious,individual action
2898,carbon-conscious politics,taxation
2899,carbon-dioxide removal,decarbonisation
2900,carbon-free alternatives,energy efficiency
2901,carbon-free buildings,renewable energy
2902,carbon-free cement,material science
2903,carbon-free energy sources,renewable energy
2904,carbon-free energy system,renewable energy
2905,carbon-free global power,renewable energy
2906,carbon-free grid,renewable energy
2907,carbon-free transition,energy efficiency
2908,carbon-intensive building,renewable energy
2909,carbon-intensive materials,material science
2910,carbon-mineralizing technologies,material science
2911,carbon-negative,renewable energy
2912,carbon-negative agriculture,renewable energy
2913,carbon-negative architecture,renewable energy
2914,carbon-negative building blocks,renewable energy
2915,carbon-negative building materials,renewable energy
2916,carbon-negative concrete,material science
2917,carbon-negative concrete islands,material science
2918,carbon-negative electricity,renewable energy
2919,carbon-negative energy,renewable energy
2920,carbon-negative industries,renewable energy
2921,carbon-negative infrastructure,renewable energy
2922,carbon-negative megastructure,renewable energy
2923,carbon-negative nuclear,renewable energy
2924,carbon-negative practices,renewable energy
2925,carbon-negative product,renewable energy
2926,carbon-negative production,renewable energy
2927,carbon-negative products,renewable energy
2928,carbon-negative solutions,renewable energy
2929,carbon-negative strategy,renewable energy
2930,carbon-negative structures,renewable energy
2931,carbon-negative system,renewable energy
2932,carbon-negative technologies,renewable energy
2933,carbon-neutral,renewable energy
2934,carbon-neutral agriculture,renewable energy
2935,carbon-neutral atmosphere,renewable energy
2936,carbon-neutral building materials,renewable energy
2937,carbon-neutral buildings,renewable energy
2938,carbon-neutral circular infrastructure,renewable energy
2939,carbon-neutral cities,renewable energy
2940,carbon-neutral concrete,material science
2941,carbon-neutral development,renewable energy
2942,carbon-neutral economy,renewable energy
2943,carbon-neutral economy by 2050,renewable energy
2944,carbon-neutral electricity,renewable energy
2945,carbon-neutral energy,renewable energy
2946,carbon-neutral energy mix,renewable energy
2947,carbon-neutral energy sources,renewable energy
2948,carbon-neutral future,renewable energy
2949,carbon-neutral grid,renewable energy
2950,carbon-neutral industries,renewable energy
2951,carbon-neutral infrastructure,renewable energy
2952,carbon-neutral materials,renewable energy
2953,carbon-neutral pathway,renewable energy
2954,carbon-neutral production,renewable energy
2955,carbon-neutral regenerative economy,material science
2956,carbon-neutral renewable energy,renewable energy
2957,carbon-neutral society,renewable energy
2958,carbon-neutral sources,renewable energy
2959,carbon-neutral supply chain,renewable energy
2960,carbon-neutral targets,decarbonisation
2961,carbon-neutral technologies,renewable energy
2962,carbon-neutral transportation,renewable energy
2963,carbon-positive concrete,material science
2964,carbon-pricing,taxation
2965,carbon-reduction policy,decarbonisation
2966,carbon-removing technology,decarbonisation
2967,carbon-rich amendments,decarbonisation
2968,carbon-sequestering concrete,material science
2969,carbon-sequestering materials,decarbonisation
2970,carbon-sequestering wetlands,decarbonisation
2971,carbon-sequestration,decarbonisation
2972,carbon-sequestration technologies,decarbonisation
2973,carbon-storing forests,decarbonisation
2974,carbon-storing materials,decarbonisation
2975,carbon-to-fuels,bio-fuel
2976,carbon-to-products technology,bio-fuel
2977,carbonate concrete,material science
2978,carbonate ion,material science
2979,carbonate minerals,material science
2980,carbonate sequestration,decarbonisation
2981,carbonate-based products,material science
2982,carbonated blast furnace slag,material science
2983,carbonated concrete,material science
2984,carbonates,material science
2985,carbonation,material science
2986,carbonation of concrete,material science
2987,carbonation reactions,material science
2988,carbonation-enhancing admixtures,material science
2989,carboncure technology,decarbonisation
2990,carbonization,decarbonisation
2991,carbonized biochar,decarbonisation
2992,carbonnegative,renewable energy
2993,cargo ship,clean transportation
2994,carpooling,clean transportation
2995,cascading impacts,risk-based approach
2996,case studies,none
2997,catalytic reaction,bio-fuel
2998,catastrophic consequences,risk-based approach
2999,catch acronym,decarbonisation
3000,ccaa,decarbonisation
3001,ccass,decarbonisation
3002,ccs critical component,decarbonisation
3003,ccs deployment,decarbonisation
3004,ccs implementation,decarbonisation
3005,ccs project,decarbonisation
3006,ccs scaled up,decarbonisation
3007,ccs technology,decarbonisation
3008,ccs value chain,decarbonisation
3009,ccu,decarbonisation
3010,ccu based bipv,decarbonisation
3011,ccu cement,decarbonisation
3012,ccu technology,decarbonisation
3013,ccus,decarbonisation
3014,ccus adoption,decarbonisation
3015,ccus deployment,decarbonisation
3016,ccus facilities,decarbonisation
3017,ccus integration,decarbonisation
3018,ccus scaling,decarbonisation
3019,ccus systems,decarbonisation
3020,ccus technologies,decarbonisation
3021,cdr concrete,material science
3022,cdr strategy,managerial practices
3023,cease consumption,individual action
3024,cease fossil fuel infrastructure,reduce fossil-fuel
3025,cellulose to gasoline,bio-fuel
3026,cement and aggregate,material science
3027,cement and steel,material science
3028,cement co2,material science
3029,cement decarbonization,material science
3030,cement durability,material science
3031,cement factories,material science
3032,cement industry,material science
3033,cement industry emissions,material science
3034,cement industry transition,material science
3035,cement integration,material science
3036,cement lifecycle,material science
3037,cement moratorium,material science
3038,cement production emissions,material science
3039,cement properties,material science
3040,cement quantities,material science
3041,cement reduction,material science
3042,cement replacement,material science
3043,cement sequestration,decarbonisation
3044,cement substitute,material science
3045,cement substitution,material science
3046,cement-free,material science
3047,cement-free infrastructure,material science
3048,cement-free materials,material science
3049,cement-free mixes,material science
3050,cementitious emissions,material science
3051,cementless,material science
3052,center for disaster and climate resilience,State-led
3053,central banking,taxation
3054,centralized climate offices,State-led
3055,centralized control,State-led
3056,centralized strategy,State-led
3057,century-scale infrastructure,infrastructure
3058,ceramic city shell,material science
3059,ceramic foam insulation,material science
3060,cessation of emissions,reduce fossil-fuel
3061,cessation of fossil fuel extraction,reduce fossil-fuel
3062,change agricultural practices,food-system
3063,change factors,none
3064,change food production,food-system
3065,change narrative,none
3066,change tax laws,taxation
3067,change use of space,urban planning
3068,changing diets,food-system
3069,changing direction,transition and transformation
3070,changing precipitation,extreme events
3071,changing sun,renewable energy
3072,charcoal in agriculture,decarbonisation
3073,charge emitters,emission reduction
3074,charge for emissions,emission reduction
3075,charging stations,electrification
3076,cheap non-toxic concrete,material science
3077,cheap solar,renewable energy
3078,cheap sustainable materials,material science
3079,chemical decomposition,material science
3080,chemical looping co2 capture,decarbonisation
3081,chemical mineralization,material science
3082,chemical processing,material science
3083,chemicals,material science
3084,child health costs,cost-benefit driven
3085,children-centered policy,governance
3086,chimney carbon capture,decarbonisation
3087,china climate support,none
3088,chinese model,none
3089,chloride ingress,material science
3090,choice modes,none
3091,circular blocks,circular-economy
3092,circular business models,circular-economy
3093,circular carbon economy,circular-economy
3094,circular cities,circular-economy
3095,circular city model,circular-economy
3096,circular climate-resilient economy,circular-economy
3097,circular collaboration,decentralisation
3098,circular design,circular-economy
3099,circular economic model,circular-economy
3100,circular economies,circular-economy
3101,circular economy approach,circular-economy
3102,circular economy concept,circular-economy
3103,circular economy districts,circular-economy
3104,circular economy implementation,circular-economy
3105,circular economy in construction,circular-economy
3106,circular economy innovations,circular-economy
3107,circular economy practices,circular-economy
3108,circular economy principles,circular-economy
3109,circular economy target,circular-economy
3110,circular infrastructure,circular-economy
3111,circular low-carbon economy,circular-economy
3112,circular models,circular-economy
3113,circular practices,circular-economy
3114,circular production,circular-economy
3115,circular regenerative economy,circular-economy
3116,circular solutions,circular-economy
3117,circular systems,circular-economy
3118,circular technologies,circular-economy
3119,circular value chain,circular-economy
3120,circularity principle,circular-economy
3121,cities,urban planning
3122,cities and regions,urban planning
3123,cities as laboratories,urban planning
3124,cities challenge,urban planning
3125,cities implementation,urban planning
3126,cities role,decentralisation
3127,cities solutions,urban planning
3128,citizen capitalism,alternative economic system
3129,citizen democracy,socio-political approaches
3130,citizen dividends,taxation
3131,citizen empowerment,socio-political approaches
3132,citizen innovation,socio-political approaches
3133,citizen investment,funding-adaptation
3134,citizen science,socio-political approaches
3135,citizen welfare,socio-political approaches
3136,citizen-based cooperatives,socio-political approaches
3137,citizen-initiative,socio-political approaches
3138,city design,urban planning
3139,city fortification,infrastructure
3140,city health,urban planning
3141,city hub apartments,urban planning
3142,city impacts,risk-based approach
3143,city implementations,urban planning
3144,city in the canals,urban planning
3145,city mayors,socio-political approaches
3146,city office,urban planning
3147,city risk,urban planning
3148,city sustainability,urban planning
3149,city to watershed,water management
3150,city toolbox,urban planning
3151,city trees,forest-centric
3152,city-level action,decentralisation
3153,city-level data,decentralisation
3154,city-scale planning,urban planning
3155,city-wide green infrastructure,infrastructure
3156,civil disobedience,socio-political approaches
3157,civil engineering track record,technology
3158,civil intelligence,knowledge-driven
3159,civil servants actions,community-centric
3160,civil society,socio-political approaches
3161,civil society involvement,socio-political approaches
3162,civilizational transformation,transition and transformation
3163,clay concrete,material science
3164,clean air act precedent,governance
3165,clean alternatives,energy efficiency
3166,clean and renewable energy,renewable energy
3167,clean and smart cement,material science
3168,clean concrete,material science
3169,clean development finance,funding-adaptation
3170,clean development mechanism,technology
3171,clean drinking water,water management
3172,clean efficient energy,renewable energy
3173,clean electrical energy,renewable energy
3174,clean electricity access,renewable energy
3175,clean electricity transport,renewable energy
3176,clean electrification,electrification
3177,clean energy deployment,renewable energy
3178,clean energy development,renewable energy
3179,clean energy economy by 2050,emission reduction
3180,clean energy grid,renewable energy
3181,clean energy infrastructure,renewable energy
3182,clean energy investments,funding-adaptation
3183,clean energy jobs,renewable energy
3184,clean energy markets,renewable energy
3185,clean energy mix,renewable energy
3186,clean energy policies,renewable energy
3187,clean energy policy,renewable energy
3188,clean energy projects,renewable energy
3189,clean energy research,renewable energy
3190,clean energy scaling,renewable energy
3191,clean energy sources,renewable energy
3192,clean energy standard,renewable energy
3193,clean energy standards,renewable energy
3194,clean energy subsidies,taxation
3195,clean energy systems,renewable energy
3196,clean energy targets,renewable energy
3197,clean energy tax credits,renewable energy
3198,clean energy transitions,renewable energy
3199,clean equitable energy system,renewable energy
3200,clean fossil fuel production,reduce fossil-fuel
3201,clean growth,alternative economic system
3202,clean heat,technology
3203,clean hydrogen,bio-fuel
3204,clean infrastructure,renewable energy
3205,clean profitable solutions,industry-centric
3206,clean tech subsidies,taxation
3207,clean technologies investment,funding-adaptation
3208,clean technology innovation,technology
3209,clean technology investment,funding-adaptation
3210,clean technology subsidies,taxation
3211,clean transport electrification,electrification
3212,clean transportation,clean transportation
3213,clean-tech r&d,technology
3214,cleaner energy,renewable energy
3215,cleanest energy mix,renewable energy
3216,cleantech,technology
3217,clear goals and metrics,managerial practices
3218,clear language,none
3219,clear plan,managerial practices
3220,cliff safety,nature management
3221,climadurabuild,urban planning
3222,climate acceleration,none
3223,climate action loans,funding-adaptation
3224,climate action plan,managerial practices
3225,climate action plans,managerial practices
3226,climate action scenarios,managerial practices
3227,climate action tracker,managerial practices
3228,climate activists,socio-political approaches
3229,climate adapt,none
3230,climate adaptation academy,knowledge-driven
3231,climate adaptation action,none
3232,climate adaptation definition,knowledge-driven
3233,climate adaptation division,none
3234,climate adaptation finance,funding-adaptation
3235,climate adaptation foundation,none
3236,climate adaptation funding,funding-adaptation
3237,climate adaptation infrastructure,infrastructure
3238,climate adaptation plans,managerial practices
3239,climate adaptation policy,governance
3240,climate adaptation process,none
3241,climate adaptation strategies,none
3242,climate adaptation vs mitigation,risk-based approach
3243,climate adapted cities,infrastructure
3244,climate adaptive,none
3245,climate agnosticism,none
3246,climate alarm,none
3247,climate anxiety,none
3248,climate campaigns,none
3249,climate catastrophe risk,risk-based approach
3250,climate center of excellence,knowledge-driven
3251,climate champions,none
3252,climate change adaptation,none
3253,climate change irreversible,none
3254,climate change mitigation,temperature-centric
3255,climate change projections,climate models
3256,climate change research,knowledge-driven
3257,climate change strategy,none
3258,climate compatibility,none
3259,climate competitions,none
3260,climate complexity,none
3261,climate crisis,none
3262,climate crisis breakthrough,none
3263,climate data,knowledge-driven
3264,climate data networks,knowledge-driven
3265,climate denial,none
3266,climate deniers,none
3267,climate design,design
3268,climate displacement,vulnerable population centric
3269,climate diversity,none
3270,climate economist,alternative economic system
3271,climate emergency plan,managerial practices
3272,climate engineering,technology
3273,climate evidence,knowledge-driven
3274,climate feedback loops,climate models
3275,climate financing,funding-adaptation
3276,climate fund,funding-adaptation
3277,climate geoengineering,technology
3278,climate health impacts,none
3279,climate hubs,none
3280,climate impact chain,none
3281,climate impacts,none
3282,climate information services,knowledge-driven
3283,climate information systems,knowledge-driven
3284,climate injustice,vulnerable population centric
3285,climate insurance,cost-benefit driven
3286,climate job guarantee,vulnerable population centric
3287,climate jobs,vulnerable population centric
3288,climate just transition,vulnerable population centric
3289,climate justice and equity,vulnerable population centric
3290,climate justice model,vulnerable population centric
3291,climate justice movement,vulnerable population centric
3292,climate knowledge,knowledge-driven
3293,climate lag effect,none
3294,climate lags,none
3295,climate law,governance
3296,climate leadership,none
3297,climate legal action,socio-political approaches
3298,climate mitigation critique,socio-political approaches
3299,climate mitigation targets,managerial practices
3300,climate model projections,climate models
3301,climate modeling,climate models
3302,climate movement,none
3303,climate neutral 2050,emission reduction
3304,climate neutral built environment,emission reduction
3305,climate neutrality measures,emission reduction
3306,climate planning,managerial practices
3307,climate plans,managerial practices
3308,climate policy alignment,governance
3309,climate policy costs,governance
3310,climate political crisis,socio-political approaches
3311,climate positive concrete,technology
3312,climate preparedness,risk-based approach
3313,climate progress,none
3314,climate projections,climate models
3315,climate projections accuracy,climate models
3316,climate protection,none
3317,climate protection plan 2050,managerial practices
3318,climate protests,socio-political approaches
3319,climate readings,knowledge-driven
3320,climate regulation,governance
3321,climate research,knowledge-driven
3322,climate resilience and adaptation,risk-based approach
3323,climate resilience and transition,transition and transformation
3324,climate resilience common sense,none
3325,climate resilience in urban planning,risk-based approach
3326,climate resilience infrastructure,infrastructure
3327,climate resilience integration,risk-based approach
3328,climate resilience investment,funding-adaptation
3329,climate resilience plan,risk-based approach
3330,climate resilience projects,risk-based approach
3331,climate resilience strategies,risk-based approach
3332,climate resilience system,none
3333,climate resilience toolkit,none
3334,climate resilient,none
3335,climate resilient agriculture,risk-based approach
3336,climate resilient buildings,none
3337,climate resilient design,design
3338,climate resilient economies,alternative economic system
3339,climate resilient forest,forest-centric
3340,climate risk,none
3341,climate risk assessment,risk-based approach
3342,climate risk assessments,risk-based approach
3343,climate risk landscape,risk-based approach
3344,climate risk management,risk-based approach
3345,climate risk mapping,risk-based approach
3346,climate risk modeling,risk-based approach
3347,climate risk tools,risk-based approach
3348,climate risk transfer,risk-based approach
3349,climate risk-weighted,risk-based approach
3350,climate safe coalitions,none
3351,climate science,knowledge-driven
3352,climate science consensus,knowledge-driven
3353,climate security,none
3354,climate sensitivity,none
3355,climate services,none
3356,climate smart communities,none
3357,climate smart planning,none
3358,climate stability,managerial practices
3359,climate strategy,none
3360,climate susceptibility,none
3361,climate tax,taxation
3362,climate tech,technology
3363,climate threat priority,none
3364,climate uncertainty,none
3365,climate valuation system,none
3366,climate walls,infrastructure
3367,climate web,none
3368,climate-adapted,none
3369,climate-adaptive development,none
3370,climate-adaptive housing,none
3371,climate-beneficial commodities,industry-centric
3372,climate-compatible lifestyle,none
3373,climate-conflict,none
3374,climate-conscious building,infrastructure
3375,climate-conscious policies,governance
3376,climate-emergency triage,risk-based approach
3377,climate-focused unions,none
3378,climate-friendly building,infrastructure
3379,climate-friendly food,food-system
3380,climate-friendly land use,risk-based approach
3381,climate-friendly refrigerants,none
3382,climate-friendly transport,clean transportation
3383,climate-informed agriculture,food-system
3384,climate-informed decision-making,socio-political approaches
3385,climate-informed governance,governance
3386,climate-informed infrastructure,infrastructure
3387,climate-informed land use,urban planning
3388,climate-informed land use planning,urban planning
3389,climate-informed planning,urban planning
3390,climate-informed urban planning,urban planning
3391,climate-neutral activists,socio-political approaches
3392,climate-neutral cement,material science
3393,climate-neutral city,urban planning
3394,climate-neutral construction,urban planning
3395,climate-neutral living space,urban planning
3396,climate-positive concrete,material science
3397,climate-poverty nexus,none
3398,climate-proofing,none
3399,climate-proofing strategies,none
3400,climate-ready,risk-based approach
3401,climate-related deaths,none
3402,climate-related disasters,none
3403,climate-related hazards,none
3404,climate-related insurance,cost-benefit driven
3405,climate-resilient agricultural practices,food-system
3406,climate-resilient agriculture,food-system
3407,climate-resilient architecture,none
3408,climate-resilient biodiversity,biodiversity
3409,climate-resilient building,infrastructure
3410,climate-resilient building codes,infrastructure
3411,climate-resilient buildings,urban planning
3412,climate-resilient circular economy,circular-economy
3413,climate-resilient concrete,material science
3414,climate-resilient construction,infrastructure
3415,climate-resilient design principles,design
3416,climate-resilient design standards,design
3417,climate-resilient designs,design
3418,climate-resilient economic training,vulnerable population centric
3419,climate-resilient economy,alternative economic system
3420,climate-resilient ecosystems,biodiversity
3421,climate-resilient features,none
3422,climate-resilient food,food-system
3423,climate-resilient food systems,food-system
3424,climate-resilient health infrastructure,infrastructure
3425,climate-resilient homes,infrastructure
3426,climate-resilient housing,infrastructure
3427,climate-resilient infrastructure,infrastructure
3428,climate-resilient infrastructure and practices,infrastructure
3429,climate-resilient infrastructure design,infrastructure
3430,climate-resilient infrastructure development,infrastructure
3431,climate-resilient infrastructure planning,infrastructure
3432,climate-resilient infrastructure program,infrastructure
3433,climate-resilient investment,funding-adaptation
3434,climate-resilient investments,funding-adaptation
3435,climate-resilient land-use,infrastructure
3436,climate-resilient lifestyle,none
3437,climate-resilient livelihoods,none
3438,climate-resilient low-carbon concrete,material science
3439,climate-resilient materials,material science
3440,climate-resilient measures,risk-based approach
3441,climate-resilient mixes,material science
3442,climate-resilient plan,managerial practices
3443,climate-resilient planning,managerial practices
3444,climate-resilient practices,none
3445,climate-resilient standards,none
3446,climate-resilient strategies,none
3447,climate-resilient sustainable land-use practices,urban planning
3448,climate-resilient systems,none
3449,climate-resilient technologies,technology
3450,climate-resilient urban design,urban planning
3451,climate-resilient urban planning,urban planning
3452,climate-resilient water,water management
3453,climate-resilient water management,water management
3454,climate-resilient water systems,water management
3455,climate-resilient zoning,urban planning
3456,climate-resistant agriculture,food-system
3457,climate-resistant building,infrastructure
3458,climate-responsive materials,material science
3459,climate-risk,risk-based approach
3460,climate-savvy entrepreneurs,industry-centric
3461,climate-sensitive governance,governance
3462,climate-sensitive planning,urban planning
3463,climate-smart agroecological,food-system
3464,climate-smart building codes,infrastructure
3465,climate-smart buildings,infrastructure
3466,climate-smart crops,food-system
3467,climate-smart economy,alternative economic system
3468,climate-smart infrastructure,infrastructure
3469,climate-smart technologies,technology
3470,climate-smart water management,water management
3471,climate-tailored building,infrastructure
3472,climatebattery,electrification
3473,climatenow,none
3474,climateworks,technology
3475,climate‑resistant crops,food-system
3476,climatic variables,climate models
3477,climeworks,technology
3478,clinker reduction,technology
3479,close coal plants,reduce fossil-fuel
3480,close fossil fuel plants,reduce fossil-fuel
3481,close new fossil fields,reduce fossil-fuel
3482,closed carbon cycle,decarbonisation
3483,closed loop,none
3484,closed loop supply chains,sustainability
3485,closed to commercial fishing,food-system
3486,closed-loop circular economy,circular-economy
3487,closed-loop economy,circular-economy
3488,closed-loop geoengineering,technology
3489,closed-loop life support,none
3490,closed-loop manufacturing,technology
3491,closed-loop production,technology
3492,closed-loop recycling,recycling
3493,closed-loop system,managerial practices
3494,closed-loop systems,managerial practices
3495,closing water cycles,water management
3496,cloud reflection,nature management
3497,cloud seeding,water management
3498,clt,decarbonisation
3499,co-beneficial approaches,vulnerable population centric
3500,co-benefits of reducing carbon,decarbonisation
3501,co-create nature,human-nature equilibrium
3502,co-create solutions,community-centric
3503,co-created projects,community-centric
3504,co-evolution low carbon,energy efficiency
3505,co2 absorbing cement,material science
3506,co2 absorption and utilization,decarbonisation
3507,co2 atmospheric threshold,decarbonisation
3508,co2 atmospheric trends,decarbonisation
3509,co2 attention,decarbonisation
3510,co2 balance,decarbonisation
3511,co2 cap,decarbonisation
3512,co2 capture and burial,decarbonisation
3513,co2 capture in concrete,material science
3514,co2 capture technology,decarbonisation
3515,co2 contribution,decarbonisation
3516,co2 conversion,decarbonisation
3517,co2 cured concrete,material science
3518,co2 curing,decarbonisation
3519,co2 drawdown,decarbonisation
3520,co2 emissions per gdp,emission reduction
3521,co2 emissions per kwh,emission reduction
3522,co2 emissions savings,emission reduction
3523,co2 feedstock,decarbonisation
3524,co2 fees,emission reduction
3525,co2 fixing in concrete,material science
3526,co2 focus,decarbonisation
3527,co2 from cement,material science
3528,co2 in concrete,material science
3529,co2 injection,decarbonisation
3530,co2 outgassing,decarbonisation
3531,co2 per dollar,emission reduction
3532,co2 per ton,emission reduction
3533,co2 release,decarbonisation
3534,co2 removal options,decarbonisation
3535,co2 removal public funding,decarbonisation
3536,co2 reporting,decarbonisation
3537,co2 sealants,decarbonisation
3538,co2 sequester,decarbonisation
3539,co2 sink,decarbonisation
3540,co2 storage in concrete,material science
3541,co2 uptake,decarbonisation
3542,co2 utilisation,decarbonisation
3543,co2 utilization,decarbonisation
3544,co2-activated cement,material science
3545,co2-calculating atm,decarbonisation
3546,co2-capturing concrete,material science
3547,co2-derived products,decarbonisation
3548,co2-neutral fuels,emission reduction
3549,co2-strengthened concrete,material science
3550,co2-to-hydrocarbons,decarbonisation
3551,co2-to-product conversion,decarbonisation
3552,co2e capture,decarbonisation
3553,co2on concrete,material science
3554,co2u,decarbonisation
3555,coal ash in concrete,material science
3556,coal compensation,reduce fossil-fuel
3557,coal gas oil,reduce fossil-fuel
3558,coal phase-out,reduce fossil-fuel
3559,coal plant retrofits,reduce fossil-fuel
3560,coal power plants,reduce fossil-fuel
3561,coal production timeline,reduce fossil-fuel
3562,coal shutdown,reduce fossil-fuel
3563,coal-fired electricity,reduce fossil-fuel
3564,coalition of stakeholders,knowledge-driven
3565,coalitions of willing,knowledge-driven
3566,coastal areas,coast-protection and flood
3567,coastal buffer,coast-protection and flood
3568,coastal buffering,coast-protection and flood
3569,coastal conservation,coast-protection and flood
3570,coastal defense,coast-protection and flood
3571,coastal defense systems,coast-protection and flood
3572,coastal defenses,coast-protection and flood
3573,coastal development,coast-protection and flood
3574,coastal dykes,coast-protection and flood
3575,coastal ecosystem restoration,coast-protection and flood
3576,coastal ecosystems,coast-protection and flood
3577,coastal ecosystems restoration,coast-protection and flood
3578,coastal engineering,coast-protection and flood
3579,coastal erosion,coast-protection and flood
3580,coastal flood barriers,coast-protection and flood
3581,coastal flood protection,coast-protection and flood
3582,coastal flooding,coast-protection and flood
3583,coastal housing transformation,coast-protection and flood
3584,coastal infrastructure,coast-protection and flood
3585,coastal mangroves,coast-protection and flood
3586,coastal models,coast-protection and flood
3587,coastal populations,coast-protection and flood
3588,coastal preparation,coast-protection and flood
3589,coastal regulation,coast-protection and flood
3590,coastal restoration,coast-protection and flood
3591,coastal risks,coast-protection and flood
3592,coastal seawalls,coast-protection and flood
3593,coastal stabilization,coast-protection and flood
3594,coastal systems,coast-protection and flood
3595,coastal tree planting,coast-protection and flood
3596,coastal trees,coast-protection and flood
3597,coastal urbanization,coast-protection and flood
3598,coastal vulnerability,coast-protection and flood
3599,coastal watersheds,coast-protection and flood
3600,coastal wetland restoration,coast-protection and flood
3601,coastal wetlands,coast-protection and flood
3602,coastal wetlands restoration,coast-protection and flood
3603,coastline loss,coast-protection and flood
3604,coastline protection,coast-protection and flood
3605,coastline restoration,coast-protection and flood
3606,coastlines,coast-protection and flood
3607,coatings,material science
3608,cob house,urban planning
3609,cob mixture,material science
3610,cocrete,material science
3611,coexist with rising waters,coast-protection and flood
3612,cold room insulation,material science
3613,collaborative effort,global collaboration
3614,collaborative global response,global collaboration
3615,collaborative governance,socio-political approaches
3616,collaborative learning,knowledge-driven
3617,collaborative planning,knowledge-driven
3618,collaborative systems,socio-political approaches
3619,collapse consumerism,degrowth
3620,collapse of industrial civilisation,socio-political approaches
3621,collapse preparation,risk-based approach
3622,collapse systems,transition and transformation
3623,collect and store precipitation,water management
3624,collective action rights,socio-political approaches
3625,collective awareness,socio-political approaches
3626,collective choices,socio-political approaches
3627,collective climate action,socio-political approaches
3628,collective control,community-centric
3629,collective cooperation,global collaboration
3630,collective coordinated effort,global collaboration
3631,collective dialog,socio-political approaches
3632,collective global effort,global collaboration
3633,collective hardware,technology
3634,collective human carbon footprint,individual action
3635,collective knowledge,knowledge-driven
3636,collective leadership,none
3637,collective memory,socio-political approaches
3638,collective policy transition,transition and transformation
3639,collective resilience,knowledge-driven
3640,collective response,socio-political approaches
3641,collective survival,socio-political approaches
3642,collective transition,transition and transformation
3643,collective transition to renewable energy,renewable energy
3644,collective wellbeing,vulnerable population centric
3645,collectively transition,transition and transformation
3646,combatting climate change,temperature-centric
3647,combination approach,none
3648,combine co2 with water,decarbonisation
3649,combine reduce recycle,recycling
3650,combined approaches,none
3651,combined cooling heating power,technology
3652,commercial rooftops,urban planning
3653,commercial scale,industry-centric
3654,commercialization,industry-centric
3655,commit to rapid transition,transition and transformation
3656,commodification of nature,human-nature equilibrium
3657,common good,none
3658,common sense action,none
3659,commons,none
3660,commons funding,funding-adaptation
3661,commons solution,none
3662,commons-oriented policies,governance
3663,communicate platforms,none
3664,communication strategy,managerial practices
3665,communication systems,managerial practices
3666,communities,decentralisation
3667,community 100% renewable,renewable energy
3668,community action,community-centric
3669,community actions,community-centric
3670,community advocacy,community-centric
3671,community based adaptation,community-centric
3672,community capacity,community-centric
3673,community cohesion,community-centric
3674,community connections,community-centric
3675,community contexts,community-centric
3676,community design,community-centric
3677,community development,community-centric
3678,community dialogue,socio-political approaches
3679,community driven,community-centric
3680,community driven policy,community-centric
3681,community early warning systems,climate models
3682,community education,community-centric
3683,community education programs,community-centric
3684,community emergency plans,risk-based approach
3685,community equity,vulnerable population centric
3686,community experience,community-centric
3687,community farm,food-system
3688,community feedback,community-centric
3689,community generation,community-centric
3690,community greening,urban planning
3691,community impact,risk-based approach
3692,community implementation,community-centric
3693,community input,community-centric
3694,community investment,community-centric
3695,community involvement,community-centric
3696,community land trusts,community-centric
3697,community lifestyles,community-centric
3698,community livelihoods,decentralisation
3699,community managed,community-centric
3700,community mentorship,community-centric
3701,community migration,community-centric
3702,community mobilisation,socio-political approaches
3703,community network,community-centric
3704,community networks,community-centric
3705,community participation,community-centric
3706,community perspectives,community-centric
3707,community planning,community-centric
3708,community planting,food-system
3709,community preparedness,risk-based approach
3710,community projects,community-centric
3711,community protection,vulnerable population centric
3712,community rebuilding,socio-political approaches
3713,community recycling,recycling
3714,community relocation,community-centric
3715,community resilience corps,community-centric
3716,community resilience-building,community-centric
3717,community solar gardens,renewable energy
3718,community strategies,community-centric
3719,community support networks,decentralisation
3720,community supported infrastructure,infrastructure
3721,community systems,community-centric
3722,community tools,community-centric
3723,community training,community-centric
3724,community vulnerability,risk-based approach
3725,community water harvesting,water management
3726,community-based action,community-centric
3727,community-based adaptation,community-centric
3728,community-based adaptation plan,community-centric
3729,community-based agriculture,community-centric
3730,community-based approaches,community-centric
3731,community-based disaster preparedness,community-centric
3732,community-based early warning,community-centric
3733,community-based early warning systems,community-centric
3734,community-based entrepreneurship,community-centric
3735,community-based ews,community-centric
3736,community-based farming,community-centric
3737,community-based flood adaptation,community-centric
3738,community-based infrastructure,community-centric
3739,community-based initiatives,community-centric
3740,community-based knowledge sharing,community-centric
3741,community-based planning,community-centric
3742,community-based preparedness,community-centric
3743,community-based renewable energy,community-centric
3744,community-based solar,community-centric
3745,community-based solutions,community-centric
3746,community-based strategies,community-centric
3747,community-based training,community-centric
3748,community-controlled renewables,community-centric
3749,community-driven actions,community-centric
3750,community-driven adaptation,community-centric
3751,community-driven early warning,community-centric
3752,community-driven early warning networks,community-centric
3753,community-driven early warning systems,community-centric
3754,community-driven implementation,community-centric
3755,community-driven infrastructure,community-centric
3756,community-driven initiatives,community-centric
3757,community-driven planning,community-centric
3758,community-driven plans,community-centric
3759,community-driven policies,community-centric
3760,community-driven policy frameworks,community-centric
3761,community-driven policy reforms,community-centric
3762,community-driven resilience,community-centric
3763,community-driven solar,community-centric
3764,community-driven solutions,community-centric
3765,community-driven strategies,community-centric
3766,community-led,community-centric
3767,community-led adaptation,community-centric
3768,community-led adaptive planning,community-centric
3769,community-led agricultural innovations,community-centric
3770,community-led approach,community-centric
3771,community-led capacity building,community-centric
3772,community-led capacity-building,community-centric
3773,community-led co-design,community-centric
3774,community-led conservation,community-centric
3775,community-led cooperatives,community-centric
3776,community-led decision making,community-centric
3777,community-led decision-making,community-centric
3778,community-led deployment,community-centric
3779,community-led early warning,community-centric
3780,community-led early warning systems,community-centric
3781,community-led education,community-centric
3782,community-led governance,community-centric
3783,community-led infrastructure,community-centric
3784,community-led initiatives,community-centric
3785,community-led nature-based solutions,community-centric
3786,community-led planning,community-centric
3787,community-led plans,community-centric
3788,community-led policies,community-centric
3789,community-led process,community-centric
3790,community-led projects,community-centric
3791,community-led renewable infrastructure,community-centric
3792,community-led renewables,community-centric
3793,community-led social change,community-centric
3794,community-led solutions,community-centric
3795,community-led strategies,community-centric
3796,community-led strategy,community-centric
3797,community-led transition,community-centric
3798,community-level education,community-centric
3799,community-oriented,community-centric
3800,community-owned cooperatives,community-centric
3801,community-owned energy,community-centric
3802,community-owned renewable energy,community-centric
3803,community-owned renewables,community-centric
3804,community-owned solar,community-centric
3805,community-scale energy cooperatives,community-centric
3806,community-scale projects,community-centric
3807,community-scale wind,community-centric
3808,community-sourced solar,community-centric
3809,community-supported agriculture,community-centric
3810,community-wide efforts,community-centric
3811,community‑anchored energy,community-centric
3812,commuter rail,clean transportation
3813,compact mass,none
3814,compact neighborhoods,urban planning
3815,compact urban areas,urban planning
3816,compact urban development,urban planning
3817,compact urban living,urban planning
3818,comparative harms,risk-based approach
3819,compassion,socio-political approaches
3820,compatible gdp growth,alternative economic system
3821,compensate affected,risk-based approach
3822,compensate damage,risk-based approach
3823,compensate emissions,taxation
3824,compensate for change,risk-based approach
3825,compensate resilience,risk-based approach
3826,compensation,risk-based approach
3827,compensation scheme,risk-based approach
3828,competitive price fusion,cost-benefit driven
3829,complementary approaches,none
3830,complex climate system,none
3831,complex interactions,none
3832,complex recommendations,governance
3833,complex systems,none
3834,complexity,none
3835,complexity of energy,renewable energy
3836,compliance monitoring,managerial practices
3837,composite panels,renewable energy
3838,compost,recycling
3839,compost food waste,recycling
3840,compost production,recycling
3841,composting programs,recycling
3842,compound interest,industry-centric
3843,comprehensive adaptation plan,none
3844,comprehensive approach,none
3845,comprehensive approaches,none
3846,comprehensive carbon pricing,taxation
3847,comprehensive climate report,knowledge-driven
3848,comprehensive climate resilience,none
3849,comprehensive early warning,climate models
3850,comprehensive electrification,electrification
3851,comprehensive pathway,none
3852,comprehensive phase-out,reduce fossil-fuel
3853,comprehensive resilience plan,risk-based approach
3854,comprehensive response,none
3855,comprehensive transition,transition and transformation
3856,comprehensive vulnerability assessments,risk-based approach
3857,compressed air storage,decarbonisation
3858,compressed biomass,bio-fuel
3859,compressed earth block,nature management
3860,compulsory buildings,urban planning
3861,concentrated efforts,State-led
3862,concentrated power,electrification
3863,concentrating co2,decarbonisation
3864,concentrating photovoltaics,renewable energy
3865,concentrating solar,renewable energy
3866,concentrating solar thermal,renewable energy
3867,concrete absorption,material science
3868,concrete adaptation,none
3869,concrete advantages,none
3870,concrete alternatives,material science
3871,concrete and steel,material science
3872,concrete and wood,material science
3873,concrete arches,material science
3874,concrete architecture,material science
3875,concrete as carbon sink,decarbonisation
3876,concrete as renewable,material science
3877,concrete basins,material science
3878,concrete bridge demands,material science
3879,concrete bunker,material science
3880,concrete carbon fixation,material science
3881,concrete carbon sequestration,decarbonisation
3882,concrete carbon sink,decarbonisation
3883,concrete carbonation,material science
3884,concrete catch basin,material science
3885,concrete channels,material science
3886,concrete cities,material science
3887,concrete climate mitigation,temperature-centric
3888,concrete co2,material science
3889,concrete co2 emissions,material science
3890,concrete co2 footprint,material science
3891,concrete co2 storage,decarbonisation
3892,concrete commitment,material science
3893,concrete composite structure,material science
3894,concrete considerations,material science
3895,concrete cycle paths,material science
3896,concrete decarbonization,material science
3897,concrete degradation,material science
3898,concrete durability,material science
3899,concrete efforts,material science
3900,concrete enclosures,material science
3901,concrete envelopes,material science
3902,concrete for cities,material science
3903,concrete forest,material science
3904,concrete forests,material science
3905,concrete from atmospheric co2,material science
3906,concrete hydrogen water,bio-fuel
3907,concrete ideas,material science
3908,concrete impact,material science
3909,concrete importance,material science
3910,concrete industry,material science
3911,concrete industry changes,material science
3912,concrete industry impacts,material science
3913,concrete innovations,material science
3914,concrete islands,urban planning
3915,concrete lid,material science
3916,concrete lifetime,material science
3917,concrete like glass,material science
3918,concrete longevity,material science
3919,concrete mitigation,material science
3920,concrete mix,material science
3921,concrete park,material science
3922,concrete piers,material science
3923,concrete plant,material science
3924,concrete plus steel,material science
3925,concrete production emissions,none
3926,concrete promotion,material science
3927,concrete prototype city,material science
3928,concrete recipe,material science
3929,concrete replacement,material science
3930,concrete roadmap,managerial practices
3931,concrete safety,material science
3932,concrete scarcity,material science
3933,concrete sea walls,coast-protection and flood
3934,concrete sector,material science
3935,concrete sector emissions,material science
3936,concrete sequestration,decarbonisation
3937,concrete society,material science
3938,concrete solutions fail,material science
3939,concrete stairs,material science
3940,concrete substitutes,material science
3941,concrete sustainability,material science
3942,concrete technology,material science
3943,concrete thermal mass,material science
3944,concrete transition,transition and transformation
3945,concrete tunnels,urban planning
3946,concrete value proposition,material science
3947,concrete waste,recycling
3948,concrete wetlands,nature management
3949,concrete-based carbon capture,decarbonisation
3950,concrete-based ccu,decarbonisation
3951,concrete-based sequestration,decarbonisation
3952,concretist architecture,material science
3953,confindustria ceramica,material science
3954,conflict from scarcity,degrowth
3955,conmos data,decarbonisation
3956,connect to the elements,human-nature equilibrium
3957,connected green spaces,urban planning
3958,connected production,technology
3959,connectivity of urban public spaces,urban planning
3960,conscience and competence,socio-political approaches
3961,conservation agriculture,food-system
3962,conservation and efficiency,nature management
3963,conservation and reforestation,forest-centric
3964,conservation and restoration,biodiversity
3965,conservation efforts,nature management
3966,conservation for adaptation,none
3967,conservation habitat,biodiversity
3968,conservation of ecosystems,biodiversity
3969,conservation practices,nature management
3970,conservation program,nature management
3971,conservation tillage,food-system
3972,conservation webinars,nature management
3973,conservative coalition,socio-political approaches
3974,conserve,nature management
3975,conserve 30% land,nature management
3976,conserve ecosystems,biodiversity
3977,conserve forests,nature management
3978,conserve land,nature management
3979,conserving,nature management
3980,conserving ecosystems,biodiversity
3981,conserving energy,degrowth
3982,conserving habitats,biodiversity
3983,conserving natural ecosystems,biodiversity
3984,conserving natural resources,biodiversity
3985,conserving resources,nature management
3986,conserving water,water management
3987,conserving wetlands,nature management
3988,consider consequences,risk-based approach
3989,consideration of all life,none
3990,consistently applied,none
3991,constant adaptation,none
3992,construct sea walls,coast-protection and flood
3993,constructing change,urban planning
3994,constructing flood barriers,coast-protection and flood
3995,constructing sea walls,coast-protection and flood
3996,constructing seawalls,coast-protection and flood
3997,construction capacity,community-centric
3998,construction certification,urban planning
3999,construction details,urban planning
4000,construction energy consumption,energy efficiency
4001,construction industry,urban planning
4002,construction practices,urban planning
4003,construction processes,infrastructure
4004,construction projects,urban planning
4005,construction waste,recycling
4006,construction workers,urban planning
4007,constructive responses,none
4008,consultative process,community-centric
4009,consume less material,degrowth
4010,consume local food,food-system
4011,consume locally,food-system
4012,consumer demand,individual action
4013,consumer protection frameworks,taxation
4014,consumerism change,individual action
4015,consumeristic lifestyle,individual action
4016,consumption denial,individual action
4017,consumption habits,individual action
4018,consumption impact,individual action
4019,consumption rate,individual action
4020,consumption reductions,individual action
4021,consumptive culture,individual action
4022,context-specific adaptation plans,decentralisation
4023,context-specific approaches,decentralisation
4024,context-specific measures,decentralisation
4025,context-specific needs,decentralisation
4026,context-specific planning,decentralisation
4027,context-specific strategies,decentralisation
4028,context-specific strategy,decentralisation
4029,contextual actions,decentralisation
4030,contextual adaptation,decentralisation
4031,continental-scale cities,urban planning
4032,continual improvement,none
4033,continued fossil fuel use,reduce fossil-fuel
4034,continuous cycle,none
4035,continuous implementation,none
4036,continuous monitoring,managerial practices
4037,continuous pathway,none
4038,contour ridging,urban planning
4039,contraction and convergence,none
4040,contracts for difference,taxation
4041,control pollution emissions,emission reduction
4042,control porosity,material science
4043,controlled ecosystems,biodiversity
4044,controlled overland flow,nature management
4045,convective flow,technology
4046,conventional approach,none
4047,conventional engineering obstacles,technology
4048,conventional technologies,technology
4049,conversion to carbonates,technology
4050,convert carbon compounds,decarbonisation
4051,convert co2,decarbonisation
4052,convert co2 into products,decarbonisation
4053,convert co2 to fuel,decarbonisation
4054,convert coal to wind,reduce fossil-fuel
4055,convert desert lands,water management
4056,convert production structures,technology
4057,convert to electric vehicles,electrification
4058,convert to renewable energy,renewable energy
4059,cool atmosphere,technology
4060,cool concrete,technology
4061,cool pavement,technology
4062,cool pavement technologies,technology
4063,cool pavements,technology
4064,cool roof,urban planning
4065,cool the planet,temperature-centric
4066,cool urban heat islands,temperature-centric
4067,cooling,temperature-centric
4068,cooling carbon footprint,individual action
4069,cooling cities,temperature-centric
4070,cooling costs,temperature-centric
4071,cooling effects,temperature-centric
4072,cooling solutions,temperature-centric
4073,cooling technologies,technology
4074,cooling the planet,temperature-centric
4075,coolroof program,urban planning
4076,cooperation among stakeholders,knowledge-driven
4077,cooperative effort,global collaboration
4078,cooperative ownership,community-centric
4079,cooperative social networks,community-centric
4080,coordinate clean technologies,technology
4081,coordinate climate action,none
4082,coordinate global transition,transition and transformation
4083,coordinate waste,recycling
4084,coordinated action,global collaboration
4085,coordinated action plan,managerial practices
4086,coordinated approach,none
4087,coordinated effort,global collaboration
4088,coordinated global,global collaboration
4089,coordinated global action,global collaboration
4090,coordinated global effort,global collaboration
4091,coordinated governance,global collaboration
4092,coordinated international policies,global collaboration
4093,coordinated multi-stakeholder,knowledge-driven
4094,coordinated policies,governance
4095,coordinated policy,governance
4096,coordinated policy frameworks,governance
4097,coordinated system shift,transition and transformation
4098,coordinated transition,transition and transformation
4099,coordination gaps,none
4100,cop26,global collaboration
4101,coping capacities,community-centric
4102,coral bleaching,nature management
4103,coral reef restoration,nature management
4104,coral reefs,nature management
4105,coral restoration,nature management
4106,cord-cross,technology
4107,corn and wheat,food-system
4108,corporate efforts,industry-centric
4109,corporate initiative,industry-centric
4110,corporate investment,funding-adaptation
4111,corporate strategy,industry-centric
4112,corporations,industry-centric
4113,cost and safety,cost-benefit driven
4114,cost challenges,cost-benefit driven
4115,cost effectiveness,cost-benefit driven
4116,cost estimates,cost-benefit driven
4117,cost fraction,cost-benefit driven
4118,cost minimization,cost-benefit driven
4119,cost of adapting,cost-benefit driven
4120,cost of infrastructure,infrastructure
4121,cost reductions,cost-benefit driven
4122,cost risk effectiveness,cost-benefit driven
4123,cost savings,cost-benefit driven
4124,cost savings from transition,cost-benefit driven
4125,cost-benefit analysis,cost-benefit driven
4126,cost-benefit comparison,cost-benefit driven
4127,cost-benefit maximization,cost-benefit driven
4128,cost-effective barriers,cost-benefit driven
4129,cost-effective defenses,cost-benefit driven
4130,cost-effective deployment,cost-benefit driven
4131,cost-effective housing,urban planning
4132,cost-effective measures,cost-benefit driven
4133,cost-effective programs,cost-benefit driven
4134,cost-effective protection,cost-benefit driven
4135,cost-effective resilience,cost-benefit driven
4136,cost-effective solution,cost-benefit driven
4137,cost-effective solutions,cost-benefit driven
4138,cost-effective support,cost-benefit driven
4139,cost-effective technology,cost-benefit driven
4140,cost-effectiveness,cost-benefit driven
4141,cost-efficient buffers,cost-benefit driven
4142,cost-efficient protection,cost-benefit driven
4143,costa rica,biodiversity
4144,costly interventions,cost-benefit driven
4145,costs and business conditions,industry-centric
4146,costs of solutions,cost-benefit driven
4147,countries and corporations,none
4148,country-led transition,State-led
4149,covenant of mayors,urban planning
4150,cover cropping,food-system
4151,cover crops,food-system
4152,cradle to cradle,circular-economy
4153,cradle-to-cradle,circular-economy
4154,create more soil,nature management
4155,creation of knowledge,knowledge-driven
4156,creative concrete,none
4157,critical 15 percent,emission reduction
4158,critical analysis of data,climate models
4159,critical climate stressors,none
4160,critical dependencies,none
4161,critical infrastructure resilience,urban planning
4162,critical infrastructures,infrastructure
4163,critical thinking,none
4164,critical view,none
4165,criticize concrete,none
4166,crop failures,food-system
4167,crop management,food-system
4168,crop resilience,food-system
4169,crop rotation,food-system
4170,crop yields,food-system
4171,cross laminated timber,forest-centric
4172,cross-disciplinary networks,none
4173,cross-industry,none
4174,cross-sector interaction,knowledge-driven
4175,cross-sectoral cooperation,none
4176,cross-sectoral learning,knowledge-driven
4177,cross‑disciplinary networks,none
4178,crowdsourced donations,community-centric
4179,crowdsourced mapping,community-centric
4180,crushed minerals,material science
4181,crushed rocks,material science
4182,cryptocurrency,technology
4183,cso prevention,decarbonisation
4184,csu,decarbonisation
4185,cubic content emissions,emission reduction
4186,cultivate biodiversity,biodiversity
4187,cultural coherence,socio-political approaches
4188,cultural diversity,decentralisation
4189,cultural institutionalisation,none
4190,cultural obstacle,none
4191,culture and economic system,alternative economic system
4192,culture as refuge,socio-political approaches
4193,culture of prevention,risk-based approach
4194,culture of sustainability,sustainability
4195,cumulative impacts,risk-based approach
4196,curb consumption,individual action
4197,curb methane,emission reduction
4198,current and future vulnerabilities,risk-based approach
4199,current trends,none
4200,curtailment,degrowth
4201,cut biofuel production,bio-fuel
4202,cut carbon emissions 45%,emission reduction
4203,cut co2 by half,decarbonisation
4204,cut emissions 2030,emission reduction
4205,cut emissions 45%,emission reduction
4206,cut emissions 45% by 2030,emission reduction
4207,cut emissions 50% by 2030,emission reduction
4208,cut emissions 75%,emission reduction
4209,cut emissions by 50%,emission reduction
4210,cut fossil fuel burning,reduce fossil-fuel
4211,cut fossil fuel emissions,reduce fossil-fuel
4212,cut fossil fuel subsidies,reduce fossil-fuel
4213,cut ghgs 80% by 2030,greenhouse
4214,cut meat consumption,food-system
4215,cut methane,emission reduction
4216,cut natural gas,reduce fossil-fuel
4217,cut net co2,decarbonisation
4218,cut unnecessary transport,clean transportation
4219,cutting food waste,degrowth
4220,cutting-edge materials,material science
4221,cutting-edge technologies,technology
4222,cycling infrastructure,infrastructure
4223,dagi framework,managerial practices
4224,damage doubling,degrowth
4225,damage minimization,risk-based approach
4226,damage prevention,risk-based approach
4227,danger and solution,risk-based approach
4228,danish efficiency revolution,energy efficiency
4229,dark surfaces,material science
4230,data accessibility,knowledge-driven
4231,data analytics,knowledge-driven
4232,data center heat,technology
4233,data journalism,climate models
4234,data limitations,knowledge-driven
4235,data models,climate models
4236,data science,climate models
4237,data-driven decision making,climate models
4238,data-driven decision-making,climate models
4239,data-driven decisions,climate models
4240,data-driven early warning,climate models
4241,data-driven early warning systems,climate models
4242,data-driven flood management,climate models
4243,data-driven framework,climate models
4244,data-driven governance,climate models
4245,data-driven infrastructure,climate models
4246,data-driven insights,climate models
4247,data-driven planning,climate models
4248,data-driven policies,climate models
4249,data-driven policy,climate models
4250,data-driven policy frameworks,climate models
4251,data-driven resilience,climate models
4252,data-driven risk assessments,risk-based approach
4253,data-driven solutions,climate models
4254,data-driven strategies,climate models
4255,data-driven strategy,climate models
4256,data-driven urban planning,climate models
4257,data-driven urgency,climate models
4258,data-informed policies,climate models
4259,death traps,urban planning
4260,decabonising global economy,decarbonisation
4261,decades,emission reduction
4262,decarbonisation equity,decarbonisation
4263,decarbonisation investment,decarbonisation
4264,decarbonisation measures,decarbonisation
4265,decarbonisation of electricity,decarbonisation
4266,decarbonise,decarbonisation
4267,decarbonise cement,material science
4268,decarbonise construction,decarbonisation
4269,decarbonise energy system,decarbonisation
4270,decarbonise rapidly,decarbonisation
4271,decarbonised economy,decarbonisation
4272,decarbonised fuels,decarbonisation
4273,decarbonised system,decarbonisation
4274,decarbonization machine,decarbonisation
4275,decarbonization of cement,material science
4276,decarbonization of concrete,material science
4277,decarbonization of construction,decarbonisation
4278,decarbonization of energy,decarbonisation
4279,decarbonization of heavy industry,decarbonisation
4280,decarbonization of industry,decarbonisation
4281,decarbonization of the grid,decarbonisation
4282,decarbonization policies,decarbonisation
4283,decarbonization steps,decarbonisation
4284,decarbonization strategy,decarbonisation
4285,decarbonization technologies,decarbonisation
4286,decarbonization trajectory,decarbonisation
4287,decarbonize agriculture,decarbonisation
4288,decarbonize all sectors,decarbonisation
4289,decarbonize built environment,decarbonisation
4290,decarbonize cement,material science
4291,decarbonize cement and steel,material science
4292,decarbonize economies,decarbonisation
4293,decarbonize electricity and heat,decarbonisation
4294,decarbonize electricity grids,decarbonisation
4295,decarbonize energy system,decarbonisation
4296,decarbonize energy systems,decarbonisation
4297,decarbonize fossil fuels,decarbonisation
4298,decarbonize heavy industries,decarbonisation
4299,decarbonize homes,decarbonisation
4300,decarbonize industry,decarbonisation
4301,decarbonize infrastructure,decarbonisation
4302,decarbonize materials,decarbonisation
4303,decarbonize now,decarbonisation
4304,decarbonize sectors,decarbonisation
4305,decarbonize steel,decarbonisation
4306,decarbonize supply chain,decarbonisation
4307,decarbonized cement,material science
4308,decarbonized concrete,material science
4309,decarbonized concrete industry,material science
4310,decarbonized economy,decarbonisation
4311,decarbonized energy grid,decarbonisation
4312,decarbonized production,decarbonisation
4313,decarbonized solution,decarbonisation
4314,decarbonizes,decarbonisation
4315,decarbonizing,decarbonisation
4316,decarbonizing all sectors,decarbonisation
4317,decarbonizing buildings,decarbonisation
4318,decarbonizing built environment,decarbonisation
4319,decarbonizing economies,decarbonisation
4320,decarbonizing electricity,decarbonisation
4321,decarbonizing energy,decarbonisation
4322,decarbonizing energy sector,decarbonisation
4323,decarbonizing energy systems,decarbonisation
4324,decarbonizing heavy industry,decarbonisation
4325,decarbonizing industry,decarbonisation
4326,decarbonizing industry and transportation,decarbonisation
4327,decarbonizing land use,decarbonisation
4328,decarbonizing production,decarbonisation
4329,decarbonizing the energy,decarbonisation
4330,decarbonizing the energy sector,decarbonisation
4331,decarbonizing transportation,decarbonisation
4332,decentralised renewables,smart-grid
4333,decentralization,decentralisation
4334,decentralize strategies,decentralisation
4335,decentralize urban planning,urban planning
4336,decentralized,decentralisation
4337,decentralized actions,decentralisation
4338,decentralized adaptive infrastructure,infrastructure
4339,decentralized agriculture,decentralisation
4340,decentralized approach,decentralisation
4341,decentralized carbon capture,decarbonisation
4342,decentralized carbon sequestration,decarbonisation
4343,decentralized carbon-negative economy,decarbonisation
4344,decentralized carbon-neutral energy,smart-grid
4345,decentralized ccus,decarbonisation
4346,decentralized circular concrete,decentralisation
4347,decentralized circular economy,circular-economy
4348,decentralized clean energy,smart-grid
4349,decentralized community-driven approach,decentralisation
4350,decentralized community-led,decentralisation
4351,decentralized community-led decision-making,decentralisation
4352,decentralized community-led projects,decentralisation
4353,decentralized community-scale grid,smart-grid
4354,decentralized cooperation,decentralisation
4355,decentralized decision-making,decentralisation
4356,decentralized deployment,decentralisation
4357,decentralized design,decentralisation
4358,decentralized distribution,decentralisation
4359,decentralized energy management,smart-grid
4360,decentralized energy markets,smart-grid
4361,decentralized energy production,smart-grid
4362,decentralized energy storage,smart-grid
4363,decentralized energy systems,smart-grid
4364,decentralized food system,food-system
4365,decentralized food systems,food-system
4366,decentralized green infrastructure,infrastructure
4367,decentralized grid-independent,smart-grid
4368,decentralized initiatives,decentralisation
4369,decentralized lcc,decentralisation
4370,decentralized low-carbon grid,smart-grid
4371,decentralized power,decentralisation
4372,decentralized power structures,decentralisation
4373,decentralized process,decentralisation
4374,decentralized projects,decentralisation
4375,decentralized renewable energy grid,decentralisation
4376,decentralized renewable grids,decentralisation
4377,decentralized renewable infrastructure,decentralisation
4378,decentralized renewable investment,decentralisation
4379,decentralized renewable supply,decentralisation
4380,decentralized renewable system,decentralisation
4381,decentralized renewable systems,decentralisation
4382,decentralized resilience,decentralisation
4383,decentralized rooftop solar,decentralisation
4384,decentralized settlements,decentralisation
4385,decentralized solar,decentralisation
4386,decentralized solar economy,decentralisation
4387,decentralized solar farms,decentralisation
4388,decentralized sustainable energy,decentralisation
4389,decentralized systems,decentralisation
4390,decentralized urban agriculture,decentralisation
4391,decentralized urban drainage,decentralisation
4392,decentralized water management,decentralisation
4393,decision making,knowledge-driven
4394,decision making structures,knowledge-driven
4395,decision model,climate models
4396,decision tree analysis,climate models
4397,decision-maker engagement,knowledge-driven
4398,decision-makers,none
4399,decision-making,knowledge-driven
4400,decision-making process,knowledge-driven
4401,declare climate emergency,none
4402,decolonization,socio-political approaches
4403,decolonize institutions,socio-political approaches
4404,decolonizing climate policy,socio-political approaches
4405,deconstruct patriarchy,socio-political approaches
4406,decouple capitalism,degrowth
4407,decouple consumption,degrowth
4408,decouple economic growth,degrowth
4409,decouple economy,degrowth
4410,decouple gdp,degrowth
4411,decouple growth emissions,emission reduction
4412,decouple prosperity,degrowth
4413,decrease carbon emissions,decarbonisation
4414,decrease concrete production,material science
4415,decrease fossil fuel usage,reduce fossil-fuel
4416,decrease human population,degrowth
4417,dedicated climate funds,funding-adaptation
4418,dedicated economies,alternative economic system
4419,dedicated international funding,funding-adaptation
4420,deep decarbonization,decarbonisation
4421,deep drainage,water management
4422,deep economy,alternative economic system
4423,deep electrification,electrification
4424,deep emission cuts,emission reduction
4425,deep energy retrofit,energy efficiency
4426,deep foundation foundation system,none
4427,deep investments,funding-adaptation
4428,deep ocean sinks,decarbonisation
4429,deep reductions,degrowth
4430,deep tree roots,forest-centric
4431,defend living world,biodiversity
4432,deferred problems,risk-based approach
4433,definition of sustainability,sustainability
4434,deforestation bans,forest-centric
4435,deforestation halt,forest-centric
4436,deforestation prevention,forest-centric
4437,deforestation reduction,forest-centric
4438,deforestation regulations,forest-centric
4439,degraded lands,nature management
4440,degrowth economy,degrowth
4441,degrowth vision,degrowth
4442,dehumanizing nudging,vulnerable population centric
4443,delay childbearing,degrowth
4444,delayed adaptation costs,cost-benefit driven
4445,deliver sustainability,sustainability
4446,delta 13c,none
4447,delta resilience,risk-based approach
4448,deltares proposal,none
4449,demand more buildings,urban planning
4450,demand-side energy efficiency,energy efficiency
4451,demand-side measures,none
4452,demilitarization,socio-political approaches
4453,democracy,socio-political approaches
4454,democratic control,socio-political approaches
4455,democratic global system,socio-political approaches
4456,democratic input,socio-political approaches
4457,democratic institutions,socio-political approaches
4458,democratic rights,socio-political approaches
4459,democratic socialism,socio-political approaches
4460,democratic society,socio-political approaches
4461,democratically control corporations,socio-political approaches
4462,democratize institutions,socio-political approaches
4463,democratize policy,governance
4464,democratize technologies,technology
4465,demographic change,degrowth
4466,demolition waste,recycling
4467,denmark example,none
4468,dense development,none
4469,dense efficient infrastructure,infrastructure
4470,dense livable cities,urban planning
4471,dense steep terrain,none
4472,dense urban areas,urban planning
4473,density and diversity,decentralisation
4474,depend on nature,human-nature equilibrium
4475,dependence on oil,reduce fossil-fuel
4476,depleted oil field sequestration,decarbonisation
4477,depleted reservoirs,water management
4478,deploy,none
4479,deploy ccs,decarbonisation
4480,deploy ccus,decarbonisation
4481,deploy effective solutions,none
4482,deploy low-carbon technologies,energy efficiency
4483,deploy proven technologies,technology
4484,deploy renewable energy technologies,renewable energy
4485,deploy renewable technologies,renewable energy
4486,deploy renewables,renewable energy
4487,deploy solar and wind,renewable energy
4488,deploying,none
4489,deployment of technologies,technology
4490,desalinate seawater,water management
4491,desalination alternative,water management
4492,desert deployment,none
4493,desert hut,nature management
4494,desert irrigation,water management
4495,desert solar,renewable energy
4496,desert solar storage,renewable energy
4497,desertification reduction,water management
4498,design,design
4499,design and construction,urban planning
4500,design challenges,design
4501,design decisions,design
4502,design flexibility,none
4503,design for adaptability,design
4504,design for deconstruction,recycling
4505,design for longevity,design
4506,design for recycling,recycling
4507,design for sustainability,design
4508,design human habitat,design
4509,design infrastructure,design
4510,design long,design
4511,design longevity,design
4512,design optimization,design
4513,design paradigm,design
4514,design problem,design
4515,design quality,design
4516,design resilient cities,urban planning
4517,design scenarios,design
4518,design symbiosis,design
4519,design thinking,design
4520,design to capture co2,decarbonisation
4521,design to decommissioning,recycling
4522,design with nature,design
4523,designed products,design
4524,destroy fossil fuels,reduce fossil-fuel
4525,destroy fossil incentives,reduce fossil-fuel
4526,desulfurization,decarbonisation
4527,detailed roadmap,managerial practices
4528,deterministic models,climate models
4529,develop low-carbon products,energy efficiency
4530,develop renewables,renewable energy
4531,developed countries net zero,net zero
4532,developed grid,smart-grid
4533,developing,vulnerable population centric
4534,developing countries support,vulnerable population centric
4535,developing-world,vulnerable population centric
4536,development,none
4537,development banks,funding-adaptation
4538,development challenge,none
4539,development co-operation,knowledge-driven
4540,development of ecosystems,biodiversity
4541,development planning,managerial practices
4542,development-oriented,none
4543,devolution,decentralisation
4544,devolution of power,decentralisation
4545,diesel ban,reduce fossil-fuel
4546,diet change,food-system
4547,different society,transition and transformation
4548,difficult-to-abate sectors,industry-centric
4549,digital commons,technology
4550,digital currencies,technology
4551,digital economy,technology
4552,digital economy analysis,technology
4553,digital fabrication,technology
4554,digital infrastructure,technology
4555,digital intelligence,technology
4556,digital knowledge,technology
4557,digital monitoring,technology
4558,digital platforms,technology
4559,digital sharing,technology
4560,digital substitution,technology
4561,digital technology,technology
4562,digital twin,technology
4563,digitalization of cities,urban planning
4564,digitalize,technology
4565,digitization,technology
4566,dike heightening,infrastructure
4567,dike protection,infrastructure
4568,dikes alternatives,infrastructure
4569,diplomatic flexibility,none
4570,direct action,none
4571,direct air capture timeline,decarbonisation
4572,direct air carbon capture,decarbonisation
4573,direct costs of mitigation,risk-based approach
4574,disaster resilience,risk-based approach
4575,disaster response,risk-based approach
4576,disaster risk reduction technologies,technology
4577,disaster-prepared infrastructure,urban planning
4578,discontinuous fiber reinforcement,technology
4579,disease prevention,risk-based approach
4580,dismantle carbon infrastructure,decarbonisation
4581,dismantle economic system,socio-political approaches
4582,dismantle industrial civilization,socio-political approaches
4583,dismantle urban societies,community-centric
4584,dismantling fossil fuel industry,reduce fossil-fuel
4585,dispatchable power,electrification
4586,dispatchable solar,renewable energy
4587,displacement,vulnerable population centric
4588,displacement risk,vulnerable population centric
4589,disrupt fossil fuel business,reduce fossil-fuel
4590,disruptive innovation,technology
4591,disruptive technologies,technology
4592,disseminate climate science,knowledge-driven
4593,distributed clean energy,renewable energy
4594,distributed communities,community-centric
4595,distributed cooperative production,community-centric
4596,distributed energy resources,renewable energy
4597,distributed energy storage,electrification
4598,distributed energy systems,renewable energy
4599,distributed infrastructure,infrastructure
4600,distributed innovation,technology
4601,distributed low-carbon system,energy efficiency
4602,distributed solar panels,renewable energy
4603,distributed storage,community-centric
4604,district heating,technology
4605,district-wide adaptation plans,managerial practices
4606,ditch coal,reduce fossil-fuel
4607,ditch fossil fuels,reduce fossil-fuel
4608,ditch oil and gas,reduce fossil-fuel
4609,diverse adaptable communities,decentralisation
4610,diverse clean technologies,technology
4611,diverse elements,technology
4612,diverse financing mechanisms,funding-adaptation
4613,diverse plant species,decentralisation
4614,diverse renewable portfolio,renewable energy
4615,diverse technologies,technology
4616,diverse tree species,forest-centric
4617,diversification,decentralisation
4618,diversified agricultural practices,food-system
4619,diversified agriculture,food-system
4620,diversified climate-resilient agriculture,food-system
4621,diversified energy mix,renewable energy
4622,diversified food supply,food-system
4623,diversified funding,funding-adaptation
4624,diversified livelihoods,decentralisation
4625,diversified local food,food-system
4626,diversified renewables,renewable energy
4627,diversified sustainable agriculture,food-system
4628,diversified water systems,water management
4629,diversify,decentralisation
4630,diversify actions,food-system
4631,diversify agroecosystems,food-system
4632,diversify coalition,community-centric
4633,diversify crops,food-system
4634,diversify electricity,renewable energy
4635,diversifying food production,food-system
4636,diversifying food sources,food-system
4637,diversifying food systems,food-system
4638,diversity,decentralisation
4639,diversity inclusivity,decentralisation
4640,diversity of communities,decentralisation
4641,divert excess stormwater,water management
4642,dividend,taxation
4643,dividend distribution,taxation
4644,dividend or rebate,taxation
4645,dividend rebate,taxation
4646,dividend system,taxation
4647,dividend to citizens,taxation
4648,dividends,taxation
4649,do nothing,none
4650,do nothing approach,none
4651,document adaptations,managerial practices
4652,dollars per ton co2,taxation
4653,domestic retention,nature management
4654,domestic solar supply,renewable energy
4655,donor-recipient alignment,none
4656,double approach,none
4657,double energy efficiency,energy efficiency
4658,double gdp,degrowth
4659,double glazing,technology
4660,double public transit,clean transportation
4661,double tree cover,forest-centric
4662,doubling energy efficiency,energy efficiency
4663,doughnut economics,alternative economic system
4664,down-scale up,none
4665,dra business models,industry-centric
4666,drainage channels,water management
4667,drainage control,water management
4668,drainage features,water management
4669,drainage promotion,water management
4670,drainage recovery,water management
4671,drainage systems,water management
4672,drainage trenches,water management
4673,dramatically reduce ghgs,greenhouse
4674,drastic co2 reduction,decarbonisation
4675,drastic consumption reductions,degrowth
4676,drastic economic change,degrowth
4677,drastic emission reductions,emission reduction
4678,drastic emissions reductions,emission reduction
4679,drastic energy consumption reduction,degrowth
4680,drastic fossil fuel reduction,emission reduction
4681,drastic ghg reductions,greenhouse
4682,drastic greenhouse gas reductions,greenhouse
4683,drastic reduction,degrowth
4684,drastic reduction fossil fuels,emission reduction
4685,drastic reduction in biodiversity,biodiversity
4686,drastic reduction in greenhouse gas emissions,greenhouse
4687,drastic reductions,degrowth
4688,drastic reductions in emissions,emission reduction
4689,drastic reductions in greenhouse gas emissions,emission reduction
4690,drastically cut emissions,emission reduction
4691,drastically cutting emissions,decarbonisation
4692,drastically reduce carbon footprint,individual action
4693,drastically reduce greenhouse gas emissions,greenhouse
4694,drastically reduce greenhouse gases,greenhouse
4695,drastically reducing energy consumption,degrowth
4696,drastically reducing greenhouse gas emissions,greenhouse
4697,draw carbon,decarbonisation
4698,draw down atmospheric co2,decarbonisation
4699,drawdown carbon,decarbonisation
4700,drawdown co2,decarbonisation
4701,drawdown excess co2,emission reduction
4702,drawdown framework,emission reduction
4703,drawdown greenhouse gases,greenhouse
4704,drawdown solutions,emission reduction
4705,drive electric vehicle,electrification
4706,drivers of climate change,none
4707,drivers of sustainability,sustainability
4708,driveway access,urban planning
4709,drone reforestation,forest-centric
4710,drone-assisted planting,technology
4711,drone-mounted sensors,technology
4712,drought adaptation,water management
4713,drought and sandstorm mitigation,water management
4714,drought impacts,water management
4715,drought mitigation,water management
4716,drought monitoring,water management
4717,drought resilience,water management
4718,drought-resistant agriculture,water management
4719,drought-resistant crops,water management
4720,drought-resistant farming,water management
4721,drought-resistant water systems,water management
4722,drought-tolerant agricultural systems,water management
4723,drought-tolerant agriculture,water management
4724,drought-tolerant crops,water management
4725,drought-tolerant plantings,water management
4726,drought-tolerant plants,water management
4727,drought-tolerant species,water management
4728,dry floodproofing,water management
4729,dry-mix npc,material science
4730,drying shrinkage,technology
4731,drying soil,nature management
4732,dual approach,none
4733,dual benefits,cost-benefit driven
4734,dune conservation,nature management
4735,dune reinforcement,nature management
4736,dune restoration,nature management
4737,dunes,nature management
4738,durability and adaptability,technology
4739,durability enhancement,sustainability
4740,durable aggregates,material science
4741,durable building material,material science
4742,durable buildings,material science
4743,durable circular concrete,material science
4744,durable concrete,material science
4745,durable concrete mixes,material science
4746,durable concrete selection,material science
4747,durable infrastructure,infrastructure
4748,durable low-carbon concrete,material science
4749,durable low-carbon materials,material science
4750,durable low-maintenance surface,material science
4751,durable material,material science
4752,durable mixes,material science
4753,durable pavements,material science
4754,durable products,material science
4755,durable recyclable material,material science
4756,durable sustainable materials,material science
4757,dutch adaptation plan,managerial practices
4758,dutch climate agreements,none
4759,dutch techniques,none
4760,dutch water management,water management
4761,dynamic adaptation,managerial practices
4762,dynamic eco barrier,nature management
4763,dynamic economy,alternative economic system
4764,early environmental education,knowledge-driven
4765,early warning,climate models
4766,early warning networks,climate models
4767,early-warning systems,climate models
4768,early-warning technologies,climate models
4769,earth capacity,none
4770,earth orbit satellites,technology
4771,earth system stability,transition and transformation
4772,earth systems models,climate models
4773,earth-embracing discipline,human-nature equilibrium
4774,earth-sheltered construction,infrastructure
4775,earth-sheltered homes,human-nature equilibrium
4776,earthbags,none
4777,earthen tunnel-dome city,urban planning
4778,earthships,urban planning
4779,eat local,food-system
4780,eat more plant-based meals,food-system
4781,eba,emission reduction
4782,eco concrete,material science
4783,eco-friendly agriculture,food-system
4784,eco-friendly building,urban planning
4785,eco-friendly cement,material science
4786,eco-friendly concrete,material science
4787,eco-friendly construction,urban planning
4788,eco-friendly infrastructure,infrastructure
4789,eco-friendly materials,material science
4790,eco-friendly products,sustainability
4791,eco-friendly technologies,technology
4792,eco-friendly transportation,clean transportation
4793,eco-friendly urban planning,urban planning
4794,eco-friendly water management,water management
4795,eco-logical infrastructure,infrastructure
4796,eco-restoration,biodiversity
4797,eco-social democracy,socio-political approaches
4798,eco-tourism,sustainability
4799,eco-village,sustainability
4800,ecocells,nature management
4801,ecologic efficiency,none
4802,ecological agriculture,food-system
4803,ecological and technological solutions,technology
4804,ecological balance,biodiversity
4805,ecological city,urban planning
4806,ecological coastal protection,coast-protection and flood
4807,ecological connectivity,none
4808,ecological crises,none
4809,ecological culture,knowledge-driven
4810,ecological debt,nature management
4811,ecological design,design
4812,ecological engineering,technology
4813,ecological features,biodiversity
4814,ecological infrastructure,infrastructure
4815,ecological infrastructure development,infrastructure
4816,ecological integrity,none
4817,ecological justice,vulnerable population centric
4818,ecological knowledge,knowledge-driven
4819,ecological landscapes,nature management
4820,ecological modernization,nature management
4821,ecological needs,none
4822,ecological overshoot,none
4823,ecological problems,none
4824,ecological resilience,none
4825,ecological restoration initiative,biodiversity
4826,ecological space,biodiversity
4827,ecological stability,sustainability
4828,ecological survival mode,none
4829,ecological transition,sustainability
4830,ecological understanding,knowledge-driven
4831,ecological wetland engineering,nature management
4832,ecologically efficient diet,food-system
4833,ecologically sensitive investments,sustainability
4834,ecologically sound resilience,none
4835,ecolosions currency,technology
4836,economic and environmental soundness,sustainability
4837,economic benefits carbon capture,decarbonisation
4838,economic challenge,alternative economic system
4839,economic consequences,alternative economic system
4840,economic costs,cost-benefit driven
4841,economic critique,socio-political approaches
4842,economic damage,cost-benefit driven
4843,economic damage reduction,cost-benefit driven
4844,economic damages,cost-benefit driven
4845,economic democracy,socio-political approaches
4846,economic disruption,alternative economic system
4847,economic diversification,decentralisation
4848,economic drivers,alternative economic system
4849,economic impact,risk-based approach
4850,economic inclusion,vulnerable population centric
4851,economic instruments,taxation
4852,economic justice,vulnerable population centric
4853,economic limits,alternative economic system
4854,economic loss reduction,cost-benefit driven
4855,economic losses,cost-benefit driven
4856,economic mix,alternative economic system
4857,economic motivation,industry-centric
4858,economic opportunities,industry-centric
4859,economic planning,alternative economic system
4860,economic plans,alternative economic system
4861,economic priority,alternative economic system
4862,economic prosperity,alternative economic system
4863,economic relocation,vulnerable population centric
4864,economic social losses,vulnerable population centric
4865,economic solutions,alternative economic system
4866,economic system change,alternative economic system
4867,economic systems,alternative economic system
4868,economic transition,alternative economic system
4869,economic value,alternative economic system
4870,economic viability,cost-benefit driven
4871,economical,cost-benefit driven
4872,economical ccs,decarbonisation
4873,economical solution,cost-benefit driven
4874,economics,alternative economic system
4875,economies of scale,cost-benefit driven
4876,economy of production,alternative economic system
4877,economy serving biosphere,technology
4878,economy transformation,alternative economic system
4879,economy-wide carbon pricing,taxation
4880,economy-wide carbon tax,taxation
4881,economy-wide transition,alternative economic system
4882,ecopact,none
4883,ecopolis,urban planning
4884,ecosocialist transformation,socio-political approaches
4885,ecosystem,biodiversity
4886,ecosystem adaptations,biodiversity
4887,ecosystem approach,biodiversity
4888,ecosystem carbon sinks,decarbonisation
4889,ecosystem co-benefits,biodiversity
4890,ecosystem connectors,biodiversity
4891,ecosystem disruptions,biodiversity
4892,ecosystem engineering,biodiversity
4893,ecosystem expansion,biodiversity
4894,ecosystem function,biodiversity
4895,ecosystem functionality,biodiversity
4896,ecosystem functions,biodiversity
4897,ecosystem impacts,biodiversity
4898,ecosystem living,biodiversity
4899,ecosystem preservation,biodiversity
4900,ecosystem protection,biodiversity
4901,ecosystem quantity,biodiversity
4902,ecosystem resilience,biodiversity
4903,ecosystem restoration projects,biodiversity
4904,ecosystem sequestration,decarbonisation
4905,ecosystem service benefits,biodiversity
4906,ecosystem structure,biodiversity
4907,ecosystem support,biodiversity
4908,ecosystem-based approaches,biodiversity
4909,ecosystem-based infrastructure,infrastructure
4910,ecosystem-based resilience,biodiversity
4911,ecosystem-based solutions,biodiversity
4912,ecosystem-based strategies,biodiversity
4913,ecosystems,biodiversity
4914,ecosystems as infrastructure,infrastructure
4915,ecosystems restoration,biodiversity
4916,ecosystems-based approach,biodiversity
4917,edible garden regeneration,food-system
4918,edible planting,food-system
4919,educate decision makers,knowledge-driven
4920,educate engineers,knowledge-driven
4921,educate masses,knowledge-driven
4922,education and awareness,knowledge-driven
4923,education and community engagement,knowledge-driven
4924,education and training,knowledge-driven
4925,education for changing world,knowledge-driven
4926,education programs,knowledge-driven
4927,education role,knowledge-driven
4928,effective action,none
4929,effective adaptation,none
4930,effective adaptation solutions,none
4931,effective climate adaptation,energy efficiency
4932,effective policy,governance
4933,effective practices,risk-based approach
4934,efficacy,none
4935,efficiency and sustainability,none
4936,efficiency focus,energy efficiency
4937,efficiency gains,energy efficiency
4938,efficiency heating cooling,material science
4939,efficiency measures,energy efficiency
4940,efficiency standards,energy efficiency
4941,efficiency through negatives,energy efficiency
4942,efficiency upgrades,energy efficiency
4943,efficient building design,urban planning
4944,efficient concrete,material science
4945,efficient concrete sector,material science
4946,efficient concrete solution,material science
4947,efficient development,none
4948,efficient electrification,electrification
4949,efficient energy storage,electrification
4950,efficient energy usage,energy efficiency
4951,efficient energy use,energy efficiency
4952,efficient grid,smart-grid
4953,efficient heat pump,energy efficiency
4954,efficient heating,energy efficiency
4955,efficient infrastructure,infrastructure
4956,efficient insulation,material science
4957,efficient irrigation,water management
4958,efficient land use practices,food-system
4959,efficient means,none
4960,efficient production,energy efficiency
4961,efficient resource use,managerial practices
4962,efficient roadways,urban planning
4963,efficient transport,clean transportation
4964,efficient urban planning,urban planning
4965,efficient use of resources,managerial practices
4966,efficient waste management,recycling
4967,efficient water management,water management
4968,efficient water systems,water management
4969,efficiently recycle,recycling
4970,eib investments,funding-adaptation
4971,elect civic officials,socio-political approaches
4972,elect green candidates,socio-political approaches
4973,elect leaders,socio-political approaches
4974,electoral deposit proposal,taxation
4975,electric and hydrogen,bio-fuel
4976,electric arc furnaces,electrification
4977,electric aviation,electrification
4978,electric bicycles,electrification
4979,electric bike benefits,electrification
4980,electric calcining,material science
4981,electric concrete,material science
4982,electric drive conversion,electrification
4983,electric drones,electrification
4984,electric motor,electrification
4985,electric or hybrid vehicles,electrification
4986,electric power,electrification
4987,electric power generation,electrification
4988,electric production processes,electrification
4989,electric public transportation,electrification
4990,electric rail,clean transportation
4991,electric scooters,electrification
4992,electric transport,electrification
4993,electric tricycles,electrification
4994,electric trucks,electrification
4995,electric vehicle adoption,electrification
4996,electric vehicle expansion,electrification
4997,electric vehicle infrastructure,electrification
4998,electric vehicles by 2050,emission reduction
4999,electrical connections to sun,renewable energy
5000,electrical grid modernization,smart-grid
5001,electrical vehicles,electrification
5002,electricity,electrification
5003,electricity accumulator,electrification
5004,electricity and heat,electrification
5005,electricity and hydrogen,bio-fuel
5006,electricity capacity,electrification
5007,electricity carrier carbon footprint,individual action
5008,electricity mix,electrification
5009,electricity price,electrification
5010,electricity purchase mandate,renewable energy
5011,electricity sector,renewable energy
5012,electricity sector transformation,renewable energy
5013,electricity system focus,electrification
5014,electricity thinking,electrification
5015,electricity-based industries,electrification
5016,electrification and energy efficiency,electrification
5017,electrification and storage,electrification
5018,electrification incentives,electrification
5019,electrification of agriculture,electrification
5020,electrification of all sectors,electrification
5021,electrification of buildings,electrification
5022,electrification of everything,electrification
5023,electrification of heating,electrification
5024,electrification of industries,electrification
5025,electrification of industry,electrification
5026,electrification of sectors,electrification
5027,electrification of transport,electrification
5028,electrification of transport and industry,electrification
5029,electrification of transportation,electrification
5030,electrification of transportation and industry,electrification
5031,electrification of vehicles,electrification
5032,electrification revolution,electrification
5033,electrified economy,electrification
5034,electrified hydrogen production,bio-fuel
5035,electrified industrial processes,electrification
5036,electrified infrastructure,electrification
5037,electrified transport,electrification
5038,electrified vehicles,electrification
5039,electrifies transportation,electrification
5040,electrify,electrification
5041,electrify agriculture,electrification
5042,electrify all end-uses,electrification
5043,electrify all energy demands,electrification
5044,electrify all energy end-uses,electrification
5045,electrify all modes of transportation,electrification
5046,electrify all sectors,electrification
5047,electrify economic activities,electrification
5048,electrify economic sectors,electrification
5049,electrify end-use sectors,electrification
5050,electrify end-uses,electrification
5051,electrify heating,electrification
5052,electrify industrial processes,electrification
5053,electrify industry,electrification
5054,electrify road vehicles,electrification
5055,electrify shipping,electrification
5056,electrify systems,electrification
5057,electrify the economy,electrification
5058,electrify transportation,electrification
5059,electrify transportation and industry,electrification
5060,electrifying,electrification
5061,electrifying agriculture,electrification
5062,electrifying all sectors,electrification
5063,electrifying buildings,electrification
5064,electrifying economic sectors,electrification
5065,electrifying economy,electrification
5066,electrifying end uses,electrification
5067,electrifying global economy,electrification
5068,electrifying heating,electrification
5069,electrifying industry,electrification
5070,electrifying sectors,electrification
5071,electrifying the economy,electrification
5072,electrifying transport,electrification
5073,electrifying transportation,electrification
5074,electrifying transportation and buildings,electrification
5075,electrifying transportation and industry,electrification
5076,electrifying vehicles and industry,electrification
5077,electro-catalysts,bio-fuel
5078,electro-chemical conversion,bio-fuel
5079,electroactive polymers,material science
5080,electrochemical carbon mineralization,material science
5081,electrochemical co2 conversion,bio-fuel
5082,electrochemical conversion,bio-fuel
5083,electrochemical hydrogen,bio-fuel
5084,electrochemical processes,bio-fuel
5085,electrochemical reactions,bio-fuel
5086,electrochemical reactors,bio-fuel
5087,electrolysers,bio-fuel
5088,electrolyzers storage,bio-fuel
5089,electromobility adoption,electrification
5090,elevate buildings,urban planning
5091,elevated beds,urban planning
5092,elevated building designs,urban planning
5093,elevated buildings,urban planning
5094,elevated cities,urban planning
5095,elevated coastal defenses,coast-protection and flood
5096,elevated construction,urban planning
5097,elevated flood defenses,water management
5098,elevated foundations,none
5099,elevated green pavements,urban planning
5100,elevated housing,urban planning
5101,elevated living spaces,urban planning
5102,elevated porous infrastructure,urban planning
5103,elevated rail,urban planning
5104,elevated roadways,urban planning
5105,elevated sea walls,coast-protection and flood
5106,elevated sustainable urban designs,urban planning
5107,elevated urban planning,urban planning
5108,elevated walkways,urban planning
5109,elevating buildings,urban planning
5110,elevating coastal buildings,coast-protection and flood
5111,elevating critical facilities,urban planning
5112,elevating homes,urban planning
5113,elevating infrastructure,urban planning
5114,elevating roads,urban planning
5115,elevating structures,urban planning
5116,elevation,vulnerable population centric
5117,elevator speech,none
5118,eliminate avoidable emissions,emission reduction
5119,eliminate carbon emissions,emission reduction
5120,eliminate carbon fuels,reduce fossil-fuel
5121,eliminate carbon pollution,emission reduction
5122,eliminate co2 emissions,decarbonisation
5123,eliminate combustion emissions by 2030,emission reduction
5124,eliminate corporations,socio-political approaches
5125,eliminate deforestation,forest-centric
5126,eliminate emissions,emission reduction
5127,eliminate emissions by 2040,emission reduction
5128,eliminate fossil dependence,reduce fossil-fuel
5129,eliminate fossil dependency,reduce fossil-fuel
5130,eliminate fossil fuel dependence,reduce fossil-fuel
5131,eliminate fossil fuel dependency,reduce fossil-fuel
5132,eliminate fossil fuel extraction,reduce fossil-fuel
5133,eliminate fossil fuel production,reduce fossil-fuel
5134,eliminate fossil subsidies,reduce fossil-fuel
5135,eliminate greenhouse gases in industry,greenhouse
5136,eliminate individual responsibility,socio-political approaches
5137,eliminate inefficient sources,degrowth
5138,eliminate internal combustion engines,reduce fossil-fuel
5139,eliminate net carbon emissions,emission reduction
5140,eliminate private automobile,reduce fossil-fuel
5141,eliminate profit motive,socio-political approaches
5142,eliminate root causes,none
5143,eliminate single-use plastics,recycling
5144,eliminate subsidies,reduce fossil-fuel
5145,eliminating fossil fuel dependency,reduce fossil-fuel
5146,embed carbon capture,decarbonisation
5147,embed climate,none
5148,embed renewable systems,renewable energy
5149,embed resilience,risk-based approach
5150,embedded sensors,technology
5151,embedded solar panels,renewable energy
5152,embodied carbon reduction,infrastructure
5153,embodied carbon-reduced materials,infrastructure
5154,embodied material,material science
5155,embrace new reality,none
5156,embrace permaculture,food-system
5157,embrace unpredictability,risk-based approach
5158,embracing frugality,individual action
5159,embracing nature,human-nature equilibrium
5160,emergency adaptation,risk-based approach
5161,emergency doors,risk-based approach
5162,emergency funds,funding-adaptation
5163,emergency kit,risk-based approach
5164,emergency management plans,risk-based approach
5165,emergency measure,risk-based approach
5166,emergency mitigation,risk-based approach
5167,emergency planning,risk-based approach
5168,emergency response,risk-based approach
5169,emergency services,none
5170,emergency supplies,risk-based approach
5171,emergency support,risk-based approach
5172,emergent response,none
5173,emerging examples,none
5174,emerging technologies,technology
5175,emission cap,emission reduction
5176,emission credits,emission reduction
5177,emission cuts,emission reduction
5178,emission intensity,emission reduction
5179,emission mitigation,emission reduction
5180,emission neutral cement,material science
5181,emission permits,emission reduction
5182,emission potency,emission reduction
5183,emission quotas,emission reduction
5184,emission reduction policies,emission reduction
5185,emission reduction targets,emission reduction
5186,emission-reducing laws,emission reduction
5187,emissions caps,emission reduction
5188,emissions cutting,emission reduction
5189,emissions from agriculture,food-system
5190,emissions growth,emission reduction
5191,emissions metric,emission reduction
5192,emissions peak 2030,emission reduction
5193,emissions reduction policies,emission reduction
5194,emissions reduction targets,emission reduction
5195,emissions reduction timeline,emission reduction
5196,emissions regulations,emission reduction
5197,emissions removal,emission reduction
5198,emissions removals,emission reduction
5199,emissions savings,emission reduction
5200,emissions trading scheme,emission reduction
5201,emissions trading systems,emission reduction
5202,emitters charged,emission reduction
5203,emitters pricing,emission reduction
5204,empirical climate models,climate models
5205,empower local communities,decentralisation
5206,empowering communities,decentralisation
5207,empowering people,community-centric
5208,enable concrete change,material science
5209,enable empower,socio-political approaches
5210,enabling conditions,none
5211,enabling environments,none
5212,end carbon emissions,emission reduction
5213,end combustion of fossil fuels,reduce fossil-fuel
5214,end fossil fuel addiction,reduce fossil-fuel
5215,end fossil fuel dependence,reduce fossil-fuel
5216,end fossil fuel industry,reduce fossil-fuel
5217,end fossil fuel use,reduce fossil-fuel
5218,end fossil fuels,reduce fossil-fuel
5219,end fossil subsidies,taxation
5220,end fuel subsidies,taxation
5221,end greenhouse gas emissions,greenhouse
5222,end population growth,degrowth
5223,end poverty,vulnerable population centric
5224,end primary emissions,emission reduction
5225,ending fossil fuel subsidies,reduce fossil-fuel
5226,energy access,renewable energy
5227,energy access disparity,renewable energy
5228,energy and material substitutions,material science
5229,energy and transportation,renewable energy
5230,energy attributes,renewable energy
5231,energy capacity,electrification
5232,energy choices,renewable energy
5233,energy consumption problems,degrowth
5234,energy consumption reduction,degrowth
5235,energy consumption reductions,degrowth
5236,energy cooperatives,community-centric
5237,energy cost reduction,cost-benefit driven
5238,energy crisis,renewable energy
5239,energy demand reduction,degrowth
5240,energy descent,renewable energy
5241,energy development,renewable energy
5242,energy economy,renewable energy
5243,energy efficiency culture,energy efficiency
5244,energy efficiency efforts,energy efficiency
5245,energy efficiency gains,energy efficiency
5246,energy efficiency importance,energy efficiency
5247,energy efficiency improvements,energy efficiency
5248,energy efficiency in buildings,energy efficiency
5249,energy efficiency in production,energy efficiency
5250,energy efficiency investment,energy efficiency
5251,energy efficiency policies,energy efficiency
5252,energy efficiency program,energy efficiency
5253,energy efficiency projects,energy efficiency
5254,energy efficiency research,energy efficiency
5255,energy efficiency retrofit,energy efficiency
5256,energy efficiency retrofitting,energy efficiency
5257,energy efficiency scaling,energy efficiency
5258,energy efficiency standards,energy efficiency
5259,energy efficiency upgrade,energy efficiency
5260,energy efficient concrete,material science
5261,energy efficient emissions,energy efficiency
5262,energy efficient homes,energy efficiency
5263,energy efficient housing,energy efficiency
5264,energy efficient reinforced concrete,material science
5265,energy equity,vulnerable population centric
5266,energy externality,cost-benefit driven
5267,energy finance,renewable energy
5268,energy for economy,renewable energy
5269,energy foundation,renewable energy
5270,energy framework,renewable energy
5271,energy generation,electrification
5272,energy generation agriculture,electrification
5273,energy grid optimization,smart-grid
5274,energy incentives,taxation
5275,energy infrastructure,renewable energy
5276,energy infrastructure transition,renewable energy
5277,energy innovation,renewable energy
5278,energy intensity,energy efficiency
5279,energy language,renewable energy
5280,energy mix,renewable energy
5281,energy monetization,renewable energy
5282,energy needs by 2055,emission reduction
5283,energy neutral homes,renewable energy
5284,energy per gdp,emission reduction
5285,energy performance,energy efficiency
5286,energy performance certificate,energy efficiency
5287,energy planning,managerial practices
5288,energy policy experts,renewable energy
5289,energy portfolio,renewable energy
5290,energy productivity,energy efficiency
5291,energy reduction strategy,emission reduction
5292,energy regulations,energy efficiency
5293,energy resilience,risk-based approach
5294,energy saving,energy efficiency
5295,energy saving education,degrowth
5296,energy saving strategy,degrowth
5297,energy sector decarbonization,decarbonisation
5298,energy sector transformation,renewable energy
5299,energy sectors,renewable energy
5300,energy self-sufficient ecocities,urban planning
5301,energy sharing,community-centric
5302,energy solution,renewable energy
5303,energy stability,sustainability
5304,energy storage advancements,electrification
5305,energy storage capacity,electrification
5306,energy storage cost,electrification
5307,energy storage costs,electrification
5308,energy storage development,electrification
5309,energy storage distribution,electrification
5310,energy storage investment,electrification
5311,energy storage subsidy,electrification
5312,energy storage systems,electrification
5313,energy storage technologies,electrification
5314,energy subsidies transparency,taxation
5315,energy sufficiency,emission reduction
5316,energy supply,renewable energy
5317,energy supply balance,renewable energy
5318,energy surcharge,electrification
5319,energy surplus,emission reduction
5320,energy system experts,renewable energy
5321,energy system transformation,renewable energy
5322,energy systems,renewable energy
5323,energy transition plan,renewable energy
5324,energy transitions,renewable energy
5325,energy waste,recycling
5326,energy water land sectors,water management
5327,energy yield exceed consumption,renewable energy
5328,energy-cooperative,community-centric
5329,energy-efficient,energy efficiency
5330,energy-efficient appliances,energy efficiency
5331,energy-efficient building codes,infrastructure
5332,energy-efficient building design,energy efficiency
5333,energy-efficient building designs,energy efficiency
5334,energy-efficient homes,energy efficiency
5335,energy-efficient housing,energy efficiency
5336,energy-efficient infrastructure,infrastructure
5337,energy-efficient living,energy efficiency
5338,energy-efficient measures,energy efficiency
5339,energy-efficient mix,material science
5340,energy-efficient practices,energy efficiency
5341,energy-efficient production,energy efficiency
5342,energy-efficient refurbishment,energy efficiency
5343,energy-efficient renovation,energy efficiency
5344,energy-efficient systems,energy efficiency
5345,energy-efficient vehicles,energy efficiency
5346,energy-efficient windows,energy efficiency
5347,energy-generating bacteria,technology
5348,energy-generating buildings,renewable energy
5349,energy-harvesting structures,electrification
5350,energy-intensive,energy efficiency
5351,energy-intensive food chain,food-system
5352,energy-intensive materials,material science
5353,energy-neutral housing,renewable energy
5354,energy-positive buildings,renewable energy
5355,energy-positive homes,renewable energy
5356,enforce carbon pricing,taxation
5357,enforce international agreements,global collaboration
5358,enforce transition,transition and transformation
5359,enforceable agreements,governance
5360,enforceable carbon pricing,taxation
5361,enforceable carbon tax,taxation
5362,enforceable carbon taxes,taxation
5363,enforceable emissions reductions,emission reduction
5364,enforceable global agreements,governance
5365,enforceable international agreements,global collaboration
5366,enforceable international policies,global collaboration
5367,enforceable mechanisms,governance
5368,enforceable policies,governance
5369,enforced agreements,governance
5370,enforced carbon pricing,taxation
5371,engagement in developing countries,vulnerable population centric
5372,engaging communities,community-centric
5373,engineer the sea,technology
5374,engineered climate solutions,technology
5375,engineered infrastructure,infrastructure
5376,engineered living machines,technology
5377,engineered sequestration,decarbonisation
5378,engineered solutions,technology
5379,engineering flood control,coast-protection and flood
5380,engineering management,technology
5381,engineering practice,technology
5382,engineering resilience,technology
5383,engineering solutions,technology
5384,engineers,technology
5385,enhance biodiversity,biodiversity
5386,enhance carbon sequestration,decarbonisation
5387,enhance climate resilience,none
5388,enhance community resilience,community-centric
5389,enhance durability,sustainability
5390,enhance energy efficiency,energy efficiency
5391,enhance precipitation,extreme events
5392,enhance recovery,infrastructure
5393,enhance resilience,risk-based approach
5394,enhance soil health,nature management
5395,enhanced biodiversity,biodiversity
5396,enhanced carbon capture,decarbonisation
5397,enhanced carbon sinks,decarbonisation
5398,enhanced energy efficiency,energy efficiency
5399,enhanced insurance,cost-benefit driven
5400,enhanced oil recovery,infrastructure
5401,enhanced paris accord,global collaboration
5402,enhanced paris agreement,global collaboration
5403,enhanced reinforcement,risk-based approach
5404,enhanced rock weathering,human-nature equilibrium
5405,enhanced sinks,decarbonisation
5406,enhanced thermal mass,technology
5407,enhances biodiversity,biodiversity
5408,enhances resilience,risk-based approach
5409,enhancing biodiversity,biodiversity
5410,enhancing carbon sinks,decarbonisation
5411,enhancing durability,sustainability
5412,enhancing energy efficiency,energy efficiency
5413,enhancing infrastructure,infrastructure
5414,enhancing mangroves,forest-centric
5415,enhancing natural carbon,decarbonisation
5416,enhancing resilience,risk-based approach
5417,enhancing soil health,nature management
5418,enrich low-carbon technologies,energy efficiency
5419,entirely plant-based diet,food-system
5420,entrenched fossil fuel interests,reduce fossil-fuel
5421,environmental activism,socio-political approaches
5422,environmental care,nature management
5423,environmental citizenship,socio-political approaches
5424,environmental conservation,nature management
5425,environmental constraints,nature management
5426,environmental costs,cost-benefit driven
5427,environmental design,design
5428,environmental due diligence,nature management
5429,environmental emergencies,none
5430,environmental ethics,none
5431,environmental footprint,individual action
5432,environmental harms,none
5433,environmental impact,risk-based approach
5434,environmental impact assessments,risk-based approach
5435,environmental migration,none
5436,environmental monitoring,managerial practices
5437,environmental policies,governance
5438,environmental racism,vulnerable population centric
5439,environmental regeneration,nature management
5440,environmental resilience,none
5441,environmental restoration,biodiversity
5442,environmental risk,risk-based approach
5443,environmental science,knowledge-driven
5444,environmental socioeconomic,vulnerable population centric
5445,environmental stewardship,biodiversity
5446,environmental sustainability,sustainability
5447,environmental tax reform,taxation
5448,environmental taxation,taxation
5449,environmentally conscious consumption,sustainability
5450,environmentally friendly products,industry-centric
5451,environmentally sustainable economic activities,sustainability
5452,eor,decarbonisation
5453,eps concrete,material science
5454,equal commitment,socio-political approaches
5455,equal right,vulnerable population centric
5456,equalize carbon pricing,taxation
5457,equalize carbon tax,taxation
5458,equator migration,vulnerable population centric
5459,equitable,vulnerable population centric
5460,equitable access,vulnerable population centric
5461,equitable actions,vulnerable population centric
5462,equitable adaptation funding,funding-adaptation
5463,equitable adaptation policies,governance
5464,equitable agreements,vulnerable population centric
5465,equitable aid,vulnerable population centric
5466,equitable approach,vulnerable population centric
5467,equitable burden sharing,vulnerable population centric
5468,equitable capacity,vulnerable population centric
5469,equitable carbon pricing,taxation
5470,equitable climate governance,vulnerable population centric
5471,equitable climate policies,governance
5472,equitable climate resilience,vulnerable population centric
5473,equitable communities,vulnerable population centric
5474,equitable community education,knowledge-driven
5475,equitable community engagement,vulnerable population centric
5476,equitable community involvement,vulnerable population centric
5477,equitable community resilience,community-centric
5478,equitable community support,vulnerable population centric
5479,equitable community-based planning,community-centric
5480,equitable cooperation,vulnerable population centric
5481,equitable decarbonisation,decarbonisation
5482,equitable decarbonization,decarbonisation
5483,equitable early warning systems,climate models
5484,equitable economic framework,vulnerable population centric
5485,equitable economic policies,vulnerable population centric
5486,equitable economic systems,vulnerable population centric
5487,equitable economic transformation,vulnerable population centric
5488,equitable effort,vulnerable population centric
5489,equitable electrification,electrification
5490,equitable emission reductions,emission reduction
5491,equitable finance,vulnerable population centric
5492,equitable financial mechanisms,vulnerable population centric
5493,equitable financial support,vulnerable population centric
5494,equitable financing,vulnerable population centric
5495,equitable food,vulnerable population centric
5496,equitable framework,vulnerable population centric
5497,equitable funding,vulnerable population centric
5498,equitable funding mechanisms,vulnerable population centric
5499,equitable global climate governance,governance
5500,equitable green transitions,vulnerable population centric
5501,equitable international agreements,global collaboration
5502,equitable international aid,vulnerable population centric
5503,equitable international cooperation,global collaboration
5504,equitable international funding,vulnerable population centric
5505,equitable international funding mechanisms,vulnerable population centric
5506,equitable international policies,vulnerable population centric
5507,equitable investment,vulnerable population centric
5508,equitable investments,vulnerable population centric
5509,equitable long-term resilience,vulnerable population centric
5510,equitable management,vulnerable population centric
5511,equitable outcomes,vulnerable population centric
5512,equitable places,vulnerable population centric
5513,equitable policies,vulnerable population centric
5514,equitable policy frameworks,governance
5515,equitable policy reforms,governance
5516,equitable processes,vulnerable population centric
5517,equitable reform,vulnerable population centric
5518,equitable renewable economy,vulnerable population centric
5519,equitable resilience,vulnerable population centric
5520,equitable resource allocation,vulnerable population centric
5521,equitable resource distribution,vulnerable population centric
5522,equitable resource sharing,vulnerable population centric
5523,equitable risk distribution,vulnerable population centric
5524,equitable risk sharing,vulnerable population centric
5525,equitable scaling,none
5526,equitable sharing,vulnerable population centric
5527,equitable societies,vulnerable population centric
5528,equitable socioeconomic policies,vulnerable population centric
5529,equitable support,vulnerable population centric
5530,equitable sustainable,vulnerable population centric
5531,equitable sustainable development,vulnerable population centric
5532,equitable transformation,vulnerable population centric
5533,equitable transition strategies,vulnerable population centric
5534,equitable transitions,vulnerable population centric
5535,equity and inclusivity,vulnerable population centric
5536,equity in emissions reductions,emission reduction
5537,equity inclusion,vulnerable population centric
5538,equity-based investments,vulnerable population centric
5539,equity-focused planning,vulnerable population centric
5540,eradicate oppression,vulnerable population centric
5541,erosion control,nature management
5542,erosion division reparation,nature management
5543,erosion protection,nature management
5544,erosion reduction,infrastructure
5545,escalating climate impacts,none
5546,esco business models,industry-centric
5547,essential public goods,socio-political approaches
5548,essential services,socio-political approaches
5549,ethic of care,knowledge-driven
5550,ethical choices,knowledge-driven
5551,ethical construction,knowledge-driven
5552,ethical framework,knowledge-driven
5553,ets,decarbonisation
5554,eu carbon neutrality,renewable energy
5555,eu climate law,socio-political approaches
5556,eu energy transition,renewable energy
5557,eu fossil imports,reduce fossil-fuel
5558,eu green investment plan,governance
5559,eu renewable energy directive,renewable energy
5560,eu taxonomy,taxation
5561,europe 2050,emission reduction
5562,european adaptation strategy toolbox,State-led
5563,european commission,global collaboration
5564,european drought,water management
5565,european framework,global collaboration
5566,eutectic solvent-based carbon mineralization,material science
5567,ev charging,electrification
5568,ev charging infrastructure,electrification
5569,ev charging stations,electrification
5570,ev supply chain,sustainability
5571,evacuate immediately,risk-based approach
5572,evacuation drills,risk-based approach
5573,evacuation plans,risk-based approach
5574,evacuation preparedness,risk-based approach
5575,evacuation procedures,risk-based approach
5576,evacuation protocols,risk-based approach
5577,evacuation route,risk-based approach
5578,evacuation routes,risk-based approach
5579,evaluating feasibility,none
5580,evaluating measures,managerial practices
5581,evaporative cooling,material science
5582,evapotranspiration,water management
5583,evidence-based,knowledge-driven
5584,evidence-based adaptation,knowledge-driven
5585,evidence-based adaptation plans,knowledge-driven
5586,evidence-based decision-making,knowledge-driven
5587,evidence-based decisions,knowledge-driven
5588,evidence-based format,knowledge-driven
5589,evidence-based measures,knowledge-driven
5590,evidence-based planning,knowledge-driven
5591,evidence-based plans,knowledge-driven
5592,evidence-based policy,knowledge-driven
5593,evidence-based practice,knowledge-driven
5594,evidence-based reductions,knowledge-driven
5595,evidence-based strategies,knowledge-driven
5596,evidence-informed measures,knowledge-driven
5597,evolutionary choice,none
5598,evolutionary design,design
5599,evolutionary insight,knowledge-driven
5600,evolutionary strategy,none
5601,evolving climate data,climate models
5602,evolving risks,risk-based approach
5603,evs,electrification
5604,exclude fossil economic advantage,reduce fossil-fuel
5605,exemplary projects,none
5606,existing buildings,urban planning
5607,existing infrastructures,infrastructure
5608,existing plan,none
5609,existing technologies,technology
5610,expand clean energy,renewable energy
5611,expand forestry sinks,decarbonisation
5612,expand natural sinks,decarbonisation
5613,expand oil production,reduce fossil-fuel
5614,expand renewable energy,renewable energy
5615,expand renewable production,renewable energy
5616,expand social safety nets,socio-political approaches
5617,expanding,none
5618,expanding wetlands,nature management
5619,expansion,none
5620,expansion joints,none
5621,expect future climates,none
5622,expect middle,risk-based approach
5623,expected impacts,risk-based approach
5624,expedite methane reduction,emission reduction
5625,expensive climate protection,none
5626,experimental buffer,none
5627,expert agreement,knowledge-driven
5628,expert consultation,knowledge-driven
5629,expert panel,knowledge-driven
5630,expert panel report,knowledge-driven
5631,explicit goals,managerial practices
5632,exploit sustainable solutions,sustainability
5633,exploitation of nature,human-nature equilibrium
5634,exponential growth,degrowth
5635,export energy,renewable energy
5636,exposure mapping,risk-based approach
5637,extend fossil fuel subsidies,reduce fossil-fuel
5638,extend grid,smart-grid
5639,extend lifespan,sustainability
5640,extended lifespan,sustainability
5641,extended producer responsibility,recycling
5642,extensification,none
5643,exterior insulation,sustainability
5644,external costs,cost-benefit driven
5645,externalized costs,cost-benefit driven
5646,extract carbon from atmosphere,decarbonisation
5647,extract from sea,water management
5648,extractivist logics,socio-political approaches
5649,extreme climate events mitigation,extreme events
5650,extreme environments,extreme events
5651,extreme event risk,extreme events
5652,extreme heat mitigation,temperature-centric
5653,extreme storms,extreme events
5654,extreme temperatures,extreme events
5655,extreme weather action,extreme events
5656,extreme weather adaptation,extreme events
5657,extreme weather impacts,extreme events
5658,extreme weather preparedness,extreme events
5659,extreme weather protection,extreme events
5660,extreme weather resilience,extreme events
5661,extreme weather risk,extreme events
5662,extreme weather vulnerability reduction,extreme events
5663,facing the facts,knowledge-driven
5664,factfulness,knowledge-driven
5665,factor of four,none
5666,factory production line,material science
5667,failure mitigation strategies,risk-based approach
5668,failure of systems,none
5669,fair distribution,vulnerable population centric
5670,fair economy,vulnerable population centric
5671,fair resource allocation,vulnerable population centric
5672,fair sustainable balance,vulnerable population centric
5673,fair transition,vulnerable population centric
5674,fairer global society,global collaboration
5675,fairly distributed mechanism,vulnerable population centric
5676,faith in creation,human-nature equilibrium
5677,fallow land,food-system
5678,family planning,degrowth
5679,farm water management,water management
5680,farmer advisors,food-system
5681,farmers engagement,food-system
5682,farmers movement,food-system
5683,farmers' resilience,food-system
5684,farming on hills,food-system
5685,farsighted government,governance
5686,fast track,none
5687,fast-track renewable energy,renewable energy
5688,façade-integrated photovoltaics,renewable energy
5689,fcevs,electrification
5690,fear of collapse,none
5691,feasibility,none
5692,feasibility evaluation,risk-based approach
5693,feasible goals,none
5694,feasible options,none
5695,federal and state policies,State-led
5696,federal climate plan,climate models
5697,federal policy,State-led
5698,fee on carbon,taxation
5699,fee on extraction,reduce fossil-fuel
5700,fee-and-divide,taxation
5701,fee-and-dividend,taxation
5702,feed co2 to concrete,material science
5703,feed-in tariffs,taxation
5704,feedback loop,managerial practices
5705,fema,risk-based approach
5706,fema lead agency,risk-based approach
5707,ferrocement structures,material science
5708,ferrock,material science
5709,ferroelectric materials,material science
5710,fertile land,nature management
5711,fertile soil,nature management
5712,fewer raw materials,degrowth
5713,fiber mesh reinforcement,material science
5714,fiber or steel reinforcement,material science
5715,fiber reinforced polymers,material science
5716,fiber reinforcement,material science
5717,fiber-reinforced,material science
5718,fiber-reinforced concrete,material science
5719,fiber-reinforced polymer,material science
5720,fiber-reinforced polymers,material science
5721,fibers,material science
5722,field research,knowledge-driven
5723,fight misinformation,knowledge-driven
5724,filter pollutants,material science
5725,filtering water,water management
5726,finance adaptation,funding-adaptation
5727,finance assistance,funding-adaptation
5728,finance clean energy,renewable energy
5729,finance curse,alternative economic system
5730,finance energy transition,renewable energy
5731,finance flows,funding-adaptation
5732,finance for developing nations,funding-adaptation
5733,finance mechanisms,funding-adaptation
5734,finance solution,funding-adaptation
5735,finance solutions,funding-adaptation
5736,finance transition,funding-adaptation
5737,financial barriers,funding-adaptation
5738,financial flows,funding-adaptation
5739,financial incentive,taxation
5740,financial incentives,taxation
5741,financial innovations,industry-centric
5742,financial losses,cost-benefit driven
5743,financial markets,industry-centric
5744,financial mechanisms,funding-adaptation
5745,financial reallocation,alternative economic system
5746,financial repurposing,taxation
5747,financial resilience,cost-benefit driven
5748,financial risk,risk-based approach
5749,financial sector energy,renewable energy
5750,financial support,funding-adaptation
5751,financial system reform,alternative economic system
5752,financial system transition,alternative economic system
5753,financial systems,alternative economic system
5754,financial transaction tax,taxation
5755,financial transactions,industry-centric
5756,financial transfers,funding-adaptation
5757,financing adaptation,funding-adaptation
5758,financing mechanism,funding-adaptation
5759,financing transition,funding-adaptation
5760,finely ground minerals,material science
5761,finished floor,material science
5762,finite planet awareness,knowledge-driven
5763,finite resource,degrowth
5764,fintech for climate,industry-centric
5765,fire co2 prevention,decarbonisation
5766,fire cost economics,cost-benefit driven
5767,fire safety,infrastructure
5768,first law thermodynamics,technology
5769,first-principles,none
5770,fish sanctuaries,biodiversity
5771,fix co2,decarbonisation
5772,fix fossil fuels,reduce fossil-fuel
5773,fixing energy,energy efficiency
5774,fixing transportation,clean transportation
5775,flexibility and adaptability,none
5776,flexibility in infrastructure,infrastructure
5777,flexible and inclusive plans,none
5778,flexible and iterative,none
5779,flexible and staged,none
5780,flexible approaches,none
5781,flexible building codes,urban planning
5782,flexible cementitious,material science
5783,flexible flood control,coast-protection and flood
5784,flexible framework,none
5785,flexible implementation,none
5786,flexible levee system,coast-protection and flood
5787,flexible measures,none
5788,flexible participatory strategy,community-centric
5789,flexible planning,none
5790,flexible policy frameworks,governance
5791,flexible pragmatic,none
5792,flexible responses,none
5793,flexible scalable implementation,none
5794,flexible strategies,none
5795,flexible systems,none
5796,flexible toolbox,none
5797,flexitarian diet,food-system
5798,floating architecture,urban planning
5799,floating buildings,urban planning
5800,floating city,urban planning
5801,floating homes,urban planning
5802,floating infrastructure,infrastructure
5803,floating islands,urban planning
5804,floating lng,urban planning
5805,floating offshore wind,renewable energy
5806,floating platform,urban planning
5807,floating solar,renewable energy
5808,floating solar farm,renewable energy
5809,floating structures,urban planning
5810,floating wetland structures,nature management
5811,floating wetlands,nature management
5812,flood attenuation,coast-protection and flood
5813,flood barriers,coast-protection and flood
5814,flood buffering,coast-protection and flood
5815,flood control,coast-protection and flood
5816,flood damage,coast-protection and flood
5817,flood defenses,coast-protection and flood
5818,flood drought wildfire,extreme events
5819,flood land with concrete,coast-protection and flood
5820,flood mitigation,coast-protection and flood
5821,flood plain resilience,coast-protection and flood
5822,flood protection investment,coast-protection and flood
5823,flood protection systems,coast-protection and flood
5824,flood reduction,coast-protection and flood
5825,flood resistant infrastructure,coast-protection and flood
5826,flood retention,coast-protection and flood
5827,flood risk management,coast-protection and flood
5828,flood risk mitigation,coast-protection and flood
5829,flood risk prediction,coast-protection and flood
5830,flood risk reduction,coast-protection and flood
5831,flood threat,coast-protection and flood
5832,flood vulnerability,coast-protection and flood
5833,flood zone risks,coast-protection and flood
5834,flood zones,coast-protection and flood
5835,flood-control barriers,coast-protection and flood
5836,flood-control infrastructure,coast-protection and flood
5837,flood-control levees,coast-protection and flood
5838,flood-control measures,coast-protection and flood
5839,flood-control structures,coast-protection and flood
5840,flood-prone areas,coast-protection and flood
5841,flood-proof buildings,coast-protection and flood
5842,flood-proof materials,coast-protection and flood
5843,flood-proofing,coast-protection and flood
5844,flood-resilient building design,coast-protection and flood
5845,flood-resilient construction,coast-protection and flood
5846,flood-resilient design,coast-protection and flood
5847,flood-resilient infrastructure,coast-protection and flood
5848,flood-resilient urban design,coast-protection and flood
5849,flood-resistant,coast-protection and flood
5850,flood-resistant agriculture,coast-protection and flood
5851,flood-resistant barriers,coast-protection and flood
5852,flood-resistant buildings,coast-protection and flood
5853,flood-resistant cities,coast-protection and flood
5854,flood-resistant construction,coast-protection and flood
5855,flood-resistant design,coast-protection and flood
5856,flood-resistant designs,coast-protection and flood
5857,flood-resistant homes,coast-protection and flood
5858,flood-resistant housing,coast-protection and flood
5859,flood-resistant levees,coast-protection and flood
5860,flood-resistant materials,coast-protection and flood
5861,flood-resistant urban designs,coast-protection and flood
5862,flood-resistant urban planning,coast-protection and flood
5863,flood-resistant zoning,coast-protection and flood
5864,flood-risk management,coast-protection and flood
5865,floodable basements,coast-protection and flood
5866,flooded cities,coast-protection and flood
5867,flooding design,coast-protection and flood
5868,flooding drought,extreme events
5869,flooding erosion,coast-protection and flood
5870,flooding mitigation,coast-protection and flood
5871,flooding prevention,coast-protection and flood
5872,flooding protection,coast-protection and flood
5873,flooding solutions,coast-protection and flood
5874,flooding storms,extreme events
5875,flooding vulnerability,coast-protection and flood
5876,floodplain processes,coast-protection and flood
5877,floodplain redevelopment,coast-protection and flood
5878,floodplain relocation,coast-protection and flood
5879,floods and storms,extreme events
5880,floodwalls,coast-protection and flood
5881,fly ash geopolymer,material science
5882,fly ash utilization,material science
5883,foamed-in-place insulation,material science
5884,focus actionable solutions,none
5885,focus cost-effective,cost-benefit driven
5886,focus on causes,none
5887,focus on coal,reduce fossil-fuel
5888,focus on future,risk-based approach
5889,focus on poor,vulnerable population centric
5890,focus resilience,risk-based approach
5891,follow best examples,none
5892,folsom dam,water management
5893,food access,food-system
5894,food and coastal risks,food-system
5895,food and fuel systems,food-system
5896,food and land use,food-system
5897,food and water scarcity,food-system
5898,food and water security,food-system
5899,food chain emissions,food-system
5900,food choice,food-system
5901,food cooperative,food-system
5902,food cooperatives,food-system
5903,food demand,food-system
5904,food desert,food-system
5905,food desert detroit,food-system
5906,food for vulnerable,vulnerable population centric
5907,food insecurity reduction,food-system
5908,food planning,food-system
5909,food production impacts,food-system
5910,food production transformation,food-system
5911,food resilience,food-system
5912,food revolution,food-system
5913,food scarcity,food-system
5914,food sector transition,renewable energy
5915,food shortages,food-system
5916,food subsidies,food-system
5917,food system reboot,food-system
5918,food system reform,food-system
5919,food system resilience,food-system
5920,food waste,recycling
5921,food waste emissions,recycling
5922,food waste reduction,recycling
5923,food-secure hubs,food-system
5924,footprint reduction,individual action
5925,footprint sourcing,individual action
5926,forbid resource growth,degrowth
5927,force industry,recycling
5928,forecast resolution,climate models
5929,forest adaptation,forest-centric
5930,forest and wetlands,forest-centric
5931,forest biomass,bio-fuel
5932,forest city model,urban planning
5933,forest cutting,forest-centric
5934,forest ecosystem,biodiversity
5935,forest engineer,forest-centric
5936,forest fires,forest-centric
5937,forest gardening,food-system
5938,forest management feedback,forest-centric
5939,forest protection,forest-centric
5940,forest resources,forest-centric
5941,forest revival,nature management
5942,forestry credits,forest-centric
5943,forestry practices,forest-centric
5944,forests and farms,forest-centric
5945,forests and oceans,forest-centric
5946,forests and wetlands,forest-centric
5947,forests carbon sequestration,decarbonisation
5948,forests protect,forest-centric
5949,forests wetlands,forest-centric
5950,form energy networks,renewable energy
5951,formwork,none
5952,fortified coastal defenses,coast-protection and flood
5953,fortified housing,infrastructure
5954,fortified infrastructure,infrastructure
5955,fortify coastlines,coast-protection and flood
5956,fortify homes,infrastructure
5957,fortify infrastructure,infrastructure
5958,fortifying homes,infrastructure
5959,fortifying infrastructure,infrastructure
5960,forward thinking,none
5961,forward-looking insurance,cost-benefit driven
5962,fossil consumption equity,reduce fossil-fuel
5963,fossil free finance,reduce fossil-fuel
5964,fossil fuel availability,reduce fossil-fuel
5965,fossil fuel burning,reduce fossil-fuel
5966,fossil fuel cap-and-trade,taxation
5967,fossil fuel combustion,reduce fossil-fuel
5968,fossil fuel corporations,reduce fossil-fuel
5969,fossil fuel dependency,reduce fossil-fuel
5970,fossil fuel economy,alternative economic system
5971,fossil fuel exporters,reduce fossil-fuel
5972,fossil fuel extraction,reduce fossil-fuel
5973,fossil fuel imports,reduce fossil-fuel
5974,fossil fuel industry influence,industry-centric
5975,fossil fuel lobby,industry-centric
5976,fossil fuel lock-in,reduce fossil-fuel
5977,fossil fuel phase-outs,reduce fossil-fuel
5978,fossil fuel phaseout,reduce fossil-fuel
5979,fossil fuel pollution costs,reduce fossil-fuel
5980,fossil fuel powered,reduce fossil-fuel
5981,fossil fuel price,reduce fossil-fuel
5982,fossil fuel regulation,governance
5983,fossil fuel sources,reduce fossil-fuel
5984,fossil fuel subsidy withdrawal,taxation
5985,fossil fuel taxation,taxation
5986,fossil fuel taxes,taxation
5987,fossil fuel taxing,taxation
5988,fossil fuel transition,reduce fossil-fuel
5989,fossil fuel workers,reduce fossil-fuel
5990,fossil fuel-dependent economies,alternative economic system
5991,fossil fuel-free transportation,reduce fossil-fuel
5992,fossil fuels endgame,reduce fossil-fuel
5993,fossil-free concrete,material science
5994,fossil-free energy,reduce fossil-fuel
5995,fossil-fuel independence,reduce fossil-fuel
5996,four dimensions,none
5997,four-step sequence,none
5998,fourth-generation nuclear,nuclear
5999,fracking,reduce fossil-fuel
6000,framework for governments,governance
6001,framing approach,none
6002,framing strategy,none
6003,free hydrogen,bio-fuel
6004,free public transport,clean transportation
6005,freight and logistics pathway,clean transportation
6006,freshwater,water management
6007,freshwater access,water management
6008,freshwater management,water management
6009,freshwater resources,water management
6010,freshwater use,water management
6011,front-end emission reduction,emission reduction
6012,frontline adaptation,none
6013,fruits,food-system
6014,fuel cell vehicles,bio-fuel
6015,fuel cells,bio-fuel
6016,fuel conversion,bio-fuel
6017,fuel economy,bio-fuel
6018,fuel of the future,bio-fuel
6019,fuel production,bio-fuel
6020,fuel replacement,bio-fuel
6021,fuel switching,bio-fuel
6022,fuels,bio-fuel
6023,full accountability,governance
6024,full cost visibility,cost-benefit driven
6025,full decarbonization,decarbonisation
6026,full electrification,electrification
6027,full external costs,cost-benefit driven
6028,full phase-out,reduce fossil-fuel
6029,full transparency,governance
6030,full-cycle industry park,infrastructure
6031,full-scale ccus,decarbonisation
6032,full-scale renewable transition,renewable energy
6033,full-scale transition to renewable energy,renewable energy
6034,fully decarbonized energy mix,decarbonisation
6035,fully renewable energy,renewable energy
6036,fully renewable energy economy,renewable energy
6037,fully renewable energy system,renewable energy
6038,fully renewable system,renewable energy
6039,functional ecosystem,biodiversity
6040,fund adaptation,funding-adaptation
6041,fund clean energy,renewable energy
6042,fund climate resilience,funding-adaptation
6043,fund mitigation,risk-based approach
6044,fund nature,human-nature equilibrium
6045,fundamental approach,none
6046,fundamental transformations,transition and transformation
6047,funding commitments,funding-adaptation
6048,funding mechanisms,funding-adaptation
6049,fungi remediation,material science
6050,future environment,risk-based approach
6051,future generations live less,risk-based approach
6052,future uncertainty,risk-based approach
6053,future-oriented construction,risk-based approach
6054,garden,food-system
6055,garden wall,food-system
6056,gardening temperature,food-system
6057,gariwg,urban planning
6058,gbri investment,funding-adaptation
6059,gcca statistics,decarbonisation
6060,gdp per capita under carbon constraints,degrowth
6061,gen iv reactors,bio-fuel
6062,gender focus,vulnerable population centric
6063,gender representation,vulnerable population centric
6064,gender vulnerability,vulnerable population centric
6065,general principles of sustainability,sustainability
6066,generate renewable energy on-site,smart-grid
6067,generation iv,bio-fuel
6068,generation iv reactors,bio-fuel
6069,genetic diversity,decentralisation
6070,genetically engineered algae,bio-fuel
6071,geo,none
6072,geo-engineer,material science
6073,geo-polymer concrete,material science
6074,geo-sequestration,decarbonisation
6075,geodesic domes,urban planning
6076,geoengineering debate,technology
6077,geoengineering infrastructure,technology
6078,geoengineering options,technology
6079,geographic information systems,technology
6080,geography,knowledge-driven
6081,geologic reservoirs,water management
6082,geological sequestration,decarbonisation
6083,geologically stable regions,vulnerable population centric
6084,geophysical systems,nature management
6085,geopolymer,material science
6086,geopolymer cement,material science
6087,geopolymer concrete,material science
6088,geopolymer core,material science
6089,geopolymer roads,material science
6090,geopolymer synthesis,material science
6091,geopolymerization,material science
6092,geopolymers,material science
6093,geopolymers as binder,material science
6094,geosequestration,decarbonisation
6095,geospatial analysis,climate models
6096,geosphere carbon storage,decarbonisation
6097,geosynthetic liner,material science
6098,geothermal backup,technology
6099,geothermal heating cooling,technology
6100,geothermal power,technology
6101,geothermal system,technology
6102,geothermal systems,technology
6103,geothermal technology,technology
6104,geothermal-informed transition,technology
6105,german ministry,none
6106,germany stimulus package,taxation
6107,get out of fossil dependency,reduce fossil-fuel
6108,get rid of fossil fuels,reduce fossil-fuel
6109,get the science,knowledge-driven
6110,gh reduction,degrowth
6111,ghg costs per tonne,greenhouse
6112,ghg emissions feedback,emission reduction
6113,ghg emissions reductions,emission reduction
6114,ghg emissions trend,emission reduction
6115,ghg growth,emission reduction
6116,ghg measurement,emission reduction
6117,ghg model critique,emission reduction
6118,ghg reduction targets,emission reduction
6119,ghg-neutral,emission reduction
6120,giant warehouses,urban planning
6121,girls' education,knowledge-driven
6122,gis mapping,technology
6123,gisr,decarbonisation
6124,give up cars,reduce fossil-fuel
6125,give up fossil fuel,reduce fossil-fuel
6126,glacier anthropology,human-nature equilibrium
6127,glacier melting,temperature-centric
6128,glasgow,urban planning
6129,glass solutions,recycling
6130,global action plan,global collaboration
6131,global adaptation index,managerial practices
6132,global agreements,global collaboration
6133,global approach,global collaboration
6134,global assessment,managerial practices
6135,global bank for decarbonization,decarbonisation
6136,global biodiversity,biodiversity
6137,global cap and trade,taxation
6138,global capacity,community-centric
6139,global carbon,taxation
6140,global carbon capture,decarbonisation
6141,global carbon capture and removal,decarbonisation
6142,global carbon capture infrastructure,decarbonisation
6143,global carbon capture network,decarbonisation
6144,global carbon capture technology,decarbonisation
6145,global carbon credit market,taxation
6146,global carbon cycle,decarbonisation
6147,global carbon emissions,taxation
6148,global carbon fee,taxation
6149,global carbon price floor,taxation
6150,global carbon prices,taxation
6151,global carbon pricing,taxation
6152,global carbon pricing and capture,taxation
6153,global carbon pricing mechanism,taxation
6154,global carbon pricing system,taxation
6155,global carbon removal policy,decarbonisation
6156,global ccus infrastructure,decarbonisation
6157,global cement layer,technology
6158,global circular economy,circular-economy
6159,global climate action,global collaboration
6160,global climate corps,global collaboration
6161,global climate engineering,technology
6162,global climate governance,governance
6163,global climate insurance pool,global collaboration
6164,global climate law,global collaboration
6165,global climate program,global collaboration
6166,global co2,emission reduction
6167,global coalition,global collaboration
6168,global collaboration,global collaboration
6169,global collective action,socio-political approaches
6170,global collective social economy,global collaboration
6171,global commission on the economy and climate,global collaboration
6172,global commission scientists,knowledge-driven
6173,global commons bank,global collaboration
6174,global concrete production,material science
6175,global connection,global collaboration
6176,global cooperative effort,global collaboration
6177,global coordinated transition,transition and transformation
6178,global coordination,global collaboration
6179,global cost,global collaboration
6180,global critical mass,global collaboration
6181,global decarbonization policies,decarbonisation
6182,global development,global collaboration
6183,global ecological tax,taxation
6184,global economic systems,global collaboration
6185,global education,community-centric
6186,global efforts,global collaboration
6187,global electrification,electrification
6188,global emergency,none
6189,global emergency task force,global collaboration
6190,global emission curb,emission reduction
6191,global emission cuts,emission reduction
6192,global emission reductions,emission reduction
6193,global emissions,emission reduction
6194,global emissions trading,emission reduction
6195,global energy consumption,renewable energy
6196,global energy market,renewable energy
6197,global energy mix,renewable energy
6198,global energy production,renewable energy
6199,global energy system transformation,renewable energy
6200,global energy transformation,renewable energy
6201,global equitable effort,global collaboration
6202,global equitable transition,vulnerable population centric
6203,global equitable transition to 100% renewable energy,renewable energy
6204,global equity,vulnerable population centric
6205,global fee on carbon,taxation
6206,global financial sector,global collaboration
6207,global financial transformation,global collaboration
6208,global footpath network,global collaboration
6209,global funding,funding-adaptation
6210,global gender report,global collaboration
6211,global goals,global collaboration
6212,global governance tool,global collaboration
6213,global green movement,socio-political approaches
6214,global green new deal,governance
6215,global grid,smart-grid
6216,global grid interconnection,smart-grid
6217,global grid scale,smart-grid
6218,global income growth,alternative economic system
6219,global infrastructure,infrastructure
6220,global initiatives,global collaboration
6221,global instability,none
6222,global institutions,global collaboration
6223,global interviews,global collaboration
6224,global investment,funding-adaptation
6225,global job guarantee,none
6226,global knowledge-sharing,knowledge-driven
6227,global low-carbon economy,energy efficiency
6228,global minimum tax,taxation
6229,global mitigation,risk-based approach
6230,global mitigation efforts,risk-based approach
6231,global movement,global collaboration
6232,global multi-faceted strategy,managerial practices
6233,global negotiation,global collaboration
6234,global net-zero,net zero
6235,global net-zero economy,net zero
6236,global networks,global collaboration
6237,global nitrogen crisis,bio-fuel
6238,global north transition,transition and transformation
6239,global partnerships,global collaboration
6240,global phase-out,reduce fossil-fuel
6241,global phase-out of coal,reduce fossil-fuel
6242,global phase-out of fossil fuels,reduce fossil-fuel
6243,global platforms,global collaboration
6244,global policies,global collaboration
6245,global policy alignment,global collaboration
6246,global policy changes,global collaboration
6247,global policy coordination,global collaboration
6248,global policy framework,global collaboration
6249,global policy-making,global collaboration
6250,global price on carbon,taxation
6251,global rapid transition,transition and transformation
6252,global regulatory regime,global collaboration
6253,global renewable corporation,renewable energy
6254,global renewable energy,renewable energy
6255,global renewable energy economy,renewable energy
6256,global renewable energy grid,renewable energy
6257,global renewable investment,renewable energy
6258,global renewable program,renewable energy
6259,global renewable transition,renewable energy
6260,global reorientation,global collaboration
6261,global resilience,risk-based approach
6262,global resilience index,risk-based approach
6263,global resilient infrastructure grid,smart-grid
6264,global risk management,risk-based approach
6265,global scalability,none
6266,global scale restoration,biodiversity
6267,global scaling,none
6268,global shift,transition and transformation
6269,global smart grid,smart-grid
6270,global solar,renewable energy
6271,global solidarity,global collaboration
6272,global south empowerment,community-centric
6273,global strategy,global collaboration
6274,global super grid,smart-grid
6275,global sustainability,sustainability
6276,global system for capturing co2,decarbonisation
6277,global systemic transition,transition and transformation
6278,global taxes,taxation
6279,global temperature threshold,temperature-centric
6280,global transition,transition and transformation
6281,global transition by 2050,emission reduction
6282,global transition to 100% renewable energy,renewable energy
6283,global transition to renewable energy,renewable energy
6284,global transportation infrastructure,infrastructure
6285,global well being,global collaboration
6286,global wind network,renewable energy
6287,globally coordinated approach,global collaboration
6288,globally coordinated ccus,decarbonisation
6289,globally coordinated efforts,global collaboration
6290,globally coordinated infrastructure,infrastructure
6291,globally coordinated policies,global collaboration
6292,globally coordinated transition,transition and transformation
6293,globally implemented,global collaboration
6294,glof project,funding-adaptation
6295,gnd,degrowth
6296,go electric,electrification
6297,goal-setting,managerial practices
6298,good governance,governance
6299,good life paradigm,sustainability
6300,good soil,nature management
6301,gorgon plants,human-nature equilibrium
6302,governance,governance
6303,governance controls,governance
6304,governance reforms,governance
6305,governance structure,governance
6306,government,governance
6307,government accountability,socio-political approaches
6308,government and corporate roles,State-led
6309,government coordination,State-led
6310,government initiatives,State-led
6311,government investment,funding-adaptation
6312,government mobilization,socio-political approaches
6313,government policies,State-led
6314,government proceeds,taxation
6315,government regulation,socio-political approaches
6316,governments corporations civil society,State-led
6317,governments industries,State-led
6318,gradual actions,transition and transformation
6319,gradual implementation,transition and transformation
6320,gradual improvements,transition and transformation
6321,gradual phase-out,reduce fossil-fuel
6322,gradually increasing fee,taxation
6323,graduate collaboration,global collaboration
6324,grand alliance,global collaboration
6325,grants and tax incentives,taxation
6326,grants to poorest,vulnerable population centric
6327,graphene,material science
6328,graphene composite,material science
6329,graphene-based technologies,material science
6330,graphene-enhanced concrete,material science
6331,grass building,urban planning
6332,grass rain gardens,water management
6333,grasslands carbon sequestration,decarbonisation
6334,grasspave2,material science
6335,grassroots activism,socio-political approaches
6336,grassroots advocacy,socio-political approaches
6337,grassroots groups,socio-political approaches
6338,grassroots input,socio-political approaches
6339,grassroots movement,socio-political approaches
6340,grassroots organizations,socio-political approaches
6341,grassroots solutions,socio-political approaches
6342,grassroots-level activism,socio-political approaches
6343,gravel,material science
6344,gravity drainage,water management
6345,great barrier reef,nature management
6346,great green wall,urban planning
6347,great transformation,transition and transformation
6348,green and,none
6349,green and blue infrastructure,infrastructure
6350,green and clean cities,infrastructure
6351,green architecture,infrastructure
6352,green bank,infrastructure
6353,green bank network,infrastructure
6354,green barriers,urban planning
6355,green bond,alternative economic system
6356,green bonds,alternative economic system
6357,green building codes,urban planning
6358,green building practices,urban planning
6359,green building retrofit,infrastructure
6360,green building standards,urban planning
6361,green building techniques,urban planning
6362,green cement,material science
6363,green chemistry,material science
6364,green circular economy,circular-economy
6365,green circular solution,circular-economy
6366,green cities initiative,infrastructure
6367,green climate fund,funding-adaptation
6368,green colonial logic,socio-political approaches
6369,green communities,infrastructure
6370,green concrete recycling,recycling
6371,green construction methods,urban planning
6372,green economies,alternative economic system
6373,green energies,renewable energy
6374,green energy by 2050,emission reduction
6375,green energy deployment,renewable energy
6376,green energy transition,renewable energy
6377,green entire country,State-led
6378,green extraction,alternative economic system
6379,green facades,urban planning
6380,green finance,alternative economic system
6381,green financing,funding-adaptation
6382,green fuels,bio-fuel
6383,green gentrification,urban planning
6384,green grid,smart-grid
6385,green growth path,alternative economic system
6386,green growth policies,governance
6387,green homes,infrastructure
6388,green housing,infrastructure
6389,green incentives,taxation
6390,green industrial,industry-centric
6391,green infrastructure development,infrastructure
6392,green infrastructure initiative,infrastructure
6393,green infrastructure investment,infrastructure
6394,green infrastructure investment program,infrastructure
6395,green infrastructure investments,infrastructure
6396,green infrastructure optimization,infrastructure
6397,green infrastructure resilience,infrastructure
6398,green infrastructure systems,infrastructure
6399,green innovation,technology
6400,green innovation subsidies,taxation
6401,green investment bank,alternative economic system
6402,green materials,infrastructure
6403,green methanol,bio-fuel
6404,green mixing,recycling
6405,green mobility,clean transportation
6406,green new jobs,sustainability
6407,green power generation,electrification
6408,green revolution,sustainability
6409,green roof technologies,urban planning
6410,green roofing,urban planning
6411,green roofs and walls,urban planning
6412,green roofs importance,urban planning
6413,green roofs mandate,urban planning
6414,green seawalls,coast-protection and flood
6415,green solutions,sustainability
6416,green spaces expansion,urban planning
6417,green spaces research,urban planning
6418,green steel,infrastructure
6419,green subsidies,taxation
6420,green surface,urban planning
6421,green tech innovation,technology
6422,green tech subsidies,taxation
6423,green technologies subsidies,taxation
6424,green technology,technology
6425,green technology innovation,technology
6426,green technology subsidies,taxation
6427,green transition,sustainability
6428,green transport,clean transportation
6429,green transportation,clean transportation
6430,green urban corridors,urban planning
6431,green urban infrastructure,infrastructure
6432,green urban planning,urban planning
6433,green urban water systems,water management
6434,green walls,urban planning
6435,green your grid,smart-grid
6436,green-blue infrastructure,infrastructure
6437,green-blue urban infrastructure,infrastructure
6438,green-grey integration,infrastructure
6439,green-roofed structures,urban planning
6440,greener concrete,material science
6441,greenhouse gas intensive,greenhouse
6442,greenhouse gas mitigation,greenhouse
6443,greenhouse gas reduction target,greenhouse
6444,greenhouse gas reduction technologies,greenhouse
6445,greenhouse gases,greenhouse
6446,greenhouse-gas trapping,greenhouse
6447,greenhouses,greenhouse
6448,greentech,technology
6449,grey water,water management
6450,grey water reuse,water management
6451,grey water systems,water management
6452,greywater reuse,water management
6453,grid,smart-grid
6454,grid decarbonization,decarbonisation
6455,grid edge technology,smart-grid
6456,grid electricity,renewable energy
6457,grid expansion,electrification
6458,grid export,smart-grid
6459,grid flexibility,none
6460,grid infrastructure,smart-grid
6461,grid integration,smart-grid
6462,grid investment,smart-grid
6463,grid management,smart-grid
6464,grid modernization,smart-grid
6465,grid reform,smart-grid
6466,grid resilience,smart-grid
6467,grid stress,smart-grid
6468,grid upgrade,infrastructure
6469,grid upgrades,infrastructure
6470,grid variability,smart-grid
6471,grid-based solar,renewable energy
6472,grid-connected solar farms,renewable energy
6473,grid-scale battery storage,electrification
6474,grid-scale ccs,decarbonisation
6475,grid-scale deployment,electrification
6476,grid-scale energy storage,electrification
6477,grid-scale hybrid,electrification
6478,grid-scale renewable energy,renewable energy
6479,grid-scale renewable systems,renewable energy
6480,grid-scale renewable technologies,renewable energy
6481,grid-scale solar,renewable energy
6482,grid-scale solar and wind,renewable energy
6483,grid-scale storage,electrification
6484,grid-scale weather resilience,extreme events
6485,gross capital investment,funding-adaptation
6486,ground-source heat,technology
6487,ground-source heat pumps,technology
6488,groundkeeping,nature management
6489,grouts,technology
6490,grow back trees,forest-centric
6491,grow food,food-system
6492,grow food at home,food-system
6493,grow gardens,food-system
6494,grow local food,food-system
6495,grow more co2,decarbonisation
6496,grow more trees,forest-centric
6497,grow natural capital,human-nature equilibrium
6498,grow trees,forest-centric
6499,grow vegetables,food-system
6500,grow vegetation,human-nature equilibrium
6501,growing cement demand,technology
6502,growing medium,none
6503,growth innovation prosperity,technology
6504,h2 surplus,bio-fuel
6505,habit change,individual action
6506,habitable ecosystems,biodiversity
6507,habitable units,urban planning
6508,habitat,biodiversity
6509,habitat creation,biodiversity
6510,habitat expansion,biodiversity
6511,habitat for biodiversity,biodiversity
6512,habitat regulation,biodiversity
6513,habitat restoration,biodiversity
6514,habituation,none
6515,halt deforestation,forest-centric
6516,halt emissions,emission reduction
6517,halt energy sector expansion,renewable energy
6518,halt fossil fuel development,reduce fossil-fuel
6519,halt fossil fuel exploitation,reduce fossil-fuel
6520,halt fossil fuel extraction,reduce fossil-fuel
6521,halt new fossil fuel,reduce fossil-fuel
6522,halt warming,temperature-centric
6523,halting deforestation,forest-centric
6524,halve co2e by 2030,emission reduction
6525,halve emissions,emission reduction
6526,halve emissions 2030,emission reduction
6527,halve emissions by 2030,emission reduction
6528,halving emissions,emission reduction
6529,hanging gardens,food-system
6530,hard infrastructure,infrastructure
6531,hard landing,nature management
6532,hard solutions,none
6533,hard-to-abate sectors,industry-centric
6534,hardened flood-resistant community,coast-protection and flood
6535,harmonized,none
6536,harmony with nature,human-nature equilibrium
6537,harness regional climates,nature management
6538,harness wind and sun,renewable energy
6539,harvest rainwater,water management
6540,hazard and risk maps,risk-based approach
6541,health co-benefits,human-nature equilibrium
6542,health emergencies,none
6543,health impacts,risk-based approach
6544,health impacts assessment,risk-based approach
6545,health safeguards,human-nature equilibrium
6546,health sector,industry-centric
6547,healthy ecosystems,biodiversity
6548,healthy soil building,nature management
6549,heat,temperature-centric
6550,heat absorption,temperature-centric
6551,heat and electricity,renewable energy
6552,heat capacity,temperature-centric
6553,heat collection,temperature-centric
6554,heat hardy crops,food-system
6555,heat island effect,temperature-centric
6556,heat island effects,temperature-centric
6557,heat island mitigation,temperature-centric
6558,heat island reduction,temperature-centric
6559,heat islands,temperature-centric
6560,heat mitigation,temperature-centric
6561,heat protection,temperature-centric
6562,heat pump compressor,temperature-centric
6563,heat resistance,temperature-centric
6564,heat retention,temperature-centric
6565,heat transfer,temperature-centric
6566,heat utilization,temperature-centric
6567,heat wave mitigation,temperature-centric
6568,heat-adaptive urban designs,urban planning
6569,heat-reflecting technologies,temperature-centric
6570,heat-reflective materials,temperature-centric
6571,heat-resilient planning,temperature-centric
6572,heat-resistant buildings,temperature-centric
6573,heat-resistant design,temperature-centric
6574,heat-resistant green spaces,urban planning
6575,heat-resistant housing,temperature-centric
6576,heat-resistant materials,temperature-centric
6577,heat-resistant planning,temperature-centric
6578,heat-resistant urban design,urban planning
6579,heat-resistant urban designs,urban planning
6580,heat-resistant urban green spaces,urban planning
6581,heat-resistant urban planning,urban planning
6582,heating,energy efficiency
6583,heating electrification,electrification
6584,heating in winter,energy efficiency
6585,heating systems,energy efficiency
6586,heatwave mitigation,temperature-centric
6587,heatwave protection,temperature-centric
6588,heatwave resilience,extreme events
6589,heavy industries,recycling
6590,heavy industry,recycling
6591,hecc,decarbonisation
6592,hedge risks,risk-based approach
6593,heidelbergcement,technology
6594,hemc,decarbonisation
6595,hemisphere risk sharing,cost-benefit driven
6596,heterogeneous catalysts,bio-fuel
6597,high albedo finish,material science
6598,high altitude aqueduct,infrastructure
6599,high and low water levels,coast-protection and flood
6600,high density development,urban planning
6601,high durability,sustainability
6602,high economic returns,cost-benefit driven
6603,high efficiency systems,energy efficiency
6604,high energy demand,renewable energy
6605,high flood risk,coast-protection and flood
6606,high investments,funding-adaptation
6607,high performance homes,infrastructure
6608,high productivity plants,nature management
6609,high quality biodiverse landscapes,biodiversity
6610,high return,cost-benefit driven
6611,high return on investment,cost-benefit driven
6612,high returns on investment,cost-benefit driven
6613,high scalability,none
6614,high sea walls,coast-protection and flood
6615,high thermal mass,material science
6616,high voltage grid,renewable energy
6617,high-albedo concrete,material science
6618,high-albedo materials,material science
6619,high-carbon tax,taxation
6620,high-density fiber,material science
6621,high-efficiency concrete,material science
6622,high-efficiency generators,renewable energy
6623,high-efficiency heat pumps,material science
6624,high-efficiency low-emissions coal plants,reduce fossil-fuel
6625,high-efficiency solar panels,renewable energy
6626,high-elevation inland,vulnerable population centric
6627,high-emission sectors,industry-centric
6628,high-impact actions,managerial practices
6629,high-impact sectors,industry-centric
6630,high-leverage approach,none
6631,high-leverage research,knowledge-driven
6632,high-performance buildings,infrastructure
6633,high-performance carbon capture,decarbonisation
6634,high-performance climate-resilient concrete,material science
6635,high-performance concrete,material science
6636,high-performance durable concrete,material science
6637,high-performance insulation,material science
6638,high-rise green roofs,urban planning
6639,high-rise vertical structure,urban planning
6640,high-risk areas,vulnerable population centric
6641,high-speed rail,clean transportation
6642,high-speed train travel,clean transportation
6643,high-strength cement blends,material science
6644,high-strength concrete,material science
6645,high-strength low-carbon concrete,material science
6646,high-tech carbon capture,decarbonisation
6647,high-tech urban design,urban planning
6648,high-technology greenhouse,material science
6649,high-temperature gas reactors,material science
6650,high-temperature insulation,material science
6651,high-temperature superconducting,material science
6652,high-voltage transmission,electrification
6653,high-volume deployment,none
6654,high-volume fly ash,material science
6655,high-volume scms,decarbonisation
6656,high-yield agriculture,food-system
6657,higher co2 concentration,decarbonisation
6658,higher elevations,vulnerable population centric
6659,higher-elevation regions,vulnerable population centric
6660,higher-elevation relocation,vulnerable population centric
6661,higher-level solutions,none
6662,highest storm tide,extreme events
6663,highly durable high performance concrete,material science
6664,historic homes,urban planning
6665,historical climate,none
6666,historical development,none
6667,historical framing,none
6668,historical temperature changes,temperature-centric
6669,historical timeline,none
6670,hold flood waters,water management
6671,holding warming below 2°c,temperature-centric
6672,holistic ecological management,managerial practices
6673,holistic framework,managerial practices
6674,holistic governance,governance
6675,holistic integrated strategy,managerial practices
6676,holistic management,managerial practices
6677,holistic multi-sectoral approach,managerial practices
6678,holistic planning,managerial practices
6679,holistic resilience,risk-based approach
6680,holistic strategy,managerial practices
6681,holistic transformation,managerial practices
6682,holistic urban planning,urban planning
6683,home and transportation renewable,renewable energy
6684,home ecosystem,biodiversity
6685,home energy efficiency,energy efficiency
6686,home energy insulation,technology
6687,home renewable power,renewable energy
6688,home solar,renewable energy
6689,home sustainability,sustainability
6690,home temperature management,temperature-centric
6691,homes from plastic,recycling
6692,hope and humor,none
6693,hope and planning,managerial practices
6694,hotin solution,technology
6695,house length reduction,degrowth
6696,household 100% renewable,renewable energy
6697,household adaptation,individual action
6698,household dividends,taxation
6699,household energy efficiency,energy efficiency
6700,household renewable energy,renewable energy
6701,household renewables,renewable energy
6702,household solar panels,renewable energy
6703,houses on stilts,urban planning
6704,housing community,urban planning
6705,housing density,urban planning
6706,housing downsizing,degrowth
6707,housing rights,urban planning
6708,housing shortage,urban planning
6709,housing standards,urban planning
6710,housing stock monitoring,technology
6711,housing studies,urban planning
6712,huge concrete constructions,urban planning
6713,human adaptability,human-nature equilibrium
6714,human adaptation,human-nature equilibrium
6715,human capital,human-nature equilibrium
6716,human causes,human-nature equilibrium
6717,human communities,human-nature equilibrium
6718,human consciousness,human-nature equilibrium
6719,human drivers,human-nature equilibrium
6720,human ecological systems,human-nature equilibrium
6721,human ecosystem,human-nature equilibrium
6722,human ecosystem resilience,nature management
6723,human habitat,human-nature equilibrium
6724,human health,human-nature equilibrium
6725,human health benefits,human-nature equilibrium
6726,human implications,human-nature equilibrium
6727,human infrastructure,human-nature equilibrium
6728,human ingenuity,human-nature equilibrium
6729,human loss minimization,risk-based approach
6730,human nature research,knowledge-driven
6731,human relation to world,human-nature equilibrium
6732,human rights framework,vulnerable population centric
6733,human safety,human-nature equilibrium
6734,human survival,human-nature equilibrium
6735,human well-being,human-nature equilibrium
6736,human-caused warming,temperature-centric
6737,human-centered adaptation,human-nature equilibrium
6738,human-centered civilization,human-nature equilibrium
6739,human-made stone age,human-nature equilibrium
6740,human-nature imbalance,human-nature equilibrium
6741,human-nature relationship,human-nature equilibrium
6742,human-powered walking,clean transportation
6743,humane standard,human-nature equilibrium
6744,humanitarian work,vulnerable population centric
6745,humans centered,human-nature equilibrium
6746,human–biosphere connection,none
6747,humus,nature management
6748,hunger,food-system
6749,hurricane irma,extreme events
6750,hurricane-resistant foundation,extreme events
6751,hvac,technology
6752,hvdc transmission,electrification
6753,hybrid beehive system,human-nature equilibrium
6754,hybrid binder systems,material science
6755,hybrid concrete technologies,material science
6756,hybrid electro-mechanical concrete,technology
6757,hybrid energy systems,renewable energy
6758,hybrid engines,renewable energy
6759,hybrid fiber reinforced concrete,material science
6760,hybrid portland-limestone,material science
6761,hybrid structure,none
6762,hybrid systems,none
6763,hycrete prs,technology
6764,hydration inhibitors,water management
6765,hydraulic fracturing impacts,risk-based approach
6766,hydro,technology
6767,hydro geothermal,technology
6768,hydro power,renewable energy
6769,hydroelectric,renewable energy
6770,hydroelectric power,renewable energy
6771,hydroelectricity,renewable energy
6772,hydrogen conversion,bio-fuel
6773,hydrogen cycles,bio-fuel
6774,hydrogen distribution,bio-fuel
6775,hydrogen economy,bio-fuel
6776,hydrogen energy,bio-fuel
6777,hydrogen extraction,bio-fuel
6778,hydrogen for heating,bio-fuel
6779,hydrogen fuel,bio-fuel
6780,hydrogen fuel cells,bio-fuel
6781,hydrogen generation,bio-fuel
6782,hydrogen power,bio-fuel
6783,hydrogen r&d,bio-fuel
6784,hydrogen steel,bio-fuel
6785,hydrogen technologies,bio-fuel
6786,hydrogen-based cement,material science
6787,hydrogen-based production,bio-fuel
6788,hydrogen-fueled vehicles,bio-fuel
6789,hydrological model,water management
6790,hydrology management,water management
6791,hydrophobic concrete,material science
6792,hydroponic farming,food-system
6793,hydroponic technologies,food-system
6794,hydroponics,food-system
6795,hydrosphere balance,none
6796,hydrothermal carbonization,decarbonisation
6797,hyper-efficient energy hubs,renewable energy
6798,ice cover,temperature-centric
6799,ice-free wap,temperature-centric
6800,icf,technology
6801,ict for climate,technology
6802,ideal climate,none
6803,identify anticipate risks,risk-based approach
6804,identify flood risk,coast-protection and flood
6805,identify vulnerabilities,risk-based approach
6806,identify vulnerable,vulnerable population centric
6807,identifying vulnerabilities,risk-based approach
6808,iea,global collaboration
6809,iea data,global collaboration
6810,iea roadmap,global collaboration
6811,iea studies,global collaboration
6812,ignore others strategy,none
6813,imlp,decarbonisation
6814,immediate actions,transition and transformation
6815,immediate drastic reductions,degrowth
6816,immediate financial support,funding-adaptation
6817,immediate global transition,transition and transformation
6818,immediate reduction in greenhouse gas emissions,greenhouse
6819,immediate reduction of greenhouse gas emissions,greenhouse
6820,immediate shift to renewable energy,renewable energy
6821,immediate transition,transition and transformation
6822,immediately reduce greenhouse gas emissions,greenhouse
6823,impact monitoring,managerial practices
6824,impact on infrastructure,infrastructure
6825,impact protection,vulnerable population centric
6826,impact sectors,industry-centric
6827,impermeable blocks,material science
6828,impermeable coatings,material science
6829,impermeable pavement,material science
6830,impervious area reduction,nature management
6831,impervious cover,material science
6832,implement action,none
6833,implement adaptation,none
6834,implement climate plan,managerial practices
6835,implement climate-resilient strategies,none
6836,implement strategies for resilience,risk-based approach
6837,implementable measures,managerial practices
6838,implementation,managerial practices
6839,implementation framework,risk-based approach
6840,implementation plan,managerial practices
6841,implementation strategies,managerial practices
6842,implementation timeline,risk-based approach
6843,implementing,managerial practices
6844,implementing adaptation plans,managerial practices
6845,implementing effective technologies,technology
6846,implementing measures,managerial practices
6847,improve ecosystems,biodiversity
6848,improve energy storage,electrification
6849,improve livelihoods,decentralisation
6850,improve soil fertility,nature management
6851,improve soil health,nature management
6852,improve water management,water management
6853,improve water quality,water management
6854,improve water retention,water management
6855,improve wind and solar,renewable energy
6856,improved battery storage,electrification
6857,improved biodiversity,biodiversity
6858,improved durability,sustainability
6859,improved insulation,material science
6860,improved livelihoods,decentralisation
6861,improved public health,none
6862,improved water management,water management
6863,improved water quality,water management
6864,improved waterproofing,infrastructure
6865,improves air quality,decarbonisation
6866,improving building codes,urban planning
6867,improving building materials,material science
6868,improving energy efficiency,energy efficiency
6869,improving grid storage,smart-grid
6870,improving infrastructure,infrastructure
6871,improving resilience,risk-based approach
6872,improving water management,water management
6873,improving water quality,water management
6874,improving water security,water management
6875,in situ soil treatment,nature management
6876,in-orbit power,electrification
6877,in-situ mixing,material science
6878,inadequate treatment,none
6879,incentive based policy,taxation
6880,incentive for transition,taxation
6881,incentives and disincentives,taxation
6882,incentives and restrictions,taxation
6883,incentives for innovators,taxation
6884,incentivize adoption,taxation
6885,incentivize behavior,taxation
6886,incentivize decarbonization,taxation
6887,incentivize emission reductions,taxation
6888,incentivize emissions reduction,emission reduction
6889,incentivize green roofs,urban planning
6890,incentivize innovation,taxation
6891,incentivize reductions,taxation
6892,incentivize smart behavior,taxation
6893,incentivize sustainability,taxation
6894,incentivizing reductions,taxation
6895,incentivizing transition,taxation
6896,inclusive approaches,managerial practices
6897,inclusive community planning,community-centric
6898,inclusive community-based,community-centric
6899,inclusive cooperation,governance
6900,inclusive decision-making,community-centric
6901,inclusive economy,vulnerable population centric
6902,inclusive energy access,renewable energy
6903,inclusive engagement,vulnerable population centric
6904,inclusive global network,global collaboration
6905,inclusive governance,governance
6906,inclusive growth,degrowth
6907,inclusive infrastructure,infrastructure
6908,inclusive management,knowledge-driven
6909,inclusive planning,managerial practices
6910,inclusive platforms,none
6911,inclusive policy frameworks,governance
6912,inclusive resilience measures,risk-based approach
6913,inclusive risk assessment,risk-based approach
6914,inclusive social protection,vulnerable population centric
6915,inclusive societies,vulnerable population centric
6916,inclusive stakeholder engagement,knowledge-driven
6917,inclusive strategies,managerial practices
6918,inclusive urban systems,urban planning
6919,income diversification,decentralisation
6920,income equality,vulnerable population centric
6921,income impacts,risk-based approach
6922,income redistribution,taxation
6923,increase bicycle use,clean transportation
6924,increase co2,decarbonisation
6925,increase forest cover,forest-centric
6926,increase grass cover,nature management
6927,increase green spaces,urban planning
6928,increase infiltration,water management
6929,increase low carbon yield,decarbonisation
6930,increase nature health,human-nature equilibrium
6931,increase population,degrowth
6932,increase portland cement,material science
6933,increase renewable capacity,renewable energy
6934,increase renewable energy in mix,renewable energy
6935,increase renewable energy share,renewable energy
6936,increase renewable generation,renewable energy
6937,increase renewable supply,renewable energy
6938,increase renewables fraction,renewable energy
6939,increase resilience to drought,water management
6940,increase solar energy adoption,renewable energy
6941,increase storage,none
6942,increased aridity,water management
6943,increased durability,sustainability
6944,increased flooding resilience,coast-protection and flood
6945,increased insulation,technology
6946,increased precipitation,extreme events
6947,increased storm intensity,extreme events
6948,increased storms,extreme events
6949,increased water storage,water management
6950,increasing access to energy,renewable energy
6951,increasing carbon price,taxation
6952,increasing carbon sinks,decarbonisation
6953,increasing cost,cost-benefit driven
6954,increasing electrification,electrification
6955,increasing fee,taxation
6956,increasing frequency,cost-benefit driven
6957,increasing levels,cost-benefit driven
6958,increasing stringency,taxation
6959,increasing value,industry-centric
6960,incremental action,transition and transformation
6961,incremental adaptation,managerial practices
6962,incremental approach,transition and transformation
6963,incremental changes,transition and transformation
6964,incremental infrastructure change,transition and transformation
6965,incremental innovation,transition and transformation
6966,incremental measures,transition and transformation
6967,incremental responses,transition and transformation
6968,incremental solutions,transition and transformation
6969,independent decentralized infrastructure,infrastructure
6970,independent solutions,individual action
6971,indigenous knowledge,knowledge-driven
6972,indigenous leadership,vulnerable population centric
6973,indigenous peoples,vulnerable population centric
6974,indigenous-led strikes,socio-political approaches
6975,indirect air capture,decarbonisation
6976,individual agency,managerial practices
6977,individual carbon footprint,individual action
6978,individual choices,individual action
6979,individual empowerment,individual action
6980,individual mitigation,risk-based approach
6981,individual sustainability,sustainability
6982,individuals,individual action
6983,indoor air quality,decarbonisation
6984,indoor farming,food-system
6985,industrial adoption,recycling
6986,industrial byproducts,recycling
6987,industrial carbon capture,decarbonisation
6988,industrial ccs,decarbonisation
6989,industrial ccu,decarbonisation
6990,industrial co2,decarbonisation
6991,industrial co2 capture,decarbonisation
6992,industrial co2 emissions,decarbonisation
6993,industrial decarbonization,decarbonisation
6994,industrial design,recycling
6995,industrial ecology,recycling
6996,industrial ecosystem,recycling
6997,industrial electrification,electrification
6998,industrial emissions reduction,industry-centric
6999,industrial equipment,recycling
7000,industrial farming,recycling
7001,industrial feedstock,recycling
7002,industrial food harms,recycling
7003,industrial improvements,recycling
7004,industrial materials,recycling
7005,industrial measures,recycling
7006,industrial plants,recycling
7007,industrial practices,recycling
7008,industrial process sequestration,decarbonisation
7009,industrial processes,recycling
7010,industrial replacement,recycling
7011,industrial resource efficiency,technology
7012,industrial revolution,recycling
7013,industrial revolution 2.0,recycling
7014,industrial revolution 3,recycling
7015,industrial scale,recycling
7016,industrial sectors,industry-centric
7017,industrial sources,recycling
7018,industrial utilization,recycling
7019,industrial waste,recycling
7020,industrial waste ash,recycling
7021,industrial waste materials,recycling
7022,industrial-scale carbon capture,decarbonisation
7023,industrial-scale facilities,recycling
7024,industrialised world,recycling
7025,industrialize sequestration,decarbonisation
7026,industrialize steel,recycling
7027,industry,industry-centric
7028,industry 4.0,recycling
7029,industry co2,infrastructure
7030,industry critique,socio-political approaches
7031,industry decarbonization,decarbonisation
7032,industry electrification,electrification
7033,industry emissions,industry-centric
7034,industry heat reuse,technology
7035,industry marketing,industry-centric
7036,industry pilots,infrastructure
7037,industry players,industry-centric
7038,industry publication,industry-centric
7039,industry replacement,socio-political approaches
7040,industry reporting,industry-centric
7041,industry transition,industry-centric
7042,industry transitions,industry-centric
7043,ineffective carbon pricing,taxation
7044,inexpensive investments,funding-adaptation
7045,infilling vs retreat,none
7046,infiltration capacity,water management
7047,infinite economic growth,degrowth
7048,infinite-use technology,technology
7049,infographic,knowledge-driven
7050,inform and prepare,risk-based approach
7051,informal settlement,decentralisation
7052,information,knowledge-driven
7053,information access,knowledge-driven
7054,information governance,knowledge-driven
7055,information needs,knowledge-driven
7056,information processing,knowledge-driven
7057,information scarcity,technology
7058,information-based economy,knowledge-driven
7059,informed global goals,global collaboration
7060,infrared solar panels,renewable energy
7061,infrastructure balance,infrastructure
7062,infrastructure biodiversity social cohesion,infrastructure
7063,infrastructure condition,infrastructure
7064,infrastructure conversion,infrastructure
7065,infrastructure costs,infrastructure
7066,infrastructure damage,infrastructure
7067,infrastructure deployment,infrastructure
7068,infrastructure design,infrastructure
7069,infrastructure designs,infrastructure
7070,infrastructure durability,infrastructure
7071,infrastructure emissions,infrastructure
7072,infrastructure expansion,infrastructure
7073,infrastructure failure,infrastructure
7074,infrastructure financing,infrastructure
7075,infrastructure gap,infrastructure
7076,infrastructure hardening,infrastructure
7077,infrastructure investments,infrastructure
7078,infrastructure measures,infrastructure
7079,infrastructure perspective,infrastructure
7080,infrastructure policies,infrastructure
7081,infrastructure protection,infrastructure
7082,infrastructure replacement,infrastructure
7083,infrastructure repurposing,infrastructure
7084,infrastructure research,infrastructure
7085,infrastructure resilience,urban planning
7086,infrastructure resilience measures,urban planning
7087,infrastructure resilience plans,urban planning
7088,infrastructure resilient to projected changes,urban planning
7089,infrastructure resilient to sea-level rise,water management
7090,infrastructure responsibility,infrastructure
7091,infrastructure retrofit,infrastructure
7092,infrastructure retrofits,infrastructure
7093,infrastructure retrofitting,infrastructure
7094,infrastructure reuse,infrastructure
7095,infrastructure rights,infrastructure
7096,infrastructure shapes society,infrastructure
7097,infrastructure solutions,infrastructure
7098,infrastructure spending,infrastructure
7099,infrastructure standards,infrastructure
7100,infrastructure technologies,infrastructure
7101,infrastructure upgrades,infrastructure
7102,infrastructure upgrading,infrastructure
7103,infrastructure-based solutions,infrastructure
7104,infrastructures,infrastructure
7105,inherent low carbon,energy efficiency
7106,initial carbonation,material science
7107,inject co2,decarbonisation
7108,inject co2 underground,decarbonisation
7109,inject concrete atmosphere,material science
7110,inject into concrete,material science
7111,inland area,nature management
7112,inland areas,nature management
7113,inner transformation,transition and transformation
7114,innovate beyond renewables,renewable energy
7115,innovate invest cut carbon,energy efficiency
7116,innovate to zero,technology
7117,innovation and entrepreneurship,technology
7118,innovation curve,technology
7119,innovation drivers,technology
7120,innovation in renewables,renewable energy
7121,innovation practices,technology
7122,innovation process,technology
7123,innovation with inclusivity,technology
7124,innovation-friendly pricing,taxation
7125,innovations in production,technology
7126,innovative admixtures,technology
7127,innovative binders,technology
7128,innovative cements,technology
7129,innovative energy network,renewable energy
7130,innovative finance,funding-adaptation
7131,innovative financing,funding-adaptation
7132,innovative materials,technology
7133,innovative mixture designs,design
7134,innovative practices,technology
7135,innovative resilient design,design
7136,innovative solutions,technology
7137,innovative technologies,technology
7138,innovative urban planning,urban planning
7139,innovative waterfronts,water management
7140,inorganic cement,material science
7141,insect proteins,food-system
7142,inside-out process,none
7143,inspiring storytelling,knowledge-driven
7144,installation costs,cost-benefit driven
7145,institutional action,State-led
7146,institutional activism,State-led
7147,institutional capacities,State-led
7148,institutional capacity,State-led
7149,institutional commitments,State-led
7150,institutional frameworks,State-led
7151,institutional imitation,State-led
7152,institutional measures,State-led
7153,institutional strengthening,State-led
7154,institutions,none
7155,insufficient money,funding-adaptation
7156,insulate house,material science
7157,insulate move levee,water management
7158,insulate your home,material science
7159,insulated concrete form,material science
7160,insulated concrete forms,material science
7161,insulated structures,material science
7162,insulated walls,material science
7163,insulating concrete,material science
7164,insulating concrete form,material science
7165,insulating concrete walls,material science
7166,insulating homes,material science
7167,insulating sealant,material science
7168,insulating soil,material science
7169,insulation in buildings,material science
7170,insulation material,material science
7171,insulation properties,technology
7172,insulation techniques,technology
7173,insurance,cost-benefit driven
7174,insurance cost,cost-benefit driven
7175,insurance leverage,cost-benefit driven
7176,insurance measures,cost-benefit driven
7177,insurance mechanisms,cost-benefit driven
7178,insurance programs,cost-benefit driven
7179,insurance sector,industry-centric
7180,insurance-backed rebuilding,cost-benefit driven
7181,insure against climate extremes,extreme events
7182,integral ccus,decarbonisation
7183,integral pressurized water reactor,bio-fuel
7184,integral recycling,recycling
7185,integral waterproofing,infrastructure
7186,integrate adaptation planning,managerial practices
7187,integrate ccs,decarbonisation
7188,integrate climate policy,governance
7189,integrate climate resilience,none
7190,integrate emissions and economics,emission reduction
7191,integrate food systems,food-system
7192,integrate intermittent renewables,renewable energy
7193,integrate mitigation adaptation,risk-based approach
7194,integrate nature and culture,human-nature equilibrium
7195,integrate social considerations,none
7196,integrated,managerial practices
7197,integrated active approach,managerial practices
7198,integrated adaptation action,managerial practices
7199,integrated adaptation plans,managerial practices
7200,integrated adaptation strategies,managerial practices
7201,integrated agriculture,food-system
7202,integrated approaches,managerial practices
7203,integrated aquaculture,food-system
7204,integrated assessment,managerial practices
7205,integrated building design,urban planning
7206,integrated carbon capture,decarbonisation
7207,integrated carbon cycle,decarbonisation
7208,integrated climate planning,managerial practices
7209,integrated climate services,none
7210,integrated community-led strategies,community-centric
7211,integrated conservation,none
7212,integrated cross-sectoral approaches,knowledge-driven
7213,integrated drainage systems,water management
7214,integrated early warning systems,climate models
7215,integrated early-warning systems,climate models
7216,integrated flood and water resources management,coast-protection and flood
7217,integrated framework,risk-based approach
7218,integrated global data systems,climate models
7219,integrated global energy transition,renewable energy
7220,integrated green infrastructure,infrastructure
7221,integrated grid,smart-grid
7222,integrated knowledge network,knowledge-driven
7223,integrated land use,food-system
7224,integrated local plans,decentralisation
7225,integrated localized planning,decentralisation
7226,integrated localized strategies,decentralisation
7227,integrated mitigation adaptation,risk-based approach
7228,integrated multi-faceted approach,decentralisation
7229,integrated multi-level policy frameworks,governance
7230,integrated multi-level strategies,decentralisation
7231,integrated national adaptation plans,State-led
7232,integrated national and local plans,State-led
7233,integrated national and local strategies,State-led
7234,integrated national strategies,State-led
7235,integrated nature-based solutions,none
7236,integrated plans,managerial practices
7237,integrated policies,governance
7238,integrated policy frameworks,governance
7239,integrated policy package,governance
7240,integrated products,managerial practices
7241,integrated projects,managerial practices
7242,integrated renewable energy,renewable energy
7243,integrated renewable mix,renewable energy
7244,integrated renewable systems,renewable energy
7245,integrated resource plan,managerial practices
7246,integrated risk management,risk-based approach
7247,integrated solar,renewable energy
7248,integrated solar panels,renewable energy
7249,integrated solutions,managerial practices
7250,integrated strategies,managerial practices
7251,integrated strategy,managerial practices
7252,integrated systems approach,managerial practices
7253,integrated transitions,transition and transformation
7254,integrated urban flood management,water management
7255,integrated urban planning,urban planning
7256,integrated water and energy policy,water management
7257,integrated wind and solar,renewable energy
7258,integrates with planning,none
7259,integrating adaptation,none
7260,integrating adaptation into plans,none
7261,integrating climate information,climate models
7262,integrating climate resilience,none
7263,integrating green spaces,urban planning
7264,integrating into plans,none
7265,integrating livestock,food-system
7266,integrating nature-based solutions,human-nature equilibrium
7267,integrating projections,none
7268,integrating resilience,risk-based approach
7269,integrating uncertainty,risk-based approach
7270,integration into planning,managerial practices
7271,integration not segregation,none
7272,integration with development,none
7273,integration with ecosystems,biodiversity
7274,integrative design strategies,managerial practices
7275,intellectual niche,knowledge-driven
7276,intelligence,knowledge-driven
7277,intelligent additives,material science
7278,intelligent concrete,material science
7279,intelligent design,design
7280,intelligent homes,technology
7281,intelligent materials,material science
7282,intense precipitation,extreme events
7283,intense rainfall,extreme events
7284,intensification,none
7285,intensifying climate impacts,none
7286,intensifying storms,extreme events
7287,intensity,none
7288,interconnected cylinders,technology
7289,interconnected mini-grids,smart-grid
7290,interconnectivity,knowledge-driven
7291,interdependency awareness,knowledge-driven
7292,interdependent systems,knowledge-driven
7293,interdisciplinary cooperation,none
7294,interdisciplinary pathways,none
7295,interfaith relations,global collaboration
7296,intergenerational climate injustice,risk-based approach
7297,intergenerational impacts,risk-based approach
7298,interim strategies,transition and transformation
7299,intermediate milestones,transition and transformation
7300,intermittency,none
7301,intermittent generation,electrification
7302,internal carbon price,taxation
7303,internal carbon tax,taxation
7304,internal insulation,technology
7305,internalize carbon costs,cost-benefit driven
7306,internalize external costs,cost-benefit driven
7307,internalizes cost,cost-benefit driven
7308,internalizes costs,cost-benefit driven
7309,internalizes full cost,cost-benefit driven
7310,international adaptation,global collaboration
7311,international adaptation funding,global collaboration
7312,international agreements,global collaboration
7313,international carbon markets,taxation
7314,international carbon pricing,taxation
7315,international carbon taxes,taxation
7316,international climate governance,global collaboration
7317,international climate policy,governance
7318,international collaborations,global collaboration
7319,international community,global collaboration
7320,international coordination,global collaboration
7321,international council on clean transportation,global collaboration
7322,international efforts,global collaboration
7323,international emission policies,emission reduction
7324,international emissions policies,emission reduction
7325,international emissions regulations,emission reduction
7326,international enforcement,global collaboration
7327,international equity,vulnerable population centric
7328,international finance,funding-adaptation
7329,international financing,funding-adaptation
7330,international flights reduction,clean transportation
7331,international frameworks,global collaboration
7332,international fund,funding-adaptation
7333,international funding,funding-adaptation
7334,international funding mechanisms,funding-adaptation
7335,international investment,funding-adaptation
7336,international knowledge-sharing,knowledge-driven
7337,international mechanisms,global collaboration
7338,international net zero agreement,net zero
7339,international oversight,global collaboration
7340,international partnerships,global collaboration
7341,international policies,global collaboration
7342,international policy agreements,global collaboration
7343,international policy alignment,global collaboration
7344,international policy cooperation,global collaboration
7345,international policy coordination,global collaboration
7346,international policy frameworks,global collaboration
7347,international renewable energy agency,renewable energy
7348,international schemes,global collaboration
7349,international treaties,global collaboration
7350,internet role,technology
7351,internet-enabled grid,smart-grid
7352,interrelated systems,knowledge-driven
7353,intersecting risks,risk-based approach
7354,intersectoral planning,industry-centric
7355,intersectoral strategies,industry-centric
7356,inundation prediction,water management
7357,inventory green spaces,urban planning
7358,invest $1 trillion,funding-adaptation
7359,invest fossil fuel,reduce fossil-fuel
7360,invest green economy,alternative economic system
7361,invest green technologies,technology
7362,invest in clean energy technologies,renewable energy
7363,invest in climate-affected countries,funding-adaptation
7364,invest in climate-resilient infrastructure,funding-adaptation
7365,invest in communities,vulnerable population centric
7366,invest in innovation,technology
7367,invest in land solutions,funding-adaptation
7368,invest in low-carbon technologies,energy efficiency
7369,invest in reduction strategies,funding-adaptation
7370,invest in renewable energy,renewable energy
7371,invest in renewable energy sources,renewable energy
7372,invest in renewable infrastructure,renewable energy
7373,invest in restoring,biodiversity
7374,invest in scalable renewable technologies,renewable energy
7375,invest in solar,renewable energy
7376,invest in sustainable technologies,renewable energy
7377,invest low-carbon,energy efficiency
7378,invest renewable infrastructure,renewable energy
7379,invest transition companies,industry-centric
7380,investigate analyze implement,knowledge-driven
7381,investing,funding-adaptation
7382,investing in clean energy,renewable energy
7383,investing in climate resilience,funding-adaptation
7384,investing in infrastructure,infrastructure
7385,investing in renewable energy,renewable energy
7386,investing in solar panels,renewable energy
7387,investing nature-based solutions,none
7388,investment,funding-adaptation
7389,investment advantage,industry-centric
7390,investment banks,industry-centric
7391,investment campaign,industry-centric
7392,investment ccs,funding-adaptation
7393,investment in clean energy,renewable energy
7394,investment in clean technology,renewable energy
7395,investment in concrete,technology
7396,investment in ews,funding-adaptation
7397,investment in renewable energy,funding-adaptation
7398,investment in renewable infrastructure,renewable energy
7399,investment in solar,renewable energy
7400,investment in solar and wind,renewable energy
7401,investment in technology,technology
7402,investment incentives,taxation
7403,investment needs,funding-adaptation
7404,investment planning,funding-adaptation
7405,investment requirement,funding-adaptation
7406,investment strategy,funding-adaptation
7407,investments,funding-adaptation
7408,investments in clean technologies,renewable energy
7409,iot,decarbonisation
7410,iot sensors,technology
7411,ipcc 1.5°c pathway,global collaboration
7412,ipcc 1.5°c report,global collaboration
7413,ipcc 5th assessment,global collaboration
7414,ipcc adaptation pathway,global collaboration
7415,ipcc data,global collaboration
7416,ipcc fifth assessment report,global collaboration
7417,ipcc foundation,global collaboration
7418,ipcc limitations,global collaboration
7419,ipcc mitigation steps,global collaboration
7420,ipcc references,global collaboration
7421,ipcc reports,global collaboration
7422,ipcc review,global collaboration
7423,ipcc roadmap,global collaboration
7424,ipcc sixth assessment,global collaboration
7425,ipcc summary for policymakers,global collaboration
7426,ipcc target,global collaboration
7427,ipcc task force,global collaboration
7428,ipcc tipping points,global collaboration
7429,ipcc warnings,global collaboration
7430,ipcc wg2,global collaboration
7431,irena,renewable energy
7432,iron and steel,material science
7433,irregular rainfall,water management
7434,irreversibility,risk-based approach
7435,irreversible consequences,risk-based approach
7436,irreversible damage,risk-based approach
7437,irreversible impacts,risk-based approach
7438,irrigated crops,water management
7439,irrigation,water management
7440,irrigation efficiency,water management
7441,irrigation reserve,water management
7442,irrigation systems,water management
7443,island arcologies,nature management
7444,island housing design,nature management
7445,island location,nature management
7446,island protection,nature management
7447,islands restoration,nature management
7448,isolation survival,human-nature equilibrium
7449,issue-by-issue,none
7450,iterative actions,transition and transformation
7451,iterative adaptation,transition and transformation
7452,iterative adjustment,transition and transformation
7453,iterative adjustments,transition and transformation
7454,iterative framework,transition and transformation
7455,iterative implementation,transition and transformation
7456,iterative monitoring,transition and transformation
7457,iterative planning,transition and transformation
7458,iterative responses,transition and transformation
7459,iterative risk management,risk-based approach
7460,iterative strategies,transition and transformation
7461,iteratively revising,transition and transformation
7462,iucn initiative,biodiversity
7463,iwm,decarbonisation
7464,job creation in renewables,renewable energy
7465,job-site recycling,recycling
7466,jobs creation,vulnerable population centric
7467,join climate action community,socio-political approaches
7468,just and equitable transformation,vulnerable population centric
7469,just and equitable transition,vulnerable population centric
7470,just carbon pricing,taxation
7471,just cities,urban planning
7472,just climate action,vulnerable population centric
7473,just climate transition,vulnerable population centric
7474,just distribution,taxation
7475,just equitable strategy,vulnerable population centric
7476,just shift,vulnerable population centric
7477,just transformation,vulnerable population centric
7478,just transition for workers,vulnerable population centric
7479,just transition framework,vulnerable population centric
7480,just transition policies,vulnerable population centric
7481,just transition strategies,vulnerable population centric
7482,just transitions,vulnerable population centric
7483,justice and equity,vulnerable population centric
7484,keep co2,decarbonisation
7485,keep co2 at 2020 level,decarbonisation
7486,keep fossil fuel in ground,reduce fossil-fuel
7487,keep fossil fuels in ground,reduce fossil-fuel
7488,keep global warming 1.5°c,temperature-centric
7489,keep store share,none
7490,kelp farming,food-system
7491,kelp forests,forest-centric
7492,key elements,technology
7493,key metrics,managerial practices
7494,key stakeholder groups,knowledge-driven
7495,key strategies,managerial practices
7496,key technologies,technology
7497,kick the carbon addiction,individual action
7498,knowledge and resources,knowledge-driven
7499,knowledge gaps,knowledge-driven
7500,knowledge into action,knowledge-driven
7501,knowledge partnerships,knowledge-driven
7502,knowledge production,knowledge-driven
7503,knowledge transfer,knowledge-driven
7504,knowledge translation,knowledge-driven
7505,knowledge-intensive agriculture,food-system
7506,knowledge-intensive processes,technology
7507,knowledge-sharing,knowledge-driven
7508,known solutions,none
7509,known technologies,technology
7510,kyoto protocol,global collaboration
7511,kyoto targets,global collaboration
7512,labor equity,vulnerable population centric
7513,labor unions,socio-political approaches
7514,labour movement,socio-political approaches
7515,lack coordination,none
7516,lafargeholcim,material science
7517,land and forestry,food-system
7518,land and sea management,food-system
7519,land and water,food-system
7520,land carbon sequestration,decarbonisation
7521,land efficiency,food-system
7522,land for plants,food-system
7523,land for sustainable agriculture,food-system
7524,land management decarbonization,decarbonisation
7525,land permits,food-system
7526,land purchase,food-system
7527,land regeneration,food-system
7528,land report,food-system
7529,land rest,food-system
7530,land rights,food-system
7531,land trusts,food-system
7532,land use changes,food-system
7533,land use transformation,food-system
7534,land-based settlement,decentralisation
7535,land-efficient meat,food-system
7536,land-use change,food-system
7537,land-use changes,food-system
7538,land-use emissions,food-system
7539,land-use policies,food-system
7540,land-use practices,food-system
7541,land-use sectors,food-system
7542,landfill reclamation,food-system
7543,landfill use,food-system
7544,landscape design,nature management
7545,landscape repair,nature management
7546,landscape resilience,risk-based approach
7547,landscape retrofitting,infrastructure
7548,landscape scale,nature management
7549,landscape transformation,urban planning
7550,landscape urbanism,urban planning
7551,landscape-level planning,vulnerable population centric
7552,landslide risk,food-system
7553,large scale batteries,electrification
7554,large scale planting,nature management
7555,large scale transition,transition and transformation
7556,large trees,forest-centric
7557,large-scale adoption of renewables,renewable energy
7558,large-scale afforestation,forest-centric
7559,large-scale artificial carbon sink,decarbonisation
7560,large-scale carbon capture,decarbonisation
7561,large-scale carbon capture and storage,decarbonisation
7562,large-scale carbon removal,decarbonisation
7563,large-scale carbon sequestration,decarbonisation
7564,large-scale carbon sinks,decarbonisation
7565,large-scale ccs,decarbonisation
7566,large-scale conservation,biodiversity
7567,large-scale coordination,risk-based approach
7568,large-scale decarbonization,decarbonisation
7569,large-scale deployment,technology
7570,large-scale direct air capture,decarbonisation
7571,large-scale ecosystem restoration,biodiversity
7572,large-scale energy storage,electrification
7573,large-scale green infrastructure,infrastructure
7574,large-scale hydropower,renewable energy
7575,large-scale implementation,none
7576,large-scale infrastructure,infrastructure
7577,large-scale marine protected areas,nature management
7578,large-scale nature-based,human-nature equilibrium
7579,large-scale nature-based solutions,none
7580,large-scale nuclear,bio-fuel
7581,large-scale projects,none
7582,large-scale removal,decarbonisation
7583,large-scale renewable energy,renewable energy
7584,large-scale renewable projects,renewable energy
7585,large-scale restoration,biodiversity
7586,large-scale solar capacity,renewable energy
7587,large-scale solar parks,renewable energy
7588,large-scale use,technology
7589,largest solar wind system,renewable energy
7590,last barrel of oil,reduce fossil-fuel
7591,last mile delivery,clean transportation
7592,laws of nature,human-nature equilibrium
7593,laws policies practices,governance
7594,lawsuit against fossil corporations,reduce fossil-fuel
7595,lc3,decarbonisation
7596,ldcs,decarbonisation
7597,lead by example,none
7598,leapfrog technologies,technology
7599,learn from others,knowledge-driven
7600,learning,knowledge-driven
7601,learning curve,knowledge-driven
7602,learning from mistakes,knowledge-driven
7603,learning from past,knowledge-driven
7604,learning journey,knowledge-driven
7605,learning limits,knowledge-driven
7606,learning perspective,knowledge-driven
7607,least developed countries,vulnerable population centric
7608,least embodied carbon,infrastructure
7609,least energy-intensive resources,material science
7610,least polluting,emission reduction
7611,least trade offs,clean transportation
7612,least-developed countries,vulnerable population centric
7613,leave better,individual action
7614,leave biomass,bio-fuel
7615,leave fossil fuels in ground,reduce fossil-fuel
7616,leave fossils underground,reduce fossil-fuel
7617,legal prioritization,governance
7618,legal title to land,food-system
7619,legally binding phase-out,reduce fossil-fuel
7620,legally enforceable rules,governance
7621,legally-binding carbon price,taxation
7622,legislation,governance
7623,legumes,food-system
7624,less car-dependent lifestyle,energy efficiency
7625,less carbon intensive materials,material science
7626,less cement,material science
7627,less commuting,clean transportation
7628,less consumption,individual action
7629,less energy heating cooling,technology
7630,less than 10% cement,material science
7631,less vulnerable,risk-based approach
7632,let adaptation happen,none
7633,let go material attachment,degrowth
7634,let nature do the work,human-nature equilibrium
7635,let nature grow,human-nature equilibrium
7636,levee reinforcement,coast-protection and flood
7637,levees,water management
7638,level playing field,vulnerable population centric
7639,levelized costs of energy,renewable energy
7640,leverage existing infrastructure,infrastructure
7641,leverage points,none
7642,li-ion,electrification
7643,liberalize trade,global collaboration
7644,lichens,decarbonisation
7645,life cycle,managerial practices
7646,life cycle assessment,managerial practices
7647,life cycle management,managerial practices
7648,life cycle performance,managerial practices
7649,life-changing commitment,individual action
7650,life-cycle strategy,managerial practices
7651,life-saving,none
7652,life-support systems,none
7653,lifecycle emissions,emission reduction
7654,lifecycle mitigation,risk-based approach
7655,lifecycle resilience,none
7656,lifecycle thinking,managerial practices
7657,lifespan changes,managerial practices
7658,lifestyle adaptation,managerial practices
7659,lifestyle emissions,individual action
7660,lifestyle rethink,individual action
7661,lift coastline,coast-protection and flood
7662,light-colored concrete,material science
7663,lighter-colored aggregates,material science
7664,lightweight concrete,material science
7665,lightweight materials,material science
7666,lignocellulosic concrete,material science
7667,limestone,material science
7668,limestone aggregate,material science
7669,limestone calcined clay,material science
7670,limestone calcined clay cement,material science
7671,limestone-based alternatives,material science
7672,limit air travel,clean transportation
7673,limit births,degrowth
7674,limit co2 to 450ppm,decarbonisation
7675,limit economic activity,none
7676,limit emissions,emission reduction
7677,limit exposure,risk-based approach
7678,limit fossil fuel,reduce fossil-fuel
7679,limit gasoline cars,reduce fossil-fuel
7680,limit gdp growth,degrowth
7681,limit global warming,temperature-centric
7682,limit human impact,risk-based approach
7683,limit human suffering,risk-based approach
7684,limit procreation,degrowth
7685,limit traffic,clean transportation
7686,limit warming 2°c,temperature-centric
7687,limit warming below 1.5°c,temperature-centric
7688,limit warming below 2°c,temperature-centric
7689,limit warming to 1.5°c,temperature-centric
7690,limited infrastructure,infrastructure
7691,limiting warming to 1.5°c,temperature-centric
7692,limitless clean energy,renewable energy
7693,limits era,none
7694,limits of geo-engineering,technology
7695,limits to growth,degrowth
7696,linear economy,alternative economic system
7697,linear forecasting,climate models
7698,linear production,technology
7699,linear programming,technology
7700,link wildfires co2,decarbonisation
7701,linking natural and social sciences,human-nature equilibrium
7702,liquefied natural gas,reduce fossil-fuel
7703,liquid air,decarbonisation
7704,liquid assets,industry-centric
7705,liquid co2 storage,decarbonisation
7706,liquid oxygen working fluid,decarbonisation
7707,listen to earth,human-nature equilibrium
7708,listen to indigenous,knowledge-driven
7709,listen to young people,community-centric
7710,literature review,knowledge-driven
7711,lithium ion batteries,electrification
7712,lithium-ion battery recycling,recycling
7713,livable cities,urban planning
7714,livable climate future,socio-political approaches
7715,live below the line,vulnerable population centric
7716,live closer to work,clean transportation
7717,live simply,sustainability
7718,live within limits,emission reduction
7719,livelihood diversification,decentralisation
7720,livelihood security,decentralisation
7721,livelihoods,decentralisation
7722,livelihoods improvement,decentralisation
7723,livestock industry emissions,food-system
7724,livestock systems,food-system
7725,living breakwater,water management
7726,living building systems,urban planning
7727,living buildings,urban planning
7728,living cities,urban planning
7729,living concrete,material science
7730,living dunes,nature management
7731,living energy cycle,decarbonisation
7732,living harmony nature,human-nature equilibrium
7733,living infrastructure,infrastructure
7734,living laboratory,none
7735,living mangrove forests,forest-centric
7736,living materials,material science
7737,living roofs,urban planning
7738,living rooms,none
7739,living shorelines,nature management
7740,living soil,nature management
7741,living systems,none
7742,living walls,urban planning
7743,living with rivers,nature management
7744,living with uncertainty,risk-based approach
7745,living within means,vulnerable population centric
7746,lmfbr,decarbonisation
7747,load-bearing coating,material science
7748,local accountability,community-centric
7749,local adaptation cases,decentralisation
7750,local adaptation planning,decentralisation
7751,local adaptation plans,decentralisation
7752,local adaptive capacities,community-centric
7753,local adaptive responses,decentralisation
7754,local affinity groups,decentralisation
7755,local aggregates,community-centric
7756,local autonomy,decentralisation
7757,local capacity,community-centric
7758,local capacity building,community-centric
7759,local climate action,none
7760,local climate actions,none
7761,local climate conditions,none
7762,local climate information,knowledge-driven
7763,local climate projections,climate models
7764,local climate risks,community-centric
7765,local co-benefits,vulnerable population centric
7766,local collective action,community-centric
7767,local community empowerment,community-centric
7768,local community resilience,community-centric
7769,local community safety,decentralisation
7770,local construction materials,material science
7771,local context,decentralisation
7772,local contexts,decentralisation
7773,local coordination,governance
7774,local cultures,decentralisation
7775,local decarbonisation,decarbonisation
7776,local decision-making,decentralisation
7777,local democratic action,socio-political approaches
7778,local development strategies,decentralisation
7779,local disaster response,risk-based approach
7780,local distribution,decentralisation
7781,local economic resilience,alternative economic system
7782,local economies,decentralisation
7783,local economy adaptation,decentralisation
7784,local economy resilience,alternative economic system
7785,local electricity,electrification
7786,local energy management,smart-grid
7787,local energy provision,smart-grid
7788,local enforcement,governance
7789,local expertise,decentralisation
7790,local flexible infrastructure,infrastructure
7791,local food security,food-system
7792,local forestry commission,forest-centric
7793,local geology,decentralisation
7794,local governance,community-centric
7795,local government,community-centric
7796,local government initiatives,decentralisation
7797,local governments,community-centric
7798,local grassroots efforts,socio-political approaches
7799,local green infrastructure,infrastructure
7800,local greenhouse emissions,greenhouse
7801,local implementation,decentralisation
7802,local information control,decentralisation
7803,local initiatives,decentralisation
7804,local innovation,decentralisation
7805,local language,decentralisation
7806,local leadership,decentralisation
7807,local level,decentralisation
7808,local level adaptation,decentralisation
7809,local level framing,decentralisation
7810,local livelihoods,decentralisation
7811,local markets,decentralisation
7812,local methods,decentralisation
7813,local networks,decentralisation
7814,local organizations,decentralisation
7815,local organizing,socio-political approaches
7816,local oversight,decentralisation
7817,local planning,decentralisation
7818,local policies,decentralisation
7819,local policy enforcement,decentralisation
7820,local policy-making,decentralisation
7821,local public administrations,decentralisation
7822,local recycled materials,recycling
7823,local reforestation,forest-centric
7824,local regeneration,food-system
7825,local regenerative food system,food-system
7826,local reinvestment,taxation
7827,local renewable energy,smart-grid
7828,local renewable production,community-centric
7829,local resiliency,decentralisation
7830,local risks,risk-based approach
7831,local scale,decentralisation
7832,local scale action,decentralisation
7833,local scales,decentralisation
7834,local self-sustaining communities,decentralisation
7835,local sequestration,decarbonisation
7836,local soil,nature management
7837,local soil use,nature management
7838,local solar,renewable energy
7839,local supply chains,sustainability
7840,local sustainability,sustainability
7841,local targets 2030,emission reduction
7842,local transitions,decentralisation
7843,local volunteering,community-centric
7844,local vulnerabilities,risk-based approach
7845,local vulnerabilities and risks,risk-based approach
7846,local vulnerability assessments,risk-based approach
7847,local water problem,water management
7848,local-level impacts,decentralisation
7849,local-scale experimentation,decentralisation
7850,localize value chains,decentralisation
7851,localized,decentralisation
7852,localized adaptation plans,decentralisation
7853,localized early warning systems,climate models
7854,localized early-warning,climate models
7855,localized early-warning systems,climate models
7856,localized evidence-based plans,community-centric
7857,localized initiatives,decentralisation
7858,localized integrated strategies,decentralisation
7859,localized knowledge,knowledge-driven
7860,localized plans,decentralisation
7861,localized resilience plans,decentralisation
7862,localized resilient food systems,food-system
7863,localized solutions,community-centric
7864,localized strategies,decentralisation
7865,localized vulnerabilities,risk-based approach
7866,localized vulnerability assessments,risk-based approach
7867,locally available materials,material science
7868,locally available resources,community-centric
7869,locally controlled energy,smart-grid
7870,locally designed model,decentralisation
7871,locally grown biomass,bio-fuel
7872,locally led adaptation,decentralisation
7873,locally produced buildings,infrastructure
7874,locally sourced,community-centric
7875,locally sourced aggregate,community-centric
7876,locally sourced aggregates,community-centric
7877,locally sourced materials,community-centric
7878,locally sourced products,community-centric
7879,locally sourced scms,community-centric
7880,locally tailored solutions,decentralisation
7881,locally tailored strategies,decentralisation
7882,locally-appropriate adaptation,decentralisation
7883,locally-led adaptation,decentralisation
7884,locally-led agroforestry,forest-centric
7885,locally-led approach,decentralisation
7886,locally-led measures,decentralisation
7887,locally-led solutions,decentralisation
7888,locally-sourced biomass,bio-fuel
7889,locally-sourced materials,community-centric
7890,locally-sourced raw materials,community-centric
7891,location-based strategies,decentralisation
7892,location-specific,decentralisation
7893,location-specific data,decentralisation
7894,location-specific strategies,decentralisation
7895,location-specific vulnerability assessments,risk-based approach
7896,lockdown lessons,none
7897,logistics systems,clean transportation
7898,long game,transition and transformation
7899,long lifespan carbon retention,decarbonisation
7900,long service lives,sustainability
7901,long term framework,managerial practices
7902,long term goals,managerial practices
7903,long term memory,managerial practices
7904,long term perspective,managerial practices
7905,long term resilience,risk-based approach
7906,long term savings,managerial practices
7907,long term strategy,managerial practices
7908,long term thinking,managerial practices
7909,long term wealth,alternative economic system
7910,long-lasting structures,sustainability
7911,long-life concrete,material science
7912,long-term actions,managerial practices
7913,long-term climate goal,managerial practices
7914,long-term consumption,degrowth
7915,long-term cost reduction,cost-benefit driven
7916,long-term data-driven strategy,climate models
7917,long-term deployment,managerial practices
7918,long-term durability,sustainability
7919,long-term economic benefits,cost-benefit driven
7920,long-term financial planning,industry-centric
7921,long-term focus,managerial practices
7922,long-term goal,managerial practices
7923,long-term health,managerial practices
7924,long-term impacts,managerial practices
7925,long-term infrastructure planning,infrastructure
7926,long-term inundation,water management
7927,long-term maintenance,infrastructure
7928,long-term memory,managerial practices
7929,long-term monitoring,managerial practices
7930,long-term outcomes,managerial practices
7931,long-term planning risks,managerial practices
7932,long-term resilience,risk-based approach
7933,long-term risks,managerial practices
7934,long-term savings,managerial practices
7935,long-term societal resilience,socio-political approaches
7936,long-term storage,none
7937,long-term strategies,managerial practices
7938,long-term survival,managerial practices
7939,long-term thinking,managerial practices
7940,long-term transformations,managerial practices
7941,long-term vision,managerial practices
7942,long-term waiting,managerial practices
7943,long-term warming,temperature-centric
7944,longer lasting structures,sustainability
7945,loss and damage,risk-based approach
7946,loss of biodiversity,biodiversity
7947,lotus effect,material science
7948,louisiana coastline,coast-protection and flood
7949,love for the earth,human-nature equilibrium
7950,low absolute emissions,emission reduction
7951,low carbon cement,material science
7952,low carbon circular economy,circular-economy
7953,low carbon concrete mix,material science
7954,low carbon economies,energy efficiency
7955,low carbon economy,energy efficiency
7956,low carbon electricity,energy efficiency
7957,low carbon footprint,individual action
7958,low carbon fuels,energy efficiency
7959,low carbon infrastructure,energy efficiency
7960,low carbon innovation,energy efficiency
7961,low carbon intensity,energy efficiency
7962,low carbon investment,energy efficiency
7963,low carbon living,energy efficiency
7964,low carbon manufacturing,energy efficiency
7965,low carbon pathway,energy efficiency
7966,low carbon raw materials,energy efficiency
7967,low carbon system,energy efficiency
7968,low carbon transportation,energy efficiency
7969,low carbon world,energy efficiency
7970,low co2 concrete,material science
7971,low embodied carbon,infrastructure
7972,low energy consumption,degrowth
7973,low energy path,energy efficiency
7974,low exposure to extreme weather,extreme events
7975,low global warming potential,temperature-centric
7976,low greenhouse gas emissions,greenhouse
7977,low impact materials,material science
7978,low lifecycle emissions,emission reduction
7979,low permeability mixes,material science
7980,low rise buildings,urban planning
7981,low upfront investment,funding-adaptation
7982,low water absorption,water management
7983,low- and zero-emission vehicles,net zero
7984,low-carbon aggregates,material science
7985,low-carbon agriculture,food-system
7986,low-carbon alternatives,energy efficiency
7987,low-carbon approaches,energy efficiency
7988,low-carbon baseload,energy efficiency
7989,low-carbon binders,material science
7990,low-carbon building materials,material science
7991,low-carbon buildings,energy efficiency
7992,low-carbon built environment,energy efficiency
7993,low-carbon cement alternatives,material science
7994,low-carbon cement production,material science
7995,low-carbon cement substitutes,material science
7996,low-carbon cements,material science
7997,low-carbon circular economy,circular-economy
7998,low-carbon concrete alternatives,material science
7999,low-carbon concrete mixes,material science
8000,low-carbon concrete production,material science
8001,low-carbon concrete technologies,material science
8002,low-carbon economic growth,energy efficiency
8003,low-carbon economies,energy efficiency
8004,low-carbon energies,energy efficiency
8005,low-carbon energy,energy efficiency
8006,low-carbon high-performance concrete,material science
8007,low-carbon high-strength concrete,material science
8008,low-carbon hydrogen,bio-fuel
8009,low-carbon incentives,energy efficiency
8010,low-carbon infrastructure,energy efficiency
8011,low-carbon land use,food-system
8012,low-carbon materials,material science
8013,low-carbon mixes,material science
8014,low-carbon policies,energy efficiency
8015,low-carbon potential,energy efficiency
8016,low-carbon production,energy efficiency
8017,low-carbon regenerative infrastructure,energy efficiency
8018,low-carbon renewable economy,energy efficiency
8019,low-carbon scms,energy efficiency
8020,low-carbon sources,energy efficiency
8021,low-carbon steel,material science
8022,low-carbon sustainable economy,energy efficiency
8023,low-carbon technology innovation,energy efficiency
8024,low-carbon urban planning,urban planning
8025,low-cost,cost-benefit driven
8026,low-cost barriers,cost-benefit driven
8027,low-cost construction,cost-benefit driven
8028,low-cost cooling,material science
8029,low-cost financing,funding-adaptation
8030,low-cost formwork,cost-benefit driven
8031,low-cost hydrogen,bio-fuel
8032,low-cost solution,cost-benefit driven
8033,low-cost strategies,cost-benefit driven
8034,low-emission agriculture,food-system
8035,low-emission development,energy efficiency
8036,low-emission lifestyles,individual action
8037,low-emission transportation,energy efficiency
8038,low-emissions vehicles,energy efficiency
8039,low-energy food production,food-system
8040,low-energy houses,energy efficiency
8041,low-energy living,individual action
8042,low-energy society,energy efficiency
8043,low-flow appliances,energy efficiency
8044,low-hanging fruits,none
8045,low-impact food production,food-system
8046,low-income communities,vulnerable population centric
8047,low-income households,vulnerable population centric
8048,low-income housing,vulnerable population centric
8049,low-land meat,food-system
8050,low-lying cities,urban planning
8051,low-maintenance,none
8052,low-meat diet,food-system
8053,low-mechanization,none
8054,low-permeability concrete,material science
8055,low-regret measures,managerial practices
8056,low-regret strategies,none
8057,low-rise buildings,urban planning
8058,low-waste materials,recycling
8059,low-water mixing,material science
8060,low-water volume,water management
8061,lower embodied carbon,infrastructure
8062,lower ghg emissions,greenhouse
8063,lower ghgs,greenhouse
8064,lower greenhouse gas,greenhouse
8065,lower greenhouse gas emissions,greenhouse
8066,lower ijsselmeer,nature management
8067,lower industrial emissions,infrastructure
8068,lower per capita energy,degrowth
8069,lower pollution,emission reduction
8070,lower renewable price,renewable energy
8071,lower risk,risk-based approach
8072,lower urban temperatures,temperature-centric
8073,lower-carbon feedstocks,energy efficiency
8074,lower-carbon future,energy efficiency
8075,lowering co2,decarbonisation
8076,lowering energy use,degrowth
8077,lowering urban temperatures,temperature-centric
8078,low‑tech solutions,cost-benefit driven
8079,machine learning,knowledge-driven
8080,machine learning risk assessment,risk-based approach
8081,magnesium phosphate cement,material science
8082,magnesium silicate hydrate,material science
8083,mainstream adaptation,managerial practices
8084,mainstream climate information,none
8085,mainstream media,socio-political approaches
8086,mainstreaming,none
8087,mainstreaming adaptation,managerial practices
8088,mainstreaming climate risk,none
8089,mainstreaming innovation,technology
8090,mainstreaming resilience,risk-based approach
8091,maintain biodiversity,biodiversity
8092,maintain ecosystem services,biodiversity
8093,maintain existing infrastructure,infrastructure
8094,maintain living resources,biodiversity
8095,maintain natural carbon sinks,decarbonisation
8096,maintain temperature,temperature-centric
8097,maintenance,none
8098,maintenance strategies,infrastructure
8099,major economies,global collaboration
8100,major engineering project,technology
8101,major problem,none
8102,make buildings resilient,infrastructure
8103,make cities climate resilient,infrastructure
8104,make emission prices right,emission reduction
8105,make fossil fuel bad for business,reduce fossil-fuel
8106,make renewable,renewable energy
8107,make renewables cheaper,renewable energy
8108,make rich pay,taxation
8109,malthusian renaissance,degrowth
8110,manage biosphere,biodiversity
8111,manage excess rainwater,water management
8112,manage global economy,global collaboration
8113,manage natural flow,water management
8114,manage negative externalities,risk-based approach
8115,manage stormwater,water management
8116,manage transition,transition and transformation
8117,manage with adaption,none
8118,managed contraction and convergence,none
8119,managed electrification,electrification
8120,managed energy transition,renewable energy
8121,managed environments,biodiversity
8122,managed relocation of vegetation,managerial practices
8123,managed transformation,transition and transformation
8124,managed transition,transition and transformation
8125,managed withdrawal,vulnerable population centric
8126,management of ecosystems,biodiversity
8127,managing ecosystems,biodiversity
8128,managing water,water management
8129,mandatory carbon pricing,taxation
8130,mandatory energy audits,energy efficiency
8131,mandatory global guidelines,global collaboration
8132,mangrove adaptation,forest-centric
8133,mangrove conservation,forest-centric
8134,mangrove creation,forest-centric
8135,mangrove eco-dams,forest-centric
8136,mangrove ecosystems,forest-centric
8137,mangrove forest restoration,forest-centric
8138,mangrove forests,forest-centric
8139,mangrove plantings,forest-centric
8140,mangrove preservation,forest-centric
8141,mangrove protection,forest-centric
8142,mangroves,forest-centric
8143,manhattan project,none
8144,manipulate solar radiation,renewable energy
8145,manipulate species,biodiversity
8146,manufacturer sustainability,sustainability
8147,manufacturing,technology
8148,manufacturing carbon cost,taxation
8149,manufacturing fossil fuels,reduce fossil-fuel
8150,manufacturing optimization,technology
8151,manufacturing process,technology
8152,manure sequestration,decarbonisation
8153,map climate risks,risk-based approach
8154,map existing adaptations,managerial practices
8155,map vulnerabilities,risk-based approach
8156,mapping,risk-based approach
8157,mapping assets,risk-based approach
8158,marginal cost,cost-benefit driven
8159,marginal tax,taxation
8160,marginal tax rate,taxation
8161,marginalized communities,vulnerable population centric
8162,marine biodiversity,biodiversity
8163,marine cloud brightening,nature management
8164,marine ecosystems,biodiversity
8165,marine photosynthesis,nature management
8166,marine protected areas,nature management
8167,marine restoration,nature management
8168,marine-based concrete,material science
8169,mark jacobson,none
8170,market adoption,industry-centric
8171,market allocation,industry-centric
8172,market driven,taxation
8173,market forces,taxation
8174,market governance,governance
8175,market limitations,industry-centric
8176,market mechanisms,taxation
8177,market reforms,alternative economic system
8178,market shift to renewables,renewable energy
8179,market transition,taxation
8180,market-based approach,taxation
8181,market-based instruments,taxation
8182,market-based low-carbon transition,energy efficiency
8183,market-based mechanism,taxation
8184,market-based prevention,taxation
8185,market-based solution,taxation
8186,market-based solutions,taxation
8187,market-focused production,taxation
8188,market-making institutions,taxation
8189,marketable carbon,taxation
8190,markets,taxation
8191,mass climate mobilization,socio-political approaches
8192,mass climate movement,socio-political approaches
8193,mass customization,technology
8194,mass electrification,electrification
8195,mass extinction strategy,biodiversity
8196,mass non-violent civil disobedience,socio-political approaches
8197,mass over-consumption,degrowth
8198,mass production,technology
8199,mass production alternatives,technology
8200,mass retrofitting,infrastructure
8201,mass timber buildings,urban planning
8202,mass urbanization,urban planning
8203,massive afforestation,forest-centric
8204,massive buildout,material science
8205,massive carbon capture,decarbonisation
8206,massive carbon capture machines,decarbonisation
8207,massive carbon sequestration,decarbonisation
8208,massive cement deployment,material science
8209,massive co2 removal,decarbonisation
8210,massive ecosystem restoration,biodiversity
8211,massive energy transition,renewable energy
8212,massive engineering projects,material science
8213,massive investment,funding-adaptation
8214,massive investment in renewable energy,renewable energy
8215,massive investments,funding-adaptation
8216,massive mobilization,none
8217,massive reforestation,forest-centric
8218,massive renewable energy deployment,renewable energy
8219,massive tree planting,forest-centric
8220,massive wall,urban planning
8221,material circulation,infrastructure
8222,material conservation,nature management
8223,material deterioration,infrastructure
8224,material emissions,emission reduction
8225,material extraction,reduce fossil-fuel
8226,material footprint,individual action
8227,material growth,material science
8228,material innovation,material science
8229,material lifecycle,recycling
8230,material overuse,material science
8231,material paradigm,material science
8232,material progress,material science
8233,material properties,material science
8234,material quality,material science
8235,material recycling,recycling
8236,material replacement,material science
8237,material resources,material science
8238,material safety,material science
8239,material use,material science
8240,material vulnerability,risk-based approach
8241,materials,material science
8242,materials absorption,material science
8243,materials engineering,material science
8244,materials innovation,material science
8245,materials production,material science
8246,materials science,material science
8247,materials science solutions,material science
8248,mathematical modeling,knowledge-driven
8249,matisime concrete technology,material science
8250,mature tree carbon,decarbonisation
8251,maximize efficiency,degrowth
8252,maximize energy efficiency,energy efficiency
8253,maximize nature benefit,human-nature equilibrium
8254,maximize recycling,recycling
8255,maximize resources,degrowth
8256,maximize sequestration,decarbonisation
8257,maximize shade,urban planning
8258,maximize solar capture,renewable energy
8259,maximize structural efficiency,degrowth
8260,maximized durability,sustainability
8261,meaning in life,sustainability
8262,meaningful adaptation,none
8263,measurable steps,transition and transformation
8264,measure ecosystems,biodiversity
8265,measure environmental impact,risk-based approach
8266,measure results,managerial practices
8267,measure solutions,managerial practices
8268,measurement challenges,managerial practices
8269,measures approach,managerial practices
8270,meat and dairy emissions,food-system
8271,meat industry emissions,food-system
8272,meat production emissions,food-system
8273,meat reduction,food-system
8274,meatless diet,food-system
8275,mechanical harvesting,food-system
8276,mechanically activated cement,material science
8277,media amplification,none
8278,medium-sized buildings,urban planning
8279,medium-sized cities,urban planning
8280,medium-term transitions,transition and transformation
8281,meet paris goals,global collaboration
8282,mega infrastructure projects,infrastructure
8283,mega-flood response,coast-protection and flood
8284,megacities,urban planning
8285,membrane capture,decarbonisation
8286,metakaolin,material science
8287,meteoswiss,climate models
8288,methane,emission reduction
8289,methane action,emission reduction
8290,methane composition,emission reduction
8291,methane control,emission reduction
8292,methane from cows,food-system
8293,methane reductions,emission reduction
8294,methane threat,emission reduction
8295,methanol production,bio-fuel
8296,methanol to hydrogen,bio-fuel
8297,methodological challenges,none
8298,micro climate,none
8299,micro meso macro,biodiversity
8300,micro-bubbles,material science
8301,micro-ecosystems,biodiversity
8302,micro-grids,smart-grid
8303,micro-organisms,material science
8304,microalgae fertilizers,bio-fuel
8305,microbial cement,material science
8306,microbial fermentation,material science
8307,microbial stabilization,material science
8308,microcapsules,material science
8309,microhydroelectricity,renewable energy
8310,microorganisms,material science
8311,mid-century,emission reduction
8312,mid-century target,managerial practices
8313,mid-century transition,transition and transformation
8314,mid-term focus,managerial practices
8315,middle-class power,socio-political approaches
8316,middle-income transition,none
8317,midwest model,managerial practices
8318,migrate to higher ground,vulnerable population centric
8319,migrate to stable regions,vulnerable population centric
8320,migration from crop loss,food-system
8321,migration reduction,degrowth
8322,migration to cities,urban planning
8323,migration tradeoffs,clean transportation
8324,military budget reduction,degrowth
8325,military resilience,risk-based approach
8326,mimic volcanic eruptions,material science
8327,mindset of sufficiency,decentralisation
8328,mindset prep,none
8329,mindset shift,individual action
8330,mineral co2 sequestration,decarbonisation
8331,mineral fertilizers,material science
8332,mineral sequestration,decarbonisation
8333,mineral waste additives,recycling
8334,mineralized cement,material science
8335,minimal cooling energy,material science
8336,minimal harm,risk-based approach
8337,minimal topography disturbance,nature management
8338,minimalism,degrowth
8339,minimalism and frugality,degrowth
8340,minimize adverse impacts,risk-based approach
8341,minimize air travel,clean transportation
8342,minimize carbon footprint,individual action
8343,minimize carbon from bridge,individual action
8344,minimize climate risks,none
8345,minimize concrete use,material science
8346,minimize consumption,degrowth
8347,minimize damage,risk-based approach
8348,minimize damages,risk-based approach
8349,minimize economic damages,cost-benefit driven
8350,minimize economic losses,cost-benefit driven
8351,minimize embodied carbon,infrastructure
8352,minimize embodied energy,infrastructure
8353,minimize emissions,emission reduction
8354,minimize environmental impact,risk-based approach
8355,minimize fossil reliance,reduce fossil-fuel
8356,minimize future damages,risk-based approach
8357,minimize global inequality,vulnerable population centric
8358,minimize human impacts,risk-based approach
8359,minimize lifecycle emissions,emission reduction
8360,minimize losses,risk-based approach
8361,minimize losses worldwide,risk-based approach
8362,minimize meat consumption,food-system
8363,minimize methane emissions,emission reduction
8364,minimize reuse recycle,recycling
8365,minimized environmental impact,risk-based approach
8366,minimized resources,degrowth
8367,minimizes emissions,emission reduction
8368,minimizes vulnerabilities,risk-based approach
8369,minimizes waste,degrowth
8370,minimizing air travel,clean transportation
8371,minimizing carbon footprint,individual action
8372,minimizing concrete emissions,emission reduction
8373,minimizing costs,degrowth
8374,minimizing energy consumption,degrowth
8375,minimizing environmental harm,risk-based approach
8376,minimizing fossil fuel,reduce fossil-fuel
8377,minimizing fossil fuel use,reduce fossil-fuel
8378,minimizing global warming potential,temperature-centric
8379,minimizing loss of life,risk-based approach
8380,minimizing meat consumption,food-system
8381,minimizing waste,degrowth
8382,minimum standard,none
8383,misinformation,none
8384,mismanagement of resources,managerial practices
8385,mitigate 2°c,temperature-centric
8386,mitigate and adapt,risk-based approach
8387,mitigate catastrophic impacts,risk-based approach
8388,mitigate climate,none
8389,mitigate climate effects,none
8390,mitigate climate impacts,none
8391,mitigate disruption,none
8392,mitigate effects,risk-based approach
8393,mitigate emissions,emission reduction
8394,mitigate energy scale,renewable energy
8395,mitigate extreme weather,extreme events
8396,mitigate flooding,coast-protection and flood
8397,mitigate floods,coast-protection and flood
8398,mitigate greenhouse gases,greenhouse
8399,mitigate heat island,temperature-centric
8400,mitigate heatwaves,temperature-centric
8401,mitigate risks,risk-based approach
8402,mitigate urban heat island,temperature-centric
8403,mitigate vulnerabilities,risk-based approach
8404,mitigate warming,temperature-centric
8405,mitigating climate change,none
8406,mitigating effects,risk-based approach
8407,mitigating global warming,temperature-centric
8408,mitigating greenhouse gas emissions,greenhouse
8409,mitigating impacts,risk-based approach
8410,mitigation and adaptation technologies,risk-based approach
8411,mitigation approaches,risk-based approach
8412,mitigation architecture,risk-based approach
8413,mitigation before adaptation,risk-based approach
8414,mitigation debate,risk-based approach
8415,mitigation gap,risk-based approach
8416,mitigation incentive,risk-based approach
8417,mitigation insufficiency,risk-based approach
8418,mitigation research,risk-based approach
8419,mitigation solutions,risk-based approach
8420,mitigation strategies,risk-based approach
8421,mitigation strategy,risk-based approach
8422,mitigation vs adaptation,risk-based approach
8423,mix design,design
8424,mix design optimization,design
8425,mix designs,design
8426,mix optimization,managerial practices
8427,mixed use,urban planning
8428,mixed-use buildings,urban planning
8429,mixed-use resilient communities,urban planning
8430,mobile reporting,managerial practices
8431,mobile weather alerts,climate models
8432,mobilisation method,none
8433,mobilisation to halve emissions,emission reduction
8434,mobilising resources,funding-adaptation
8435,mobilization of finance,funding-adaptation
8436,mobilization phase,none
8437,mobilize capital,funding-adaptation
8438,mobilize cities,none
8439,mobilize finance,funding-adaptation
8440,mobilize society,socio-political approaches
8441,mobilizing finance,funding-adaptation
8442,model limitations,climate models
8443,moderate growth,degrowth
8444,moderate temperatures,temperature-centric
8445,modern climate science,climate models
8446,modern conservation agriculture,food-system
8447,modern heating,technology
8448,modernity ascent,none
8449,modernization of transportation,clean transportation
8450,modest plans,none
8451,modified electrolyte,bio-fuel
8452,modular computer,technology
8453,modular concrete,infrastructure
8454,modular concrete buildings,infrastructure
8455,modular concrete system,infrastructure
8456,modular construction,infrastructure
8457,modular design,design
8458,modular geopolymer concrete,material science
8459,modular insulated,none
8460,modular nature,none
8461,modular prefabricated building,infrastructure
8462,modular sea walls,coast-protection and flood
8463,modular solutions,none
8464,modular urban infrastructure,urban planning
8465,moisten desert,water management
8466,moisture-resistant coatings,material science
8467,molten salt storage,material science
8468,monetary value to ghg emissions,greenhouse
8469,money creation system,alternative economic system
8470,monitor and learn,managerial practices
8471,monitor and measure,managerial practices
8472,monitor utility bills,smart-grid
8473,monitoring,managerial practices
8474,monitoring adaptive learning,managerial practices
8475,monitoring adaptive management,managerial practices
8476,monitoring and adaptive management,managerial practices
8477,monitoring and adjusting,managerial practices
8478,monitoring and adjustment,managerial practices
8479,monitoring and evaluating,managerial practices
8480,monitoring and evaluation,managerial practices
8481,monitoring and financing mechanisms,taxation
8482,monitoring and learning,managerial practices
8483,monitoring and reporting,managerial practices
8484,monitoring and reviewing,managerial practices
8485,monitoring enforcement,managerial practices
8486,monitoring evaluation,managerial practices
8487,monitoring measures,managerial practices
8488,monitoring outcomes,managerial practices
8489,monitoring progress,managerial practices
8490,monitoring systems,managerial practices
8491,monitoring tool,managerial practices
8492,monoculture,food-system
8493,monolithic dome,urban planning
8494,montreal protocol adherence,global collaboration
8495,moral commitment,socio-political approaches
8496,moral communities,socio-political approaches
8497,moral responsibility,socio-political approaches
8498,moral vision,socio-political approaches
8499,moratorium on fossil fuels,reduce fossil-fuel
8500,most effective path,none
8501,movable barriers,nature management
8502,move away from fossil fuels,reduce fossil-fuel
8503,move beyond fossil fuels,reduce fossil-fuel
8504,move closer to work,clean transportation
8505,move evacuation,risk-based approach
8506,move higher elevation,vulnerable population centric
8507,move solar wind to deserts,renewable energy
8508,move up elevation,vulnerable population centric
8509,movement politics,socio-political approaches
8510,mpas,risk-based approach
8511,mulching,recycling
8512,multi-benefit resilience,risk-based approach
8513,multi-faceted action plan,none
8514,multi-faceted approach,none
8515,multi-faceted strategy,managerial practices
8516,multi-family homes,urban planning
8517,multi-functional buildings,urban planning
8518,multi-hazard communities,none
8519,multi-level framework,managerial practices
8520,multi-level governance,governance
8521,multi-level interventions,managerial practices
8522,multi-level stakeholder collaboration,knowledge-driven
8523,multi-level strategies,managerial practices
8524,multi-objective optimization,technology
8525,multi-pronged approach,managerial practices
8526,multi-pronged strategy,managerial practices
8527,multi-scale implementation,none
8528,multi-scale integration,none
8529,multi-scale policies,governance
8530,multi-scale roadmap,none
8531,multi-sector approach,industry-centric
8532,multi-sector integration,industry-centric
8533,multi-sector interaction,knowledge-driven
8534,multi-sectoral integration,industry-centric
8535,multi-stage strategy,none
8536,multi-stakeholder,knowledge-driven
8537,multi-stakeholder approach,knowledge-driven
8538,multi-stakeholder coordination,knowledge-driven
8539,multi-stakeholder engagement,knowledge-driven
8540,multi-stakeholder negotiations,knowledge-driven
8541,multi-stakeholder partnerships,knowledge-driven
8542,multi-stakeholder planning,knowledge-driven
8543,multi-stakeholder strategies,knowledge-driven
8544,multi-stakeholder strategy,knowledge-driven
8545,multi-step approach,none
8546,multi-tiered food security,food-system
8547,multi-track approach,none
8548,multi-vector pathway,none
8549,multibenefit protection,none
8550,multidisciplinary approach,knowledge-driven
8551,multidisciplinary collaboration,knowledge-driven
8552,multidisciplinary networks,knowledge-driven
8553,multifaceted approach,none
8554,multifaceted localized strategy,none
8555,multifaceted strategy,none
8556,multifamily buildings,urban planning
8557,multifunctional benefits,none
8558,multifunctional buildings,urban planning
8559,multifunctional coastal ecosystems,coast-protection and flood
8560,multifunctional green infrastructure,infrastructure
8561,multifunctional performance,none
8562,multifunctional protection,none
8563,multifunctional resilience,risk-based approach
8564,multifunctional water,water management
8565,multifunctionality,none
8566,multigenerational communities,community-centric
8567,multilateral climate policy,governance
8568,multilevel systems,none
8569,multiple adaptation measures,none
8570,multiple benefits,none
8571,multiple hazards,none
8572,multiple independent systems,none
8573,multiple land use,food-system
8574,multiple lines of evidence,knowledge-driven
8575,multiscale approach,none
8576,municipal governance,socio-political approaches
8577,municipalities,none
8578,murgado architecture,urban planning
8579,mushrooms carbon,decarbonisation
8580,mutual aid,socio-political approaches
8581,mycelium-based composites,material science
8582,mycoremediation,material science
8583,mycorrhizal associations,material science
8584,mycorrhizal fungi,material science
8585,nano-structured cement,material science
8586,nanocellulose,material science
8587,nanoceramic concrete,material science
8588,nanomaterials,material science
8589,nanomaterials in concrete,material science
8590,nanoparticle films,material science
8591,nanosized aggregates,material science
8592,nanotechnology,material science
8593,nanotechnology manufacturing,material science
8594,nap coordination,none
8595,narrow economic thinking,socio-political approaches
8596,nasa material,material science
8597,nation-state ecosystems,biodiversity
8598,national action plan,State-led
8599,national action plans,State-led
8600,national adaptation,State-led
8601,national adaptation forum,State-led
8602,national adaptation plan,State-led
8603,national adaptation policies,State-led
8604,national and community plans,State-led
8605,national and local planning,State-led
8606,national and local policies,governance
8607,national carbon budgeting,taxation
8608,national carbon pricing,taxation
8609,national climate emergency plan,State-led
8610,national climate plans,none
8611,national development integration,State-led
8612,national development planning,State-led
8613,national development plans,State-led
8614,national development policies,State-led
8615,national emergency powers,State-led
8616,national global scale,State-led
8617,national goals,State-led
8618,national governments,State-led
8619,national green new deal,governance
8620,national hydrogen strategy,bio-fuel
8621,national implementation,State-led
8622,national level,State-led
8623,national market designs,taxation
8624,national money flow,alternative economic system
8625,national movement,State-led
8626,national net-zero paths,net zero
8627,national planning,State-led
8628,national planning frameworks,State-led
8629,national policies,governance
8630,national policy,governance
8631,national reforestation,forest-centric
8632,national scale,State-led
8633,national scales,decentralisation
8634,national security,State-led
8635,national strategies,State-led
8636,national target,State-led
8637,national weather service,infrastructure
8638,nationalize fossil industries,reduce fossil-fuel
8639,nationally determined contributions,State-led
8640,nationwide early warning,climate models
8641,nationwide green program,State-led
8642,nationwide renewable energy projects,renewable energy
8643,nationwide shutdowns,reduce fossil-fuel
8644,nationwide solar program,renewable energy
8645,nationwide vulnerability assessments,risk-based approach
8646,native biodiversity,biodiversity
8647,native coastal vegetation,coast-protection and flood
8648,native gardening,food-system
8649,native tree species,forest-centric
8650,native vegetation,forest-centric
8651,native way of being,human-nature equilibrium
8652,natural adaptation,none
8653,natural and built infrastructure,infrastructure
8654,natural and built systems,human-nature equilibrium
8655,natural and engineered flood protection,coast-protection and flood
8656,natural and engineered systems,human-nature equilibrium
8657,natural barrier restoration,nature management
8658,natural barriers,nature management
8659,natural buffer,human-nature equilibrium
8660,natural buffering,human-nature equilibrium
8661,natural buffers,human-nature equilibrium
8662,natural capataz,decarbonisation
8663,natural capital conservation,nature management
8664,natural capital management,nature management
8665,natural carbon capture,decarbonisation
8666,natural carbon sequestration,decarbonisation
8667,natural carbon sink,decarbonisation
8668,natural climate-resilient design,design
8669,natural co2 buffer,material science
8670,natural coastal ecosystems,biodiversity
8671,natural cooling,material science
8672,natural cycle changes,none
8673,natural defenses,human-nature equilibrium
8674,natural ecosystem restoration,biodiversity
8675,natural flood barriers,coast-protection and flood
8676,natural flood defenses,coast-protection and flood
8677,natural flood management,coast-protection and flood
8678,natural flood protection,coast-protection and flood
8679,natural flood systems,coast-protection and flood
8680,natural gas,reduce fossil-fuel
8681,natural gas electricity,reduce fossil-fuel
8682,natural gas fields,reduce fossil-fuel
8683,natural gas policy,governance
8684,natural gas technology,material science
8685,natural gas to nuclear,reduce fossil-fuel
8686,natural gas vs coal,reduce fossil-fuel
8687,natural habitat restoration,biodiversity
8688,natural habitats,biodiversity
8689,natural hazard risk,risk-based approach
8690,natural human interaction,human-nature equilibrium
8691,natural hybrid seawalls,coast-protection and flood
8692,natural infrastructures,infrastructure
8693,natural insulation,material science
8694,natural intelligence,human-nature equilibrium
8695,natural ownership,human-nature equilibrium
8696,natural protection,none
8697,natural recycling,recycling
8698,natural resource solutions,human-nature equilibrium
8699,natural resource use,sustainability
8700,natural risk management,risk-based approach
8701,natural seawalls,coast-protection and flood
8702,natural sinks,decarbonisation
8703,natural system understanding,human-nature equilibrium
8704,natural systems restoration,biodiversity
8705,natural systems support,human-nature equilibrium
8706,natural vegetation,forest-centric
8707,natural ventilation,material science
8708,natural water cycles,water management
8709,natural water cycling,water management
8710,natural water management,water management
8711,natural world,human-nature equilibrium
8712,naturalized rivers,nature management
8713,nature as ally,human-nature equilibrium
8714,nature climate regulation,governance
8715,nature conservation,biodiversity
8716,nature coördinatie,none
8717,nature friendly,human-nature equilibrium
8718,nature in service of city,urban planning
8719,nature recycling,recycling
8720,nature resilience,human-nature equilibrium
8721,nature-aligned adaptation,none
8722,nature-based agriculture,food-system
8723,nature-based approach,human-nature equilibrium
8724,nature-based approaches,human-nature equilibrium
8725,nature-based carbon sequestration,decarbonisation
8726,nature-based concrete,human-nature equilibrium
8727,nature-based economy,alternative economic system
8728,nature-based flood protection,water management
8729,nature-based ingredients,human-nature equilibrium
8730,nature-based measures,human-nature equilibrium
8731,nature-based resilience,human-nature equilibrium
8732,nature-based strategies,human-nature equilibrium
8733,nature-based systems,human-nature equilibrium
8734,nature-based urban planning,urban planning
8735,nature-inspired,human-nature equilibrium
8736,nature-oriented city,urban planning
8737,nature’s capital,human-nature equilibrium
8738,navigate complex systems,none
8739,near net-zero co2 emissions,net zero
8740,near zero electricity emissions,net zero
8741,near-net-shape manufacturing,material science
8742,near-term actions,none
8743,near-term measures,none
8744,near-term reductions,degrowth
8745,near-term technologies,technology
8746,near-zero carbon electricity,net zero
8747,near-zero-carbon economy,net zero
8748,necessity of action,none
8749,needs-driven adaptation,none
8750,negative carbon footprint,individual action
8751,negative carbon fuel,renewable energy
8752,negative carbon power plant,renewable energy
8753,negative carbon taxes,taxation
8754,negative emissions balance,emission reduction
8755,negative emissions certificates,emission reduction
8756,negative emissions concrete,material science
8757,negative emissions infrastructure,infrastructure
8758,negative emissions pathway,emission reduction
8759,negative emissions technology,emission reduction
8760,negative feedback cycle,none
8761,negative gwp products,emission reduction
8762,negative-emission technologies,emission reduction
8763,neighborhood districts,decentralisation
8764,neighbourhood carbon neutral,renewable energy
8765,net carbon absorber,decarbonisation
8766,net carbon balance,renewable energy
8767,net carbon negative,renewable energy
8768,net carbon negative concrete,material science
8769,net carbon zero,renewable energy
8770,net emissions,emission reduction
8771,net energy self-sufficient,renewable energy
8772,net greenhouse,greenhouse
8773,net greenhouse gas elimination,greenhouse
8774,net greenhouse gas emissions,greenhouse
8775,net negative footprint,renewable energy
8776,net positive,renewable energy
8777,net positive buildings,renewable energy
8778,net positive impacts,renewable energy
8779,net zero by 2045,net zero
8780,net zero by mid-century,net zero
8781,net zero carbon emissions,net zero
8782,net zero cement manufacturing,material science
8783,net zero concrete,material science
8784,net zero critique,net zero
8785,net zero electricity,net zero
8786,net zero goals,net zero
8787,net zero in 10 years,net zero
8788,net zero prioritization,net zero
8789,net zero retrofit,net zero
8790,net zero-carbon energy systems,net zero
8791,net-negative cement,material science
8792,net-negative emissions,net zero
8793,net-neutral emissions,net zero
8794,net-positive buildings,net zero
8795,net-positive carbon reduction,net zero
8796,net-positive circular economy,circular-economy
8797,net-positive economy,net zero
8798,net-positive energy,net zero
8799,net-positive energy buildings,net zero
8800,net-positive energy community,net zero
8801,net-positive energy home,net zero
8802,net-positive urban model,net zero
8803,net-positive-energy buildings,net zero
8804,net-zero buildings,net zero
8805,net-zero by 2040,net zero
8806,net-zero by mid-century,net zero
8807,net-zero carbon concrete infrastructure,material science
8808,net-zero carbon economy,net zero
8809,net-zero carbon emissions,net zero
8810,net-zero carbon emissions by 2050,net zero
8811,net-zero carbon emissions target,net zero
8812,net-zero cement,material science
8813,net-zero cement lifecycle,material science
8814,net-zero cities,net zero
8815,net-zero climate emissions,net zero
8816,net-zero co2 by 2050,net zero
8817,net-zero commitment,net zero
8818,net-zero construction,net zero
8819,net-zero definition,net zero
8820,net-zero economy 2050,net zero
8821,net-zero embodied carbon,net zero
8822,net-zero emissions by 2050,net zero
8823,net-zero emissions economy,net zero
8824,net-zero energy building,net zero
8825,net-zero energy grid,net zero
8826,net-zero goal,net zero
8827,net-zero greenhouse gas,greenhouse
8828,net-zero greenhouse gas emissions,greenhouse
8829,net-zero greenhouse gas emissions by 2050,greenhouse
8830,net-zero greenhouse gases,greenhouse
8831,net-zero industrial emissions,net zero
8832,net-zero lifestyle,net zero
8833,net-zero policies,net zero
8834,net-zero power sector,net zero
8835,net-zero society,net zero
8836,net-zero targets,net zero
8837,net-zero-carbon,net zero
8838,nets,decarbonisation
8839,network of canals,water management
8840,networked green spaces,urban planning
8841,networks of parks,urban planning
8842,neutralize emissions,emission reduction
8843,new architecture,urban planning
8844,new asset class,industry-centric
8845,new building materials,material science
8846,new capitalism,degrowth
8847,new climate economy,alternative economic system
8848,new concrete production,material science
8849,new deal-style projects,socio-political approaches
8850,new delhi,urban planning
8851,new economic system,degrowth
8852,new economy,degrowth
8853,new generation renewables,renewable energy
8854,new green deal,governance
8855,new leadership,socio-political approaches
8856,new normal,none
8857,new social contract,degrowth
8858,new water governance,water management
8859,next decade,emission reduction
8860,next generation nuclear,bio-fuel
8861,next-generation cement,material science
8862,next-generation nuclear,bio-fuel
8863,ngo coordination,global collaboration
8864,night cooling,material science
8865,nitrogen recycling,recycling
8866,nitrous oxide,decarbonisation
8867,nitrous oxide cement,material science
8868,no carbon emissions,emission reduction
8869,no cement mixes,material science
8870,no emissions,emission reduction
8871,no fossil fuel financing,funding-adaptation
8872,no offsets,net zero
8873,no plan b,transition and transformation
8874,no rebar,material science
8875,no regrets adaptation,none
8876,no surface changes,material science
8877,no till planting,food-system
8878,no vibration placement,none
8879,no-carbon energy generation,renewable energy
8880,no-emission production,renewable energy
8881,no-regret measures,none
8882,no-regret strategies,none
8883,no-till,food-system
8884,non-carbon alternatives,energy efficiency
8885,non-carbon transport,clean transportation
8886,non-co2 emissions,emission reduction
8887,non-co2 reductions,emission reduction
8888,non-co2 reductions by 2035,emission reduction
8889,non-concrete built environment,infrastructure
8890,non-ecological farms,food-system
8891,non-essential reductions,degrowth
8892,non-expert voice,knowledge-driven
8893,non-fossil energy,reduce fossil-fuel
8894,non-fossil fuel,reduce fossil-fuel
8895,non-governmental organizations,decentralisation
8896,non-growth business model,degrowth
8897,non-linear,none
8898,non-linear dynamics,none
8899,non-porous concrete,material science
8900,non-renewable dependence,renewable energy
8901,non-structural measures,none
8902,non-structural strategies,none
8903,nontoxic materials,material science
8904,nonviolent civil disobedience,socio-political approaches
8905,nonviolent transition,transition and transformation
8906,nordic building stock,urban planning
8907,nordic construction,urban planning
8908,normalizing adaptation,none
8909,north american ecosystem,biodiversity
8910,north pacific,water management
8911,northern hemisphere net zero,renewable energy
8912,northern latitudes,vulnerable population centric
8913,north–south inequality,vulnerable population centric
8914,norway,none
8915,norway model,none
8916,not afterthought,risk-based approach
8917,novel materials,material science
8918,nowcasting,none
8919,nrdc report,decarbonisation
8920,nrel,decarbonisation
8921,nrm tools,decarbonisation
8922,nuance in mitigation,risk-based approach
8923,nuclear + hybrid renewables,nuclear
8924,nuclear alternative,nuclear
8925,nuclear as renewable,nuclear
8926,nuclear competitiveness,nuclear
8927,nuclear consensus,nuclear
8928,nuclear conversion,nuclear
8929,nuclear criticism,nuclear
8930,nuclear expansion,nuclear
8931,nuclear plants,nuclear
8932,nuclear power expansion,nuclear
8933,nuclear power plants,nuclear
8934,nuclear-powered modular factory,nuclear
8935,numerical index,none
8936,nutrient availability,food-system
8937,nutrient cycling,decarbonisation
8938,observational data,knowledge-driven
8939,observe and interact,managerial practices
8940,occupancy planning,managerial practices
8941,ocean alkalinity enhancement,decarbonisation
8942,ocean and cryosphere,biodiversity
8943,ocean biofuels,bio-fuel
8944,ocean carbon absorption,decarbonisation
8945,ocean carbon sequestration,decarbonisation
8946,ocean carbon storage,decarbonisation
8947,ocean carbon uptake,decarbonisation
8948,ocean cementation,decarbonisation
8949,ocean co2 sequestration,decarbonisation
8950,ocean disposal,decarbonisation
8951,ocean fertilization,decarbonisation
8952,ocean floor storage,decarbonisation
8953,ocean heat storage,decarbonisation
8954,ocean renewable expansion,renewable energy
8955,ocean sequestration,decarbonisation
8956,ocean sink,decarbonisation
8957,ocean thermal capacity,decarbonisation
8958,ocean thermal energy conversion,decarbonisation
8959,ocean thermal inertia,decarbonisation
8960,ocean warming,temperature-centric
8961,ocean-based concrete,material science
8962,ocean-based removal,decarbonisation
8963,ocean-fueled evaporators,decarbonisation
8964,oceanic seawalls,coast-protection and flood
8965,oceans,biodiversity
8966,oceans role,biodiversity
8967,off the grid,degrowth
8968,off-grid communities,degrowth
8969,off-grid energy,degrowth
8970,off-grid habitats,degrowth
8971,off-grid home,degrowth
8972,off-grid homestead,degrowth
8973,off-grid housing,degrowth
8974,off-grid lifestyle,degrowth
8975,off-grid refrigeration,renewable energy
8976,off-grid renewable energy,renewable energy
8977,offset 75% energy usage,degrowth
8978,offset carbon footprint,individual action
8979,offset deforestation,forest-centric
8980,offsetting emissions,emission reduction
8981,offshore dumping,decarbonisation
8982,offshore turbines,renewable energy
8983,offshore wind,renewable energy
8984,offshore wind capacity,renewable energy
8985,off‑grid,degrowth
8986,oil and gas industry,reduce fossil-fuel
8987,olivine,material science
8988,olivine injection,material science
8989,on-site crushing,technology
8990,on-site energy storage,renewable energy
8991,on-site farming,food-system
8992,on-site manufacturing,technology
8993,on-site production,technology
8994,on-site renewables,renewable energy
8995,on-site storage,none
8996,one barrel per person,reduce fossil-fuel
8997,one-time transition,transition and transformation
8998,ongoing climate risk assessment,risk-based approach
8999,ongoing development policies,governance
9000,ongoing monitoring,managerial practices
9001,onshore turbines,renewable energy
9002,onshore wind,renewable energy
9003,onshore wind farms,renewable energy
9004,onsite renewable energy,renewable energy
9005,open access policy,governance
9006,open borders,socio-political approaches
9007,open communication,none
9008,open food hackathon,food-system
9009,open hardware,technology
9010,open source principles,technology
9011,open transparency,none
9012,open‑source technologies,technology
9013,operational energy cost,energy efficiency
9014,operational flexibility,none
9015,opportunities,none
9016,opportunity from disasters,risk-based approach
9017,opportunity mindset,none
9018,opt,decarbonisation
9019,optimal adaptation level,managerial practices
9020,optimal human population,degrowth
9021,optimizations,technology
9022,optimize building energy,energy efficiency
9023,optimize cycles,technology
9024,optimize energy storage,electrification
9025,optimize forest management,forest-centric
9026,optimize forests,forest-centric
9027,optimize insulation,material science
9028,optimize mix design,design
9029,optimize mix designs,design
9030,optimize processes,technology
9031,optimize production,technology
9032,optimize soil,nature management
9033,optimize urban infrastructure,infrastructure
9034,optimized concrete mix,material science
9035,optimized curing,material science
9036,optimized grids,smart-grid
9037,optimized mix design,material science
9038,optimized mix designs,design
9039,optimized structural design,urban planning
9040,optimized urban planning,urban planning
9041,optimizing resiliency,risk-based approach
9042,orbital solar panels,renewable energy
9043,organic amendments,nature management
9044,organic local food,food-system
9045,organisational emissions responsibility,emission reduction
9046,organizational responsibilities,none
9047,organizations,none
9048,organize teams,none
9049,organizing economic production,alternative economic system
9050,organizing lives,none
9051,otec,decarbonisation
9052,outcomes,managerial practices
9053,overcome intermittency,none
9054,overcoming political obstacles,socio-political approaches
9055,overestimation risk,risk-based approach
9056,overexploitation,socio-political approaches
9057,overland flooding,coast-protection and flood
9058,overwhelming reports,none
9059,own a home,none
9060,owner-operated organizations,industry-centric
9061,oxyacid,decarbonisation
9062,oxygen combustion,reduce fossil-fuel
9063,oyster reef seawalls,coast-protection and flood
9064,oyster reefs,nature management
9065,ozone,decarbonisation
9066,paris accord,global collaboration
9067,paris accord enforcement,global collaboration
9068,paris accord targets,global collaboration
9069,paris agreement adoption,global collaboration
9070,paris agreement alignment,global collaboration
9071,paris agreement ambitions,global collaboration
9072,paris agreement guardrails,global collaboration
9073,paris agreement participants,global collaboration
9074,paris agreement-style,global collaboration
9075,paris alignment,global collaboration
9076,park creation,taxation
9077,parking cash-out,taxation
9078,parking conversion,taxation
9079,parks,urban planning
9080,parliamentarians,socio-political approaches
9081,partial replacement,none
9082,partial substitution,none
9083,participatory approaches,community-centric
9084,participatory budgeting,community-centric
9085,participatory decision-making,community-centric
9086,participatory democracy,socio-political approaches
9087,participatory democratic processes,socio-political approaches
9088,participatory design,community-centric
9089,participatory disaster management,managerial practices
9090,participatory governance,governance
9091,participatory help,community-centric
9092,participatory mapping,community-centric
9093,participatory planning,community-centric
9094,participatory r&d,technology
9095,participatory risk methods,risk-based approach
9096,participatory urban planning,urban planning
9097,particle movement,material science
9098,partner rural communities,decentralisation
9099,pass carbon tax,taxation
9100,passive approaches,none
9101,passive building shell,material science
9102,passive building techniques,material science
9103,passive buildings,material science
9104,passive climate control,material science
9105,passive design,design
9106,passive design principles,design
9107,passive energy,material science
9108,passive heating and cooling,material science
9109,passive house concrete,material science
9110,passive houses,material science
9111,passive infrastructure,infrastructure
9112,passive measures,managerial practices
9113,passive migration,managerial practices
9114,passive solar design,material science
9115,passive solar storage,material science
9116,passive solar-insulated,material science
9117,passive strategies,none
9118,passive systems,design
9119,passive thermal mass construction,material science
9120,pathway algorithm,technology
9121,pathway evaluation,managerial practices
9122,pathway levels,managerial practices
9123,pathways to net-zero,net zero
9124,pave project,material science
9125,pay for carbon removal,decarbonisation
9126,pay for sequestration,decarbonisation
9127,pay polluters,taxation
9128,pay to conserve forests,forest-centric
9129,payback period,cost-benefit driven
9130,payment mechanisms,industry-centric
9131,peaceful revolutionary movement,socio-political approaches
9132,peak emissions by 2025,emission reduction
9133,peak fossil fuels,reduce fossil-fuel
9134,peak oil,reduce fossil-fuel
9135,peak soil,nature management
9136,peatland conservation,nature management
9137,peatlands,nature management
9138,peer reviewed evidence,knowledge-driven
9139,peer-to-peer social interaction,socio-political approaches
9140,penalize climate deniers,taxation
9141,penalizes polluters,taxation
9142,people places,none
9143,people-centered approach,community-centric
9144,people-centered design,community-centric
9145,people-centered infrastructure,infrastructure
9146,people-centered leadership,community-centric
9147,people-centered planning,community-centric
9148,people-centered production,community-centric
9149,people-first governance,governance
9150,people-nature integration,human-nature equilibrium
9151,per capita electricity,electrification
9152,per capita fossil limit,reduce fossil-fuel
9153,per capita gdp target,degrowth
9154,per-capita emissions,emission reduction
9155,perceived inaction,managerial practices
9156,perception of development,managerial practices
9157,percolating concrete,material science
9158,percolation,material science
9159,perennial forage grasses,forest-centric
9160,perennial rootzones,forest-centric
9161,perennials,none
9162,performance based design,design
9163,performance indicators,managerial practices
9164,performance measurement,managerial practices
9165,performance standards,managerial practices
9166,peri-urban,urban planning
9167,peri-urban agriculture,food-system
9168,permaculture clusters,food-system
9169,permaculture design,food-system
9170,permaculture examples,food-system
9171,permaculture experience,food-system
9172,permaculture gardens,food-system
9173,permaculture grazing,food-system
9174,permafrost conversion,temperature-centric
9175,permafrost research,temperature-centric
9176,permanent barrier,nature management
9177,permanent climate fund,funding-adaptation
9178,permanent funding source,funding-adaptation
9179,permanent mineral storage,decarbonisation
9180,permanently store co2,decarbonisation
9181,permeability,material science
9182,permeable breathable concrete,material science
9183,permeable concrete,material science
9184,permeable concrete pathways,material science
9185,permeable concrete pavements,material science
9186,permeable concrete pavers,material science
9187,permeable elements,material science
9188,permeable finish,material science
9189,permeable hardscapes,material science
9190,permeable pathway,material science
9191,permeable pavement,material science
9192,permeable pavers,material science
9193,permeable porous concrete,material science
9194,permeable reinforced concrete,material science
9195,permeable urban designs,material science
9196,permeable urban spaces,material science
9197,permeable urban structures,material science
9198,permeable urban surfaces,material science
9199,permeable wall,material science
9200,perovskite panels,renewable energy
9201,perpetual carbon sink,decarbonisation
9202,perpetual loop,managerial practices
9203,persistent changes,none
9204,personal actions,managerial practices
9205,personal and societal levels,individual action
9206,personal carbon emissions,individual action
9207,personal carbon footprints,individual action
9208,personal carbon tax,taxation
9209,personal emission reduction,emission reduction
9210,personal freedom,individual action
9211,personal impact,risk-based approach
9212,personal limit,individual action
9213,personal preparedness,risk-based approach
9214,personal resilience,individual action
9215,personal rights,none
9216,perspective taking,none
9217,pervious concrete,material science
9218,pervious pavers,material science
9219,pervious paving,material science
9220,pessimism,none
9221,phase 1 immediate action,managerial practices
9222,phase by 2050,emission reduction
9223,phase change materials,material science
9224,phase down carbon,reduce fossil-fuel
9225,phase down emissions,reduce fossil-fuel
9226,phase down fossil fuel subsidies,reduce fossil-fuel
9227,phase implementation,managerial practices
9228,phase out all fossil fuels,reduce fossil-fuel
9229,phase out by 2050,reduce fossil-fuel
9230,phase out cars,reduce fossil-fuel
9231,phase out cement,material science
9232,phase out coal,reduce fossil-fuel
9233,phase out coal oil gas,reduce fossil-fuel
9234,phase out existing fossil fuel power,reduce fossil-fuel
9235,phase out extraction,reduce fossil-fuel
9236,phase out fossil fuel dependency,reduce fossil-fuel
9237,phase out fossil fuel dependency by 2050,reduce fossil-fuel
9238,phase out fossil fuel extraction,reduce fossil-fuel
9239,phase out fossil fuel infrastructure,reduce fossil-fuel
9240,phase out fossil fuel production,reduce fossil-fuel
9241,phase out fossil fuel use,reduce fossil-fuel
9242,phase out fossil fuel use globally,reduce fossil-fuel
9243,phase out fossil fuels by 2030,reduce fossil-fuel
9244,phase out fossil fuels by 2050,reduce fossil-fuel
9245,phase out fossil fuels globally by 2050,reduce fossil-fuel
9246,phase out fossil heating,reduce fossil-fuel
9247,phase out fossil use,reduce fossil-fuel
9248,phase out gasoline,reduce fossil-fuel
9249,phase out internal combustion,reduce fossil-fuel
9250,phase out nuclear energy,reduce fossil-fuel
9251,phase out subsidies,reduce fossil-fuel
9252,phase-change materials,material science
9253,phase-down fossil fuel extraction,reduce fossil-fuel
9254,phase-down fossil fuels,reduce fossil-fuel
9255,phase-down industrial animal agriculture,food-system
9256,phase-in framework,managerial practices
9257,phase-in renewables,renewable energy
9258,phase-out by 2050,reduce fossil-fuel
9259,phase-out fossil fuel,reduce fossil-fuel
9260,phase-out fossil fuel extraction,reduce fossil-fuel
9261,phase-out fossil fuel infrastructure,reduce fossil-fuel
9262,phase-out fossil fuel production,reduce fossil-fuel
9263,phase-out fossil fuel subsidies by 2040,reduce fossil-fuel
9264,phase-out fossil fuels,reduce fossil-fuel
9265,phase-out hfcs,reduce fossil-fuel
9266,phase-out of fossil fuel extraction,reduce fossil-fuel
9267,phase-out of fossil fuel subsidies,reduce fossil-fuel
9268,phase-out of fossil fuels,reduce fossil-fuel
9269,phase-out of subsidies,reduce fossil-fuel
9270,phase-out subsidies,reduce fossil-fuel
9271,phased and iterative,managerial practices
9272,phased approach,managerial practices
9273,phased building,infrastructure
9274,phased plan,managerial practices
9275,phased reduction,managerial practices
9276,phased strategy,managerial practices
9277,phasedown of fossil fuels,reduce fossil-fuel
9278,phaseing out fossil fuels,reduce fossil-fuel
9279,phasing out fossil fuel,reduce fossil-fuel
9280,phasing out fossil fuel use,reduce fossil-fuel
9281,phasing out fossil fuels,reduce fossil-fuel
9282,phasing out subsidies,reduce fossil-fuel
9283,philanthropic funding,funding-adaptation
9284,photosynthesis biomass,bio-fuel
9285,photosynthesis-based sequestration,decarbonisation
9286,photosynthetic growth,material science
9287,photosynthetic microbial networks,material science
9288,photosynthetic sequestration,decarbonisation
9289,photovoltaic,renewable energy
9290,photovoltaic buildings,renewable energy
9291,photovoltaic cells,renewable energy
9292,photovoltaic farms,renewable energy
9293,photovoltaic grass roofs,renewable energy
9294,photovoltaics,renewable energy
9295,physical adaptations,managerial practices
9296,physical asset approach,none
9297,physical capital,alternative economic system
9298,physical effects,risk-based approach
9299,physical infrastructure,infrastructure
9300,physical non-physical assets,none
9301,physical processes,none
9302,physical protection,none
9303,phytoplankton,bio-fuel
9304,phytoplankton growth,bio-fuel
9305,pillars of resilience,risk-based approach
9306,pilot actions,managerial practices
9307,pilot implementation,none
9308,pioneering technologies,technology
9309,pipeline infrastructure,infrastructure
9310,pipeline injection,technology
9311,pipeline protests,reduce fossil-fuel
9312,place-based adaptation,decentralisation
9313,place-based approaches,decentralisation
9314,place-based pathways,decentralisation
9315,place-based planning,decentralisation
9316,place-based resilience,risk-based approach
9317,place-based solutions,decentralisation
9318,places of refuge,none
9319,plain language action,none
9320,plan adaptation,managerial practices
9321,plan adaptation now,managerial practices
9322,plan effects,managerial practices
9323,plan for many futures,risk-based approach
9324,plan for multiple futures,risk-based approach
9325,plan for second,managerial practices
9326,plan for the future,managerial practices
9327,plan worst-case,managerial practices
9328,planet investment,funding-adaptation
9329,planet protection,none
9330,planetary balance,none
9331,planetary boundaries,none
9332,planetary computing,technology
9333,planetary ecology,none
9334,planetary emergency,none
9335,planetary engineering,technology
9336,planetary protected area,biodiversity
9337,planetary resilience,none
9338,planetary respiration,none
9339,planetary scale,global collaboration
9340,planetary wealth,biodiversity
9341,planetary-scale solutions,global collaboration
9342,plankton reproduction,bio-fuel
9343,planned economic evolution,alternative economic system
9344,planned managed transition,managerial practices
9345,planned obsolescence,reduce fossil-fuel
9346,planned retreat,managerial practices
9347,planned retreat strategy,vulnerable population centric
9348,planning,managerial practices
9349,planning at all levels,managerial practices
9350,planning models,climate models
9351,planning process,managerial practices
9352,planning regulation,managerial practices
9353,plant 1 trillion trees,forest-centric
9354,plant a tree,forest-centric
9355,plant based meat,food-system
9356,plant carbon sink,decarbonisation
9357,plant fast-growing trees,forest-centric
9358,plant fruit trees,forest-centric
9359,plant mangroves,forest-centric
9360,plant native plants,forest-centric
9361,plant one billion trees,forest-centric
9362,plant proteins,food-system
9363,plant trees initiative,forest-centric
9364,plant-based alternatives,food-system
9365,plant-based co2 extraction,decarbonisation
9366,plant-based coating,food-system
9367,plant-based eating,food-system
9368,plant-based economy,food-system
9369,plant-based food system,food-system
9370,plant-based lifestyle,food-system
9371,plant-based materials,food-system
9372,plant-based meals,food-system
9373,plant-based renewable fuel,bio-fuel
9374,plant-enhanced concrete,material science
9375,plant-rich agriculture,food-system
9376,plant-rich diet,food-system
9377,planting carbon,decarbonisation
9378,planting forest,forest-centric
9379,planting mangrove forests,forest-centric
9380,planting mangroves,forest-centric
9381,plants,forest-centric
9382,plants absorb carbon,decarbonisation
9383,plastic building materials,material science
9384,plastic program,recycling
9385,plywood bushing,urban planning
9386,podcast,none
9387,point sources,none
9388,polarized debate,socio-political approaches
9389,policies,governance
9390,policies and incentives,taxation
9391,policies based on science,knowledge-driven
9392,policies for low-carbon economy,energy efficiency
9393,policies phase out fossil fuels,reduce fossil-fuel
9394,policies to regulate carbon emissions,governance
9395,policy,governance
9396,policy action,governance
9397,policy adjustments,governance
9398,policy adoption,governance
9399,policy advocacy,governance
9400,policy alternatives,governance
9401,policy analysts,governance
9402,policy and behavior,governance
9403,policy and cooperation,governance
9404,policy and education,governance
9405,policy and institutional reform,governance
9406,policy and technological innovations,technology
9407,policy and technology innovation,technology
9408,policy assumptions,governance
9409,policy brief,governance
9410,policy communication,governance
9411,policy constraint,governance
9412,policy debates,governance
9413,policy delivery,governance
9414,policy drivers,governance
9415,policy enactment,governance
9416,policy enforcement,governance
9417,policy feedbacks,governance
9418,policy framework,governance
9419,policy incentives,taxation
9420,policy influence,socio-political approaches
9421,policy instruments,governance
9422,policy interaction,governance
9423,policy interventions,governance
9424,policy investment,governance
9425,policy makers,governance
9426,policy mandates,governance
9427,policy measures,governance
9428,policy options,governance
9429,policy phase-out,reduce fossil-fuel
9430,policy planning,governance
9431,policy promotion,governance
9432,policy recommendation,governance
9433,policy recommendations,governance
9434,policy reform,governance
9435,policy reforms,governance
9436,policy requirements,governance
9437,policy selection,governance
9438,policy strengthening,governance
9439,policy target,governance
9440,policy technology practice,governance
9441,policy testing,governance
9442,policy uptake,governance
9443,policy urgency,governance
9444,policy-driven,governance
9445,policy-driven reductions,governance
9446,policy-making,governance
9447,political accountability,socio-political approaches
9448,political choices,socio-political approaches
9449,political commitment,socio-political approaches
9450,political courage,socio-political approaches
9451,political distance,socio-political approaches
9452,political hesitation,socio-political approaches
9453,political inaction,socio-political approaches
9454,political influence,socio-political approaches
9455,political institutions,socio-political approaches
9456,political leadership,socio-political approaches
9457,political leverage,socio-political approaches
9458,political lobbying,socio-political approaches
9459,political messaging,socio-political approaches
9460,political mobilization,socio-political approaches
9461,political networks,socio-political approaches
9462,political nimbleness,socio-political approaches
9463,political organization,socio-political approaches
9464,political re-orientation,socio-political approaches
9465,political representation,socio-political approaches
9466,political response,socio-political approaches
9467,political solutions,socio-political approaches
9468,political support for sustainability,sustainability
9469,political system change,socio-political approaches
9470,political systems limitations,socio-political approaches
9471,political-economy,socio-political approaches
9472,politicized adaptation,socio-political approaches
9473,pollination,biodiversity
9474,pollinator conservation,biodiversity
9475,pollutant filtration,material science
9476,pollutant neutralization,material science
9477,polluter tax,taxation
9478,polluting industries,industry-centric
9479,pollution limits,emission reduction
9480,pollution public health,emission reduction
9481,polycentric structure,decentralisation
9482,polyethylene,material science
9483,polymer reinforcement,material science
9484,polymer-modified concrete,material science
9485,polymers for sequestration,decarbonisation
9486,polypropylene sealing,material science
9487,ponds,nature management
9488,pontoons,urban planning
9489,poor housing policy,vulnerable population centric
9490,population 2050,emission reduction
9491,population cap,degrowth
9492,population example,degrowth
9493,population growth control,degrowth
9494,population growth impacts,degrowth
9495,population growth policy,degrowth
9496,population near coast,coast-protection and flood
9497,population principles,socio-political approaches
9498,population risk,risk-based approach
9499,population-aware policy,degrowth
9500,pore analysis,material science
9501,porous breakwater,water management
9502,porous concrete pavement,material science
9503,porous finish,material science
9504,porous material,material science
9505,porous nonflammable concrete,material science
9506,porous pavers,material science
9507,porous pore structure,material science
9508,portfolio adjustment,industry-centric
9509,portfolio of policies,governance
9510,portland cement emissions,material science
9511,portland cement replacement,material science
9512,portugal,none
9513,positive adaptive behaviour,individual action
9514,positive carbon balance,renewable energy
9515,positive energy balance,renewable energy
9516,positive feedback cycle,managerial practices
9517,positive feedback loop,managerial practices
9518,positive feedback loops,managerial practices
9519,positive incentives,taxation
9520,post-carbon,energy efficiency
9521,post-carbon technologies,decarbonisation
9522,post-carbon urban economy,energy efficiency
9523,post-disaster mobilization,infrastructure
9524,post-disaster rebuilding,infrastructure
9525,post-fossil society,reduce fossil-fuel
9526,post-growth economy,degrowth
9527,post-growth society,degrowth
9528,post-hurricane sandy,extreme events
9529,post-meat transition,individual action
9530,post-processing carbon mineralization,material science
9531,post-scarcity regenerative economy,circular-economy
9532,potential benefits and drawbacks,none
9533,pour execution,managerial practices
9534,poured concrete slabs,material science
9535,pouring concrete ocean,material science
9536,poverty challenge,vulnerable population centric
9537,power density,electrification
9538,power electricity grids,renewable energy
9539,power factories,renewable energy
9540,power generation,electrification
9541,power grids,smart-grid
9542,power of nature,human-nature equilibrium
9543,power plant ccs,renewable energy
9544,power relationships,socio-political approaches
9545,power sector deployment,renewable energy
9546,power to hydrogen,bio-fuel
9547,power without fossil fuels,reduce fossil-fuel
9548,power-to-x,electrification
9549,pozzolans,material science
9550,practicable infrastructure,infrastructure
9551,practicable practical,none
9552,practical approach,none
9553,practical climate engineering,material science
9554,practical solution,none
9555,pragmatic adaptation,managerial practices
9556,precast concrete,material science
9557,precast elements,material science
9558,precast piles,material science
9559,precasting,material science
9560,precautionary approach,risk-based approach
9561,precautionary lifestyles,sustainability
9562,precautionary principle,risk-based approach
9563,precipitation trends,extreme events
9564,precipitation variability,extreme events
9565,precision agriculture,food-system
9566,predict and prepare,risk-based approach
9567,predict future climatic events,climate models
9568,predictive climate modeling,climate models
9569,prefabricated concrete house,infrastructure
9570,prefabricated modular,infrastructure
9571,prefabricated modular units,infrastructure
9572,prefabricated units,infrastructure
9573,preparatory phase,managerial practices
9574,prepare extreme weather,extreme events
9575,prepare food,food-system
9576,prepare for climate,managerial practices
9577,prepare for impacts,risk-based approach
9578,prepare for observed impacts,risk-based approach
9579,prepare for predicted change,none
9580,prepare societies,socio-political approaches
9581,prepare to migrate,none
9582,prepare tools,technology
9583,preparedness and prevention,risk-based approach
9584,present-day decisions,none
9585,preservation,nature management
9586,preservation and restoration,biodiversity
9587,preservation of ecosystems,biodiversity
9588,preserve biodiversity,biodiversity
9589,preserve crop diversity,food-system
9590,preserve groundwater,water management
9591,preserve natural carbon sinks,decarbonisation
9592,preserve natural systems,biodiversity
9593,preserved food,nature management
9594,preserving,nature management
9595,preserving biodiversity,biodiversity
9596,preserving ecosystems,biodiversity
9597,preserving mangroves,forest-centric
9598,preserving natural carbon sinks,decarbonisation
9599,preserving natural ecosystems,biodiversity
9600,presidential leadership,socio-political approaches
9601,prevent and manage,risk-based approach
9602,prevent burning,reduce fossil-fuel
9603,prevent co2 emissions,decarbonisation
9604,prevent combustion,reduce fossil-fuel
9605,prevent damage,risk-based approach
9606,prevent damages,risk-based approach
9607,prevent ecosystem collapse,biodiversity
9608,prevent emissions,emission reduction
9609,prevent erosion,nature management
9610,prevent flooding,coast-protection and flood
9611,prevent global warming,temperature-centric
9612,prevent infrastructure failure,urban planning
9613,prevent landslides,nature management
9614,prevent losses,risk-based approach
9615,prevent ocean plastics,recycling
9616,prevent symptoms,risk-based approach
9617,prevent water damage,water management
9618,preventative adaptation,none
9619,preventative measures,risk-based approach
9620,preventing change,risk-based approach
9621,preventing deforestation,forest-centric
9622,prevention,risk-based approach
9623,prevention investment,risk-based approach
9624,preventive approach,risk-based approach
9625,price carbon,taxation
9626,price floor,taxation
9627,price incentives,taxation
9628,price of abatement,taxation
9629,price signal,taxation
9630,price signals,taxation
9631,pricing,taxation
9632,pricing carbon,taxation
9633,pricing climate risk,cost-benefit driven
9634,pride and power,socio-political approaches
9635,primary sectors,industry-centric
9636,prioritization,managerial practices
9637,prioritize communities of color,vulnerable population centric
9638,prioritize effective solutions,managerial practices
9639,prioritize happiness,managerial practices
9640,prioritize interventions,managerial practices
9641,prioritize public transport,clean transportation
9642,prioritize resilience,risk-based approach
9643,prioritize systems,managerial practices
9644,prioritize vulnerable,vulnerable population centric
9645,prioritize vulnerable communities,vulnerable population centric
9646,prioritized measures,managerial practices
9647,prioritizing,managerial practices
9648,prioritizing adaptation,managerial practices
9649,prioritizing adaptation measures,managerial practices
9650,prioritizing measures,managerial practices
9651,prioritizing options,managerial practices
9652,prioritizing risks,risk-based approach
9653,prioritizing vulnerable populations,vulnerable population centric
9654,priority areas,none
9655,private enterprise action,industry-centric
9656,private investment,funding-adaptation
9657,private investment incentives,taxation
9658,private investments,funding-adaptation
9659,private ownership,alternative economic system
9660,private property rights,none
9661,private sector adaptation,industry-centric
9662,private sector collaboration,knowledge-driven
9663,private sector finance,funding-adaptation
9664,private sector innovation,industry-centric
9665,private sector investment,funding-adaptation
9666,private service provision,none
9667,private-sector participation,industry-centric
9668,privatization,alternative economic system
9669,proactive actions,none
9670,proactive approach,none
9671,proactive implementation,none
9672,proactive intervention,none
9673,proactive investments,funding-adaptation
9674,proactive measures,none
9675,probability of death,risk-based approach
9676,problem definition,none
9677,process inefficiency,energy efficiency
9678,process not event,technology
9679,process steps,managerial practices
9680,processes,none
9681,produce valuable chemicals,material science
9682,product-as-a-service,industry-centric
9683,product-focused approach,industry-centric
9684,production distribution,taxation
9685,production emissions,emission reduction
9686,production impacts,risk-based approach
9687,production phase-out,reduce fossil-fuel
9688,productivity gains,energy efficiency
9689,productivity increase,energy efficiency
9690,professionals training,knowledge-driven
9691,profound mindset change,individual action
9692,progress indicators,managerial practices
9693,progress metrics,managerial practices
9694,progress scorecard,managerial practices
9695,progressive dividend,taxation
9696,progressive increase,taxation
9697,progressive price,taxation
9698,progressively increased,taxation
9699,progressively increasing cost,taxation
9700,progressively increasing fee,taxation
9701,progressively increasing price,taxation
9702,progressively priced,taxation
9703,progressively ratcheted,taxation
9704,progressively rising fee,taxation
9705,prohibit dirty extraction,reduce fossil-fuel
9706,prohibit fossil fuel subsidies,reduce fossil-fuel
9707,prohibit nuclear power,nuclear
9708,prohibition over rationing,degrowth
9709,project approval,none
9710,project budget,industry-centric
9711,project drawdown,none
9712,project feasibility,none
9713,project feedback,none
9714,project mix,none
9715,project owner costs,cost-benefit driven
9716,project-based adaptation,none
9717,projected climate changes,climate models
9718,projected climate hazards,climate models
9719,projected climate impacts,climate models
9720,projected flood levels,coast-protection and flood
9721,promising mitigation areas,risk-based approach
9722,promote bicycles,clean transportation
9723,promote biodiversity,biodiversity
9724,promote climate justice,vulnerable population centric
9725,promote climate resilience,none
9726,promote energy efficiency,energy efficiency
9727,promote growth,degrowth
9728,promote public transport,clean transportation
9729,promote renewables,renewable energy
9730,promote solar energy,renewable energy
9731,promoting biodiversity,biodiversity
9732,promoting climate information,knowledge-driven
9733,property rights,none
9734,prosperity and fairness,vulnerable population centric
9735,prosperous economy,alternative economic system
9736,protect 30% ecosystems,biodiversity
9737,protect 30% land,human-nature equilibrium
9738,protect 30% oceans,biodiversity
9739,protect against deforestation,forest-centric
9740,protect and reforest,forest-centric
9741,protect and reforestation,forest-centric
9742,protect and reforestation efforts,forest-centric
9743,protect and restore,biodiversity
9744,protect and restore carbon sinks,decarbonisation
9745,protect and restore ecosystems,biodiversity
9746,protect and restore forests,forest-centric
9747,protect at-risk communities,vulnerable population centric
9748,protect biodiversity,biodiversity
9749,protect biosphere,biodiversity
9750,protect carbon,decarbonisation
9751,protect carbon cycle,decarbonisation
9752,protect carbon sinks,decarbonisation
9753,protect coastal communities,coast-protection and flood
9754,protect coastlines,coast-protection and flood
9755,protect coasts,coast-protection and flood
9756,protect communities,vulnerable population centric
9757,protect environmental commons,biodiversity
9758,protect existing land,human-nature equilibrium
9759,protect fertile earth,nature management
9760,protect from air pollution,nature management
9761,protect from climate,none
9762,protect future interests,risk-based approach
9763,protect habitats,biodiversity
9764,protect human health,human-nature equilibrium
9765,protect infrastructure,infrastructure
9766,protect livelihoods,decentralisation
9767,protect marine life,human-nature equilibrium
9768,protect natural barriers,nature management
9769,protect natural carbon sinks,decarbonisation
9770,protect natural ecosystems,biodiversity
9771,protect natural sinks,decarbonisation
9772,protect natural systems,biodiversity
9773,protect ourselves,human-nature equilibrium
9774,protect people,human-nature equilibrium
9775,protect people property,human-nature equilibrium
9776,protect primary forests,forest-centric
9777,protect projects,none
9778,protect reforestation,forest-centric
9779,protect reforestation efforts,forest-centric
9780,protect restore ecosystems,biodiversity
9781,protect restore land,nature management
9782,protect strategic assets,cost-benefit driven
9783,protect the environment,biodiversity
9784,protect the planet,biodiversity
9785,protect vulnerable communities,vulnerable population centric
9786,protect vulnerable populations,vulnerable population centric
9787,protect water sources,water management
9788,protected areas,none
9789,protected land,human-nature equilibrium
9790,protected levees,coast-protection and flood
9791,protecting,none
9792,protecting against sea-level rise,coast-protection and flood
9793,protecting against storm surges,water management
9794,protecting and reforestation,forest-centric
9795,protecting and reforesting,forest-centric
9796,protecting communities,vulnerable population centric
9797,protecting ecosystems,biodiversity
9798,protecting efforts,vulnerable population centric
9799,protecting forests,forest-centric
9800,protecting mangroves,forest-centric
9801,protecting natural carbon sinks,decarbonisation
9802,protecting natural ecosystems,biodiversity
9803,protecting natural habitats,biodiversity
9804,protecting natural sinks,decarbonisation
9805,protecting reforestation,forest-centric
9806,protecting sinks,decarbonisation
9807,protecting the ocean,human-nature equilibrium
9808,protecting wetlands,nature management
9809,protection,none
9810,protection against extreme weather,extreme events
9811,protection against flooding,coast-protection and flood
9812,protection against floods,coast-protection and flood
9813,protection against sea-level rise,coast-protection and flood
9814,protection and reforestation,forest-centric
9815,protection efforts,none
9816,protection of carbon sinks,decarbonisation
9817,protection of natural carbon sinks,decarbonisation
9818,protection of nature,biodiversity
9819,protective actions,none
9820,protective infrastructure,infrastructure
9821,protective services,none
9822,protective wall,infrastructure
9823,proven fossil reserves,reduce fossil-fuel
9824,proven resilience,risk-based approach
9825,prudent resource use,technology
9826,pruning,forest-centric
9827,pruning trees,forest-centric
9828,psychological empowerment,individual action
9829,psychological therapy,individual action
9830,psychological well-being,individual action
9831,public administration,State-led
9832,public and private investments,funding-adaptation
9833,public and private sector,alternative economic system
9834,public confidence,socio-political approaches
9835,public debate,socio-political approaches
9836,public discourse,socio-political approaches
9837,public electric transport,electrification
9838,public funding,funding-adaptation
9839,public funds,funding-adaptation
9840,public green bonds,State-led
9841,public health consensus,socio-political approaches
9842,public health role,socio-political approaches
9843,public health threats,socio-political approaches
9844,public health urgency,socio-political approaches
9845,public housing,urban planning
9846,public housing reallocation,urban planning
9847,public interest scientists,knowledge-driven
9848,public interest services,socio-political approaches
9849,public investment,funding-adaptation
9850,public investment bank,funding-adaptation
9851,public investment dac,funding-adaptation
9852,public investments,funding-adaptation
9853,public lots,socio-political approaches
9854,public messaging,socio-political approaches
9855,public mobilization,socio-political approaches
9856,public narrative,socio-political approaches
9857,public opinion,socio-political approaches
9858,public organizations,State-led
9859,public parks,urban planning
9860,public participation,socio-political approaches
9861,public pension funds,funding-adaptation
9862,public policy support,governance
9863,public presentations,socio-political approaches
9864,public private civil,socio-political approaches
9865,public private finance,funding-adaptation
9866,public sector funding,funding-adaptation
9867,public sector leadership,socio-political approaches
9868,public service resilience,socio-political approaches
9869,public space reclaim,urban planning
9870,public sphere,socio-political approaches
9871,public surface use,socio-political approaches
9872,public transport systems,clean transportation
9873,public understanding,socio-political approaches
9874,public use,socio-political approaches
9875,public utility,none
9876,public water access,water management
9877,public-centered m&e,State-led
9878,public-interest treaties,governance
9879,public-private collaboration,industry-centric
9880,public-private collaborations,industry-centric
9881,public-private commitment,industry-centric
9882,public-private cooperation,industry-centric
9883,public-private failure,industry-centric
9884,public-private investments,industry-centric
9885,public-private involvement,industry-centric
9886,public-private partnership,industry-centric
9887,publicly available,socio-political approaches
9888,publicly owned banks,funding-adaptation
9889,publicly-owned grid,smart-grid
9890,pump heat,technology
9891,pumped coastal defenses,coast-protection and flood
9892,pumped storage,electrification
9893,pv panels,renewable energy
9894,pyrolysis,technology
9895,quadruple policy response,governance
9896,quality education,knowledge-driven
9897,quantitative analysis,climate models
9898,quantitative guidance,climate models
9899,quantum grid,smart-grid
9900,quick return,cost-benefit driven
9901,quit fossil fuels,reduce fossil-fuel
9902,quitting meat,food-system
9903,r&d for decarbonisation,decarbonisation
9904,racial justice,vulnerable population centric
9905,radiant cooling,material science
9906,radiation-protective container,infrastructure
9907,radiative forcing policy,taxation
9908,radical approaches,transition and transformation
9909,radical decarbonization,decarbonisation
9910,radical decentralization,decentralisation
9911,radical electrification,electrification
9912,radical emission reduction,emission reduction
9913,radical grid,smart-grid
9914,radical innovation,material science
9915,radical lifestyle change,individual action
9916,radical renewable production,renewable energy
9917,radical social justice,socio-political approaches
9918,raft foundations,none
9919,rail transport,clean transportation
9920,rain barrels,water management
9921,rain enhancement,water management
9922,rain harvesting,water management
9923,raincoat™,water management
9924,rainfall design,water management
9925,rainwater,water management
9926,rainwater collection,water management
9927,rainwater filtration,water management
9928,rainwater harvesting rooftop,water management
9929,rainwater harvesting systems,water management
9930,rainwater infiltration,water management
9931,rainwater retention basin,water management
9932,rainwater use,water management
9933,raise emission costs,emission reduction
9934,raise global attention,global collaboration
9935,raise green awareness,knowledge-driven
9936,raise knowledge,knowledge-driven
9937,raise structural strength,technology
9938,raise urban areas,urban planning
9939,raised houses,urban planning
9940,rammed earth,technology
9941,ramp up renewable adoption,renewable energy
9942,ramp up renewable share,renewable energy
9943,ramp up solar and wind,renewable energy
9944,ramping fee,taxation
9945,range of uncertainty,risk-based approach
9946,rapid action,transition and transformation
9947,rapid changes,transition and transformation
9948,rapid clean energy transition,renewable energy
9949,rapid construction,none
9950,rapid decarbonisation,decarbonisation
9951,rapid decarbonization target,decarbonisation
9952,rapid disruption,transition and transformation
9953,rapid economy transformation,degrowth
9954,rapid emissions reduction,emission reduction
9955,rapid energy transition,transition and transformation
9956,rapid expansion,none
9957,rapid global decarbonization,decarbonisation
9958,rapid global transition,transition and transformation
9959,rapid localized vulnerability assessments,risk-based approach
9960,rapid phase-out,reduce fossil-fuel
9961,rapid practical adaptations,transition and transformation
9962,rapid production,technology
9963,rapid reduction,degrowth
9964,rapid reduction of emissions,emission reduction
9965,rapid reduction of greenhouse gas emissions,greenhouse
9966,rapid response,transition and transformation
9967,rapid response infrastructure,urban planning
9968,rapid scaling of renewable energy,renewable energy
9969,rapid solar deployment,renewable energy
9970,rapid technological innovation,technology
9971,rapid transition,transition and transformation
9972,rapid transition away fossil fuels,reduce fossil-fuel
9973,rapid transition to 100% renewable,renewable energy
9974,rapid transition to 100% renewable energy,renewable energy
9975,rapid transition to clean renewable energy,renewable energy
9976,rapid transition to renewable energy,renewable energy
9977,rapid transition to renewables,renewable energy
9978,rapid transitions,transition and transformation
9979,rapid vulnerability assessments,risk-based approach
9980,rapidly deploy,none
9981,rapidly escalating price,taxation
9982,rapidly reduce greenhouse gas emissions,emission reduction
9983,rapidly reducing fossil fuel usage,reduce fossil-fuel
9984,rapidly renewable materials,renewable energy
9985,rapidly transition to renewable energy,renewable energy
9986,rare earth imports,material science
9987,rare earths,material science
9988,rare minerals,material science
9989,ration carbon emissions,decarbonisation
9990,rational criteria,knowledge-driven
9991,rational decisions,knowledge-driven
9992,raw material availability,material science
9993,raw materials,material science
9994,rd&d,technology
9995,re-aim fossil fuel infrastructure,reduce fossil-fuel
9996,re-aligning risk,risk-based approach
9997,re-design economic systems,degrowth
9998,re-engineer atmosphere,infrastructure
9999,re-engineer economy to electrify,electrification
10000,re-engineering civilization,technology
10001,re-insulating homes,material science
10002,re-localize economy,decentralisation
10003,re-localize supply,decentralisation
10004,re-localized economies,decentralisation
10005,re-localizing generation,decentralisation
10006,re-organize societies,transition and transformation
10007,re-scale food production,food-system
10008,re-skilling programs,knowledge-driven
10009,re-wilding,biodiversity
10010,re-wilding land,biodiversity
10011,reach net-zero,renewable energy
10012,reactive adaptation,none
10013,reactive co2-absorbing materials,decarbonisation
10014,reactive magnesia,material science
10015,readiness,risk-based approach
10016,ready-mixed binders,material science
10017,ready-mixed concrete,material science
10018,real deployment,none
10019,real estate speculation,industry-centric
10020,real time,none
10021,real world challenges,none
10022,real-time climate data,climate models
10023,real-time climate information,climate models
10024,real-time data,climate models
10025,real-time data monitoring,climate models
10026,real-time detection,climate models
10027,real-time monitoring,climate models
10028,realistic climate policy,governance
10029,realistic climate targets,none
10030,realistic emission target,emission reduction
10031,realistic rapid transition,transition and transformation
10032,rebar or fibers,technology
10033,rebate relief,taxation
10034,rebate to taxpayers,taxation
10035,rebated dividend,taxation
10036,rebated revenues,taxation
10037,rebound effect,none
10038,rebound faster,none
10039,rebounding,none
10040,rebuild after disaster,infrastructure
10041,rebuild households,infrastructure
10042,rebuild soils,nature management
10043,recharge infrastructure,electrification
10044,reclaim renewable energy,renewable energy
10045,reconstructing landscapes,nature management
10046,reconstruction,infrastructure
10047,recover from disruptions,infrastructure
10048,recover heat,technology
10049,recovery costs,cost-benefit driven
10050,recursive learning,knowledge-driven
10051,recyclability,recycling
10052,recyclable buildings,recycling
10053,recycle,recycling
10054,recycle concrete,recycling
10055,recycle design for deconstruction,recycling
10056,recycled aggregate,recycling
10057,recycled aggregates,recycling
10058,recycled concrete aggregate,recycling
10059,recycled concrete aggregates,recycling
10060,recycled energy,recycling
10061,recycled foam blocks,recycling
10062,recycled glass,recycling
10063,recycled plastic aggregate,recycling
10064,recycled plastics,recycling
10065,recycled revenues,taxation
10066,recycled rubble,recycling
10067,recycled steel dust,recycling
10068,recycling and reuse,recycling
10069,recycling and reuse of concrete,recycling
10070,recycling and reusing concrete,recycling
10071,recycling energy costs,recycling
10072,recycling limitations,recycling
10073,recycling of concrete,recycling
10074,recycling programs,recycling
10075,recycling rates,recycling
10076,recycling reducing reusing,recycling
10077,recycling waste energy,recycling
10078,redesign adaptation,design
10079,redesign cities,urban planning
10080,redesign credit system,design
10081,redevelop built environment,renewable energy
10082,redevelop golf courses,none
10083,redirect fossil subsidies,reduce fossil-fuel
10084,redirect funding,taxation
10085,redirect funds,taxation
10086,redirect funds to renewable infrastructure,renewable energy
10087,redirect money,taxation
10088,redirect subsidies,reduce fossil-fuel
10089,redirecting investments,funding-adaptation
10090,redistribute proceeds,taxation
10091,redistribute rainfall,water management
10092,redistributing revenue,taxation
10093,reduce agricultural emissions,food-system
10094,reduce agricultural land,food-system
10095,reduce agriculture energy,food-system
10096,reduce and sequester carbon emissions,decarbonisation
10097,reduce animal product consumption,food-system
10098,reduce annual carbon emissions,emission reduction
10099,reduce aviation emissions,emission reduction
10100,reduce big energy emissions,emission reduction
10101,reduce black carbon,decarbonisation
10102,reduce capillarity,material science
10103,reduce capture energy,decarbonisation
10104,reduce car ownership,reduce fossil-fuel
10105,reduce car use,reduce fossil-fuel
10106,reduce carbon consumption,individual action
10107,reduce carbon dioxide,decarbonisation
10108,reduce carbon dioxide emissions,emission reduction
10109,reduce carbon emissions 45% by 2030,emission reduction
10110,reduce carbon footprints,individual action
10111,reduce carbon output,decarbonisation
10112,reduce cars,reduce fossil-fuel
10113,reduce cement consumption,material science
10114,reduce cement content,material science
10115,reduce cement production,material science
10116,reduce cement production emissions,material science
10117,reduce cement proportion,material science
10118,reduce cement-to-concrete ratio,material science
10119,reduce climate-related risks,risk-based approach
10120,reduce clinker content,material science
10121,reduce clinker-to-cement ratio,material science
10122,reduce co2 and methane 90%,emission reduction
10123,reduce co2 methane,emission reduction
10124,reduce co2 products,decarbonisation
10125,reduce coal emissions,reduce fossil-fuel
10126,reduce concrete impact 80-90%,material science
10127,reduce consumption and waste,degrowth
10128,reduce corporate power,socio-political approaches
10129,reduce costs,cost-benefit driven
10130,reduce demand,degrowth
10131,reduce dependence,risk-based approach
10132,reduce disaster risk,risk-based approach
10133,reduce economic damages,cost-benefit driven
10134,reduce economic losses,cost-benefit driven
10135,reduce ego-centrism,emission reduction
10136,reduce embodied energy,infrastructure
10137,reduce emissions 45%,emission reduction
10138,reduce emissions 45% by 2030,emission reduction
10139,reduce emissions 50% by 2030,emission reduction
10140,reduce emissions 6% annually,emission reduction
10141,reduce emissions 7%,emission reduction
10142,reduce emissions by half by 2030,emission reduction
10143,reduce emissions from cement,material science
10144,reduce emissions from energy,emission reduction
10145,reduce emissions growth,emission reduction
10146,reduce energy sink,degrowth
10147,reduce environmental effects,risk-based approach
10148,reduce external energy,degrowth
10149,reduce extraction,reduce fossil-fuel
10150,reduce fertilizer consumption,emission reduction
10151,reduce flood risk,coast-protection and flood
10152,reduce flood risks,coast-protection and flood
10153,reduce flooding,coast-protection and flood
10154,reduce food transport,clean transportation
10155,reduce footprint,individual action
10156,reduce fossil dependence,reduce fossil-fuel
10157,reduce fossil fuel emissions,reduce fossil-fuel
10158,reduce fossil fuel production,reduce fossil-fuel
10159,reduce fossil fuel usage,reduce fossil-fuel
10160,reduce fossil reliance,reduce fossil-fuel
10161,reduce future risks,risk-based approach
10162,reduce ghg 50% by 2030,greenhouse
10163,reduce ghg emissions 45%,greenhouse
10164,reduce ghg in buildings industry agriculture,greenhouse
10165,reduce global carbon emissions,emission reduction
10166,reduce global energy consumption,degrowth
10167,reduce global population,degrowth
10168,reduce global warming,temperature-centric
10169,reduce greenhouse gas 45% by 2030,greenhouse
10170,reduce greenhouse gas emissions 45% by 2030,greenhouse
10171,reduce greenhouse gas emissions by 45% by 2030,greenhouse
10172,reduce greenhouse gas emissions by 50%,greenhouse
10173,reduce greenhouse gases 45% by 2030,greenhouse
10174,reduce harm from floods,coast-protection and flood
10175,reduce heat island,temperature-centric
10176,reduce heat stress,temperature-centric
10177,reduce home carbon footprint,individual action
10178,reduce household energy,degrowth
10179,reduce household energy consumption,degrowth
10180,reduce human niche,risk-based approach
10181,reduce individual carbon footprint,individual action
10182,reduce individual emissions,individual action
10183,reduce inequality,vulnerable population centric
10184,reduce land ownership,socio-political approaches
10185,reduce land-use emissions,emission reduction
10186,reduce lawns,nature management
10187,reduce livestock emissions,food-system
10188,reduce manufacturing emissions,emission reduction
10189,reduce material extraction,reduce fossil-fuel
10190,reduce material growth,degrowth
10191,reduce material intensity,material science
10192,reduce meat and dairy,food-system
10193,reduce meat dairy,food-system
10194,reduce mobility emissions,clean transportation
10195,reduce net emissions,emission reduction
10196,reduce net greenhouse gas emissions,greenhouse
10197,reduce new concrete,material science
10198,reduce non-co2 emissions,emission reduction
10199,reduce non-co2 gases,emission reduction
10200,reduce non-electricity energy consumption,degrowth
10201,reduce non-energy emissions,emission reduction
10202,reduce oil dependence,reduce fossil-fuel
10203,reduce payroll taxes,taxation
10204,reduce per capita consumption,degrowth
10205,reduce personal and community emissions,individual action
10206,reduce personal carbon emissions,individual action
10207,reduce personal carbon footprint,individual action
10208,reduce personal emissions,individual action
10209,reduce personal footprints,individual action
10210,reduce plastic use,recycling
10211,reduce portland cement,technology
10212,reduce power generation emissions,emission reduction
10213,reduce private cars,reduce fossil-fuel
10214,reduce project time,none
10215,reduce reliance,none
10216,reduce reliance on fossil fuels,reduce fossil-fuel
10217,reduce renewable costs,renewable energy
10218,reduce renewable electricity cost,renewable energy
10219,reduce reuse,recycling
10220,reduce reuse recycle rethink,recycling
10221,reduce reuse restore,recycling
10222,reduce risk,risk-based approach
10223,reduce runoff,water management
10224,reduce single-use plastics,recycling
10225,reduce steel concrete,material science
10226,reduce stormwater runoff,water management
10227,reduce synthetic fertilizers,biodiversity
10228,reduce temperatures,temperature-centric
10229,reduce time of flight,clean transportation
10230,reduce traffic flow,clean transportation
10231,reduce transport distance,clean transportation
10232,reduce transport emissions,clean transportation
10233,reduce transportation emissions,clean transportation
10234,reduce travel,clean transportation
10235,reduce upfront costs,cost-benefit driven
10236,reduce urban energy use,temperature-centric
10237,reduce urban flooding,coast-protection and flood
10238,reduce urban heat,temperature-centric
10239,reduce urban heat island,temperature-centric
10240,reduce urban heat islands,temperature-centric
10241,reduce vulnerabilities,risk-based approach
10242,reduce warming tap,temperature-centric
10243,reduce water consumption,water management
10244,reduce water stress,water management
10245,reduce water use,water management
10246,reduce wildfire risk,risk-based approach
10247,reduce your carbon footprint,individual action
10248,reduced carbon emissions,decarbonisation
10249,reduced cement consumption,material science
10250,reduced cement use,material science
10251,reduced clinker content,material science
10252,reduced economic losses,cost-benefit driven
10253,reduced embodied carbon,infrastructure
10254,reduced energy consumption,degrowth
10255,reduced energy use,degrowth
10256,reduced greenhouse gas,greenhouse
10257,reduced greenhouse gas emissions,greenhouse
10258,reduced meat consumption,individual action
10259,reduced mix design,design
10260,reduced water content,water management
10261,reduces greenhouse gas emissions,greenhouse
10262,reducing carbon footprint,individual action
10263,reducing carbon footprints,individual action
10264,reducing disaster risk,risk-based approach
10265,reducing embodied carbon,infrastructure
10266,reducing energy consumption,degrowth
10267,reducing flood risk,coast-protection and flood
10268,reducing food waste,degrowth
10269,reducing ghg emissions,greenhouse
10270,reducing greenhouse gas,greenhouse
10271,reducing greenhouse gas emissions,greenhouse
10272,reducing greenhouse gases,greenhouse
10273,reducing leaks,infrastructure
10274,reducing meat consumption,food-system
10275,reducing personal carbon,individual action
10276,reducing personal carbon emissions,individual action
10277,reducing personal carbon footprint,individual action
10278,reducing waste,degrowth
10279,reduction in consumption,degrowth
10280,reduction in global carbon emissions,decarbonisation
10281,reduction of carbon emissions,decarbonisation
10282,reduction of greenhouse gas emissions,greenhouse
10283,reduction strategies,degrowth
10284,reductions by 2030,emission reduction
10285,reductions in agriculture emissions,food-system
10286,reductions in consumption,degrowth
10287,reductions in greenhouse gas emissions,greenhouse
10288,redundancy,degrowth
10289,reef regeneration,food-system
10290,reengineer cities,urban planning
10291,reengineer infrastructure,infrastructure
10292,reflect sunlight,renewable energy
10293,reflective cooling,material science
10294,reflective material,material science
10295,reflective materials,material science
10296,reflective particles,material science
10297,reflective skyscrapers,urban planning
10298,reforest 50%,forest-centric
10299,reforest and regreen,forest-centric
10300,reforest and restore ecosystems,biodiversity
10301,reforest enhance sinks,decarbonisation
10302,reforest landscapes,forest-centric
10303,reforest marginal lands,forest-centric
10304,reforest natural sinks,decarbonisation
10305,reforest vs factories,forest-centric
10306,reforestation 350 million hectares,forest-centric
10307,reforestation and afforestation,forest-centric
10308,reforestation at scale,forest-centric
10309,reforestation efforts,forest-centric
10310,reforestation initiatives,forest-centric
10311,reforestation policies,forest-centric
10312,reforestation projects,forest-centric
10313,reforestation risks,forest-centric
10314,reforestation technologies,forest-centric
10315,reforestation to remove co2,forest-centric
10316,reforestation to sequester carbon,forest-centric
10317,reforestation to sequester emissions,forest-centric
10318,reforestations,forest-centric
10319,reforesting lands,forest-centric
10320,reforesting watersheds,forest-centric
10321,reform economic structures,degrowth
10322,reform economy,degrowth
10323,reformers,none
10324,refuse to adapt,none
10325,regain greenfield,nature management
10326,regenerate ecosystems,biodiversity
10327,regenerate landscape,nature management
10328,regenerate natural world,nature management
10329,regenerate the land,nature management
10330,regenerative,food-system
10331,regenerative adaptation,food-system
10332,regenerative agroecosystems,food-system
10333,regenerative approach,food-system
10334,regenerative built environment,urban planning
10335,regenerative circular concrete,material science
10336,regenerative cities,urban planning
10337,regenerative concrete,material science
10338,regenerative concrete infrastructure,material science
10339,regenerative design,food-system
10340,regenerative economic model,circular-economy
10341,regenerative economic system,circular-economy
10342,regenerative ecosystem,food-system
10343,regenerative farming,food-system
10344,regenerative framework,food-system
10345,regenerative human settlements,urban planning
10346,regenerative infrastructure,food-system
10347,regenerative land,food-system
10348,regenerative land use,food-system
10349,regenerative lifestyle,food-system
10350,regenerative low carbon,energy efficiency
10351,regenerative materials,food-system
10352,regenerative post-carbon society,energy efficiency
10353,regenerative relationship,food-system
10354,regenerative relationship with nature,nature management
10355,regenerative renewable economy,circular-economy
10356,regenerative solution,food-system
10357,regenerative solutions,food-system
10358,regenerative systems,food-system
10359,regenerative urban farming,food-system
10360,regenerative urban metropolis,urban planning
10361,regenerative urban planning,urban planning
10362,regenerative urban systems,urban planning
10363,regenerative urbanism,urban planning
10364,region-specific climate projections,climate models
10365,region-specific energy transitions,renewable energy
10366,region-specific planning,decentralisation
10367,region-specific strategies,decentralisation
10368,regional adaptation strategies,decentralisation
10369,regional ccs infrastructure,decarbonisation
10370,regional climate,none
10371,regional climate data,knowledge-driven
10372,regional coordination,community-centric
10373,regional decentralization,community-centric
10374,regional dialogues,community-centric
10375,regional energy hubs,community-centric
10376,regional governance,community-centric
10377,regional governments,community-centric
10378,regional knowledge exchange,knowledge-driven
10379,regional knowledge hubs,knowledge-driven
10380,regional legislation,governance
10381,regional networks,community-centric
10382,regional planning,decentralisation
10383,regional research consortia,knowledge-driven
10384,regional resilience,decentralisation
10385,regional vulnerabilities,none
10386,regionalized supply chains,sustainability
10387,regrow biomass,bio-fuel
10388,regular updates,none
10389,regulate climate,nature management
10390,regulate corporations,governance
10391,regulate emissions,governance
10392,regulate the climate,nature management
10393,regulate water cycle,water management
10394,regulate water cycles,water management
10395,regulating carbon footprint,individual action
10396,regulating cement chemistry,material science
10397,regulating emissions,governance
10398,regulating water cycles,water management
10399,regulation,governance
10400,regulation and subsidies,taxation
10401,regulation density,governance
10402,regulation taxation,governance
10403,regulations obligate polluters,governance
10404,regulations on high-emission industries,emission reduction
10405,regulatory definition,governance
10406,regulatory frameworks,governance
10407,regulatory incentives,taxation
10408,regulatory pressure,governance
10409,regulatory research,governance
10410,rehabilitate civil infrastructure,infrastructure
10411,rehabilitation,none
10412,reinforce plants,biodiversity
10413,reinforce resilience,risk-based approach
10414,reinforced concrete,material science
10415,reinforced concrete carbon storage,material science
10416,reinforced concrete infrastructure,material science
10417,reinforced concrete rebar,material science
10418,reinforced foundations,technology
10419,reinforced low-carbon concrete,material science
10420,reinforced polymers,material science
10421,reinforced shell islands,nature management
10422,reinforcing positive beliefs,individual action
10423,reintegrating ecological processes,biodiversity
10424,reintroducing species,biodiversity
10425,reinventing fire,none
10426,reinvest 2% gdp,taxation
10427,reinvest revenue,taxation
10428,reinvest revenues,taxation
10429,reinvested revenues,taxation
10430,reject false solutions,none
10431,release coal energy,reduce fossil-fuel
10432,reliable energy,renewable energy
10433,reliable energy supply,renewable energy
10434,reliable freshwater,water management
10435,reliable renewable base,renewable energy
10436,reliable scalable energy,renewable energy
10437,reliable supply,renewable energy
10438,relocalization,decentralisation
10439,relocalize industry,decentralisation
10440,relocate,vulnerable population centric
10441,relocate from coastal zones,coast-protection and flood
10442,relocate geologically stable,vulnerable population centric
10443,relocate grandchildren,vulnerable population centric
10444,relocate heritage,vulnerable population centric
10445,relocate high-elevation,vulnerable population centric
10446,relocate higher-elevation,vulnerable population centric
10447,relocate higher-latitude,vulnerable population centric
10448,relocate inland,vulnerable population centric
10449,relocate population,vulnerable population centric
10450,relocate populations,vulnerable population centric
10451,relocate residents,vulnerable population centric
10452,relocate to high-elevation,vulnerable population centric
10453,relocate to higher ground,vulnerable population centric
10454,relocate to stable areas,vulnerable population centric
10455,relocate to stable regions,vulnerable population centric
10456,relocate vulnerable populations,vulnerable population centric
10457,relocating,vulnerable population centric
10458,relocating communities,vulnerable population centric
10459,relocating from high-risk,vulnerable population centric
10460,relocating higher-elevation,vulnerable population centric
10461,relocation incentives,vulnerable population centric
10462,relocation planning,vulnerable population centric
10463,relocation to inland regions,vulnerable population centric
10464,relocation to stable regions,vulnerable population centric
10465,remaining carbon budget,taxation
10466,remote sensing,technology
10467,removal technologies,technology
10468,remove 10 gt co2 per year,emission reduction
10469,remove 100 gigatons co2,emission reduction
10470,remove 20gt/yr,emission reduction
10471,remove atmospheric carbon,decarbonisation
10472,remove barriers,nature management
10473,remove carbon,decarbonisation
10474,remove co2 from air,decarbonisation
10475,remove coal and gas,reduce fossil-fuel
10476,remove coal emissions,reduce fossil-fuel
10477,remove coal power,reduce fossil-fuel
10478,remove consumption subsidies,reduce fossil-fuel
10479,remove externalities,cost-benefit driven
10480,remove fossil fuels,reduce fossil-fuel
10481,remove free parking,taxation
10482,remove ghgs,greenhouse
10483,remove ghgs by 2050,greenhouse
10484,remove ideological barriers,knowledge-driven
10485,remove polluting infrastructure,infrastructure
10486,remove profit motive,socio-political approaches
10487,remove soil toxins,nature management
10488,removing co2,decarbonisation
10489,rencc,decarbonisation
10490,renewable,renewable energy
10491,renewable adoption,renewable energy
10492,renewable and nuclear,renewable energy
10493,renewable and nuclear energy,renewable energy
10494,renewable biomass,renewable energy
10495,renewable bioresources,renewable energy
10496,renewable building blocks,renewable energy
10497,renewable buildings,renewable energy
10498,renewable competitiveness,renewable energy
10499,renewable cooking,renewable energy
10500,renewable cooperatives,renewable energy
10501,renewable decarbonization,renewable energy
10502,renewable decision‑making,renewable energy
10503,renewable dependency,renewable energy
10504,renewable electricity per capita,renewable energy
10505,renewable electricity share,renewable energy
10506,renewable electrolyzer,bio-fuel
10507,renewable energy 80% by 2030,renewable energy
10508,renewable energy access,renewable energy
10509,renewable energy affordability,renewable energy
10510,renewable energy at scale,renewable energy
10511,renewable energy breakthrough,renewable energy
10512,renewable energy by 2050,emission reduction
10513,renewable energy coverage,renewable energy
10514,renewable energy deployment,renewable energy
10515,renewable energy dominant,renewable energy
10516,renewable energy expansion,renewable energy
10517,renewable energy from sun wind water,renewable energy
10518,renewable energy grid,renewable energy
10519,renewable energy grids,renewable energy
10520,renewable energy harvest,renewable energy
10521,renewable energy implementation,renewable energy
10522,renewable energy infrastructure,renewable energy
10523,renewable energy investments,renewable energy
10524,renewable energy knowledge,renewable energy
10525,renewable energy limitations,renewable energy
10526,renewable energy maturity,renewable energy
10527,renewable energy pathway,renewable energy
10528,renewable energy penetration,renewable energy
10529,renewable energy policy,renewable energy
10530,renewable energy principles,renewable energy
10531,renewable energy prioritization,renewable energy
10532,renewable energy projects,renewable energy
10533,renewable energy r&d,renewable energy
10534,renewable energy savings,renewable energy
10535,renewable energy scale,renewable energy
10536,renewable energy scale-up,renewable energy
10537,renewable energy sector,renewable energy
10538,renewable energy share,renewable energy
10539,renewable energy shift,renewable energy
10540,renewable energy skepticism,renewable energy
10541,renewable energy solution,renewable energy
10542,renewable energy sources,renewable energy
10543,renewable energy subsidies,taxation
10544,renewable energy supplementation,renewable energy
10545,renewable energy target,renewable energy
10546,renewable energy targets,renewable energy
10547,renewable energy technologies,renewable energy
10548,renewable energy use,renewable energy
10549,renewable energy within two decades,renewable energy
10550,renewable energy-based circular economy,circular-economy
10551,renewable energy-based economy,renewable energy
10552,renewable energy-driven economy,renewable energy
10553,renewable heat sources,renewable energy
10554,renewable incentives,taxation
10555,renewable infrastructure investment,renewable energy
10556,renewable infrastructures,renewable energy
10557,renewable innovation,renewable energy
10558,renewable installation,renewable energy
10559,renewable investments,renewable energy
10560,renewable jobs,renewable energy
10561,renewable parity,renewable energy
10562,renewable penetration,renewable energy
10563,renewable portfolio,renewable energy
10564,renewable portfolio standard,renewable energy
10565,renewable power plants,renewable energy
10566,renewable primary energy,renewable energy
10567,renewable projects,renewable energy
10568,renewable rollout,renewable energy
10569,renewable scaling,renewable energy
10570,renewable sector transition,renewable energy
10571,renewable services,renewable energy
10572,renewable shading,renewable energy
10573,renewable share target,renewable energy
10574,renewable sources mix,renewable energy
10575,renewable substitutes,renewable energy
10576,renewable supply chain,renewable energy
10577,renewable target,renewable energy
10578,renewable targets,renewable energy
10579,renewable to 100%,renewable energy
10580,renewable transition funding,renewable energy
10581,renewable transition policies,renewable energy
10582,renewable transitions,renewable energy
10583,renewable transportation,renewable energy
10584,renewable-backed grid,renewable energy
10585,renewable-driven electrification,renewable energy
10586,renewable-energy transition,renewable energy
10587,renewable-energy-powered food,renewable energy
10588,renewable-generated electricity,renewable energy
10589,renewable-powered economy,renewable energy
10590,renewable-powered hydrogen,bio-fuel
10591,renewable-powered removal,renewable energy
10592,renewable-powered world,renewable energy
10593,renewables adoption,renewable energy
10594,renewables coverage,renewable energy
10595,renewables expansion,renewable energy
10596,renewables integration,renewable energy
10597,renewables plus storage,renewable energy
10598,renewables replace fossil fuels,renewable energy
10599,renewables scale-up,renewable energy
10600,renewably-powered electricity,renewable energy
10601,renewal economy,renewable energy
10602,reorganize built environment,infrastructure
10603,reorganize economy,degrowth
10604,reorient resource allocation,vulnerable population centric
10605,repair and reuse,recycling
10606,repair investment,funding-adaptation
10607,repair water storage,water management
10608,reparations,vulnerable population centric
10609,replace carbon infrastructure,decarbonisation
10610,replace cement,material science
10611,replace coal and oil,reduce fossil-fuel
10612,replace coal with nuclear,reduce fossil-fuel
10613,replace energy supplies,renewable energy
10614,replace fleet with evs,electrification
10615,replace fossil fuel use,reduce fossil-fuel
10616,replace fossil fuel with green energy,reduce fossil-fuel
10617,replace fossil fuels alternatives,reduce fossil-fuel
10618,replace fossil industries,reduce fossil-fuel
10619,replace natural gas,reduce fossil-fuel
10620,replace portland cement,material science
10621,replace renewables,renewable energy
10622,replace steel and concrete,material science
10623,replacement of portland cement,material science
10624,replant forests,forest-centric
10625,replant mangroves,forest-centric
10626,replenish water supplies,water management
10627,replicable resilient model,risk-based approach
10628,repurpose fossil fuel companies,reduce fossil-fuel
10629,repurpose gdp,degrowth
10630,repurpose renewable resources,recycling
10631,repurposed materials,recycling
10632,repurposing infrastructure,infrastructure
10633,requires money,funding-adaptation
10634,research and infrastructure,infrastructure
10635,research and monitoring,climate models
10636,research group,knowledge-driven
10637,research investment,knowledge-driven
10638,research knowledge,knowledge-driven
10639,research on climate change,knowledge-driven
10640,research planning preparedness,knowledge-driven
10641,research review,knowledge-driven
10642,research training,knowledge-driven
10643,research translation,knowledge-driven
10644,research workshops,knowledge-driven
10645,research-backed designs,design
10646,reservoirs,water management
10647,resica,decarbonisation
10648,resilience against extreme weather,extreme events
10649,resilience against flooding,coast-protection and flood
10650,resilience against floods,coast-protection and flood
10651,resilience against sea-level rise,coast-protection and flood
10652,resilience and vulnerability,risk-based approach
10653,resilience by design,design
10654,resilience definition,risk-based approach
10655,resilience development,risk-based approach
10656,resilience efforts,risk-based approach
10657,resilience end-state,State-led
10658,resilience engineering,technology
10659,resilience enhancement,risk-based approach
10660,resilience finance,funding-adaptation
10661,resilience focus,risk-based approach
10662,resilience funding,funding-adaptation
10663,resilience infrastructure,urban planning
10664,resilience of political systems,socio-political approaches
10665,resilience policy,governance
10666,resilience priority,risk-based approach
10667,resilience redundancy,risk-based approach
10668,resilience research,knowledge-driven
10669,resilience rural households,infrastructure
10670,resilience stage,risk-based approach
10671,resilience strategies,risk-based approach
10672,resilience sustainability justice,vulnerable population centric
10673,resilience thinking,risk-based approach
10674,resilience through infrastructure upgrades,urban planning
10675,resilience to climate extremes,extreme events
10676,resilience to extreme weather,extreme events
10677,resilience to flooding,coast-protection and flood
10678,resilience-enhancing infrastructure,urban planning
10679,resilience-oriented approach,risk-based approach
10680,resiliency,risk-based approach
10681,resiliency and adaptation,risk-based approach
10682,resiliency by design,risk-based approach
10683,resiliency of food and water,food-system
10684,resilient,risk-based approach
10685,resilient adaptable buildings,infrastructure
10686,resilient adaptive regenerative structures,infrastructure
10687,resilient agricultural practices,food-system
10688,resilient agriculture network,food-system
10689,resilient architecture,infrastructure
10690,resilient buffers,technology
10691,resilient building,infrastructure
10692,resilient building codes,urban planning
10693,resilient building materials,infrastructure
10694,resilient building upgrades,infrastructure
10695,resilient buildings,infrastructure
10696,resilient climate policies,governance
10697,resilient community infrastructure,urban planning
10698,resilient construction materials,infrastructure
10699,resilient design principles,design
10700,resilient designs,design
10701,resilient development,risk-based approach
10702,resilient economies,alternative economic system
10703,resilient ecosystems,biodiversity
10704,resilient engineering,technology
10705,resilient food system,food-system
10706,resilient food systems,food-system
10707,resilient framework,risk-based approach
10708,resilient green infrastructure,infrastructure
10709,resilient homes,urban planning
10710,resilient housing units,urban planning
10711,resilient hybrid crops,food-system
10712,resilient infrastructure adaptations,urban planning
10713,resilient infrastructure design,urban planning
10714,resilient infrastructure development,urban planning
10715,resilient infrastructure investment,urban planning
10716,resilient infrastructure investments,urban planning
10717,resilient infrastructure projects,urban planning
10718,resilient infrastructure systems,urban planning
10719,resilient infrastructure upgrades,urban planning
10720,resilient just societies,vulnerable population centric
10721,resilient legislation,governance
10722,resilient lifestyle,individual action
10723,resilient low-carbon society,energy efficiency
10724,resilient low-emission lifestyles,individual action
10725,resilient materials,material science
10726,resilient nature-based infrastructure,urban planning
10727,resilient neighborhood design,urban planning
10728,resilient net-zero homes,urban planning
10729,resilient pathways,risk-based approach
10730,resilient practices,none
10731,resilient regions,vulnerable population centric
10732,resilient scalability,none
10733,resilient shelters,urban planning
10734,resilient solutions,risk-based approach
10735,resilient strategies,risk-based approach
10736,resilient structures,infrastructure
10737,resilient supply chain,sustainability
10738,resilient supply chains,sustainability
10739,resilient systems,infrastructure
10740,resilient technology,technology
10741,resilient urban design,urban planning
10742,resilient urban ecosystems,urban planning
10743,resilient urban environments,urban planning
10744,resilient urban infrastructure,urban planning
10745,resilient urban planning,urban planning
10746,resilient urbanism,urban planning
10747,resilient walls,infrastructure
10748,resilient water management,water management
10749,resilient world,risk-based approach
10750,resist adapt change,risk-based approach
10751,resist change,none
10752,resistance to stressors,risk-based approach
10753,resistant materials,material science
10754,resource conservation,nature management
10755,resource cost adjustment,cost-benefit driven
10756,resource demand,degrowth
10757,resource depletion,degrowth
10758,resource efficient material,material science
10759,resource focused,degrowth
10760,resource mobilization,funding-adaptation
10761,resource optimization,degrowth
10762,resource oversupply,managerial practices
10763,resource reuse,recycling
10764,resource utilization,managerial practices
10765,resource waste,recycling
10766,resource-efficient,managerial practices
10767,resource-extracting industries,reduce fossil-fuel
10768,resource-intensive economy,degrowth
10769,resource-tracking,technology
10770,resourcefulness,none
10771,respond effectively,none
10772,responding to shocks,risk-based approach
10773,responsible planning,managerial practices
10774,responsible research,knowledge-driven
10775,responsive action,none
10776,responsive phase,none
10777,restoration,biodiversity
10778,restoration and expansion,biodiversity
10779,restoration and protection,biodiversity
10780,restoration efforts,biodiversity
10781,restoration of degraded lands,nature management
10782,restoration of ecosystems,biodiversity
10783,restoration of natural buffers,human-nature equilibrium
10784,restoration of wetlands,nature management
10785,restoration productivity,biodiversity
10786,restoration protection,biodiversity
10787,restorative economic model,circular-economy
10788,restorative production,biodiversity
10789,restore,biodiversity
10790,restore agriculture,nature management
10791,restore and expand,biodiversity
10792,restore atmosphere,biodiversity
10793,restore carbon cycle,decarbonisation
10794,restore carbon sinks,decarbonisation
10795,restore co2 balance,decarbonisation
10796,restore degraded ecosystems,biodiversity
10797,restore ecological balance,biodiversity
10798,restore ecological health,biodiversity
10799,restore grasslands,nature management
10800,restore habitats,biodiversity
10801,restore natural carbon cycle,decarbonisation
10802,restore natural carbon sinks,decarbonisation
10803,restore natural environments,biodiversity
10804,restore natural landscapes,biodiversity
10805,restore natural processes,biodiversity
10806,restore natural rivers,nature management
10807,restore natural sinks,decarbonisation
10808,restore natural systems,biodiversity
10809,restore natural wetlands,nature management
10810,restore nature,biodiversity
10811,restore planetary balance,biodiversity
10812,restore planetary carbon balances,decarbonisation
10813,restore planetary resilience,none
10814,restore resilience,risk-based approach
10815,restore resources,biodiversity
10816,restore the soil,nature management
10817,restore wetlands,nature management
10818,restore wetlands and forests,nature management
10819,restored ecosystems,biodiversity
10820,restored mangroves,forest-centric
10821,restored natural systems,biodiversity
10822,restored wetlands,nature management
10823,restoring,biodiversity
10824,restoring and expanding,biodiversity
10825,restoring and reforestation,nature management
10826,restoring carbon sinks,decarbonisation
10827,restoring coastal ecosystems,coast-protection and flood
10828,restoring coastal mangroves,coast-protection and flood
10829,restoring coastal wetlands,coast-protection and flood
10830,restoring degraded lands,nature management
10831,restoring degraded nature,biodiversity
10832,restoring forests,nature management
10833,restoring mangroves,forest-centric
10834,restoring natural barriers,human-nature equilibrium
10835,restoring natural carbon sinks,decarbonisation
10836,restoring natural ecosystems,biodiversity
10837,restoring natural habitats,biodiversity
10838,restoring natural wetlands,nature management
10839,restoring nature,biodiversity
10840,restoring reefs,nature management
10841,restoring wetlands,nature management
10842,restrict corporate control,socio-political approaches
10843,restrict fossil supply,reduce fossil-fuel
10844,restrict greenhouse gases,greenhouse
10845,restrict land development,nature management
10846,restructure markets,alternative economic system
10847,restructuring capability,none
10848,retain reuse water,water management
10849,retention basins,water management
10850,rethink land use,food-system
10851,rethinking assumptions,none
10852,retirement impacts,risk-based approach
10853,retiring fossil infrastructure,reduce fossil-fuel
10854,retraining fossil fuel workers,reduce fossil-fuel
10855,retreat or resistance,vulnerable population centric
10856,retrofit,infrastructure
10857,retrofit carbon,infrastructure
10858,retrofit design,infrastructure
10859,retrofit existing buildings,infrastructure
10860,retrofit infrastructure,infrastructure
10861,retrofit resilient homes,infrastructure
10862,retrofit sustainable infrastructure,infrastructure
10863,retrofitting homes,infrastructure
10864,retrofitting infrastructure,infrastructure
10865,retrofitting power plants,infrastructure
10866,retrofitting urban areas,infrastructure
10867,return old concrete,material science
10868,return on investment,cost-benefit driven
10869,return period,none
10870,return preindustrial co2,decarbonisation
10871,return revenue,taxation
10872,returns on investment,cost-benefit driven
10873,reusable alternatives,recycling
10874,reuse and recycling,recycling
10875,reuse co2,decarbonisation
10876,reuse existing buildings,urban planning
10877,reuse of concrete,recycling
10878,reuse potential,recycling
10879,reuse recycled aggregates,recycling
10880,reuse recycling,recycling
10881,reuse sludge,recycling
10882,reuse throughout lifecycle,recycling
10883,reuse waste materials,recycling
10884,reused concrete,recycling
10885,revamping urban planning,urban planning
10886,revegetate degraded lands,nature management
10887,revenue invested,taxation
10888,revenue neutral policy,taxation
10889,revenue rebate,taxation
10890,revenue recycling,taxation
10891,revenue redistribution,taxation
10892,revenue to citizens,taxation
10893,revenue-neutral,taxation
10894,revenue-neutral carbon tax,taxation
10895,revenue-neutral transition,taxation
10896,revenues invested,taxation
10897,revenues rebated,taxation
10898,revenues redistributed,taxation
10899,revenues returned,taxation
10900,revenues to citizens,taxation
10901,reverse climate change,none
10902,reverse deforestation,forest-centric
10903,reversible hydrophobic surfaces,material science
10904,revising plan,none
10905,revitalize built environment,funding-adaptation
10906,revitalize local economies,decentralisation
10907,revive ecosystems,biodiversity
10908,revolutionize ccs,decarbonisation
10909,rewild,biodiversity
10910,rewild and regreen,biodiversity
10911,rewired societies,none
10912,rice husk ash,bio-fuel
10913,rice paddies,nature management
10914,rich countries,vulnerable population centric
10915,rich countries responsibility,vulnerable population centric
10916,rich countries support,vulnerable population centric
10917,ridge to reef conservation,nature management
10918,right concrete,technology
10919,right incentives,taxation
10920,right materials,technology
10921,rights of future generations,none
10922,rights-based adaptation,governance
10923,rigorous co2 monitoring,decarbonisation
10924,rio tinto project,technology
10925,riparian zones,nature management
10926,rising carbon tax,taxation
10927,rising emissions,emission reduction
10928,rising fee,taxation
10929,rising price,taxation
10930,rising price on carbon,taxation
10931,rising price on emissions,emission reduction
10932,rising seas,water management
10933,rising temperatures mitigation,temperature-centric
10934,risk,risk-based approach
10935,risk analysis,risk-based approach
10936,risk and feasibility,risk-based approach
10937,risk and vulnerability,risk-based approach
10938,risk assessments,risk-based approach
10939,risk disclosure,risk-based approach
10940,risk induces change,risk-based approach
10941,risk management organization,risk-based approach
10942,risk management principles,risk-based approach
10943,risk minimization,risk-based approach
10944,risk mitigation,risk-based approach
10945,risk prevention,risk-based approach
10946,risk quantification,risk-based approach
10947,risk taking,risk-based approach
10948,risk zone relocation,vulnerable population centric
10949,risk-based,risk-based approach
10950,risk-based approach,risk-based approach
10951,risk-based framework,risk-based approach
10952,risk-based process,risk-based approach
10953,risk-based tools,risk-based approach
10954,river bank elevation,nature management
10955,river degradation,nature management
10956,river ecosystem,nature management
10957,river flood causes,nature management
10958,river habitat,nature management
10959,river mismanagement,nature management
10960,river mouths,nature management
10961,riverine areas,nature management
10962,road adaptation,managerial practices
10963,road resilience,infrastructure
10964,roadless train,clean transportation
10965,roadmap,managerial practices
10966,roadmap to net-zero,net zero
10967,roads,urban planning
10968,robotic production,technology
10969,robust buffers,none
10970,robust carbon capture and storage,decarbonisation
10971,robust carbon pricing,taxation
10972,robust climate policies,governance
10973,robust climate policy,governance
10974,robust design,design
10975,robust drainage,water management
10976,robust early warning systems,climate models
10977,robust early-warning systems,climate models
10978,robust governance,governance
10979,robust infrastructure,infrastructure
10980,robust infrastructure design,infrastructure
10981,robust infrastructure development,infrastructure
10982,robust institutional frameworks,State-led
10983,robust international carbon pricing,taxation
10984,robust plan,managerial practices
10985,robust policies,governance
10986,robust policy frameworks,governance
10987,robust scientific assessments,knowledge-driven
10988,robust scientific monitoring,climate models
10989,robust subsidies,reduce fossil-fuel
10990,rock formations,material science
10991,rock mineralization,material science
10992,rock weathering,material science
10993,rockaway boardwalk,urban planning
10994,roi for developing countries,vulnerable population centric
10995,role of concrete,material science
10996,role of finance,funding-adaptation
10997,roll-out concrete,material science
10998,roof albedo,technology
10999,roof insulation,technology
11000,roof solar,renewable energy
11001,rooftop agriculture,urban planning
11002,rooftop gardens,urban planning
11003,room for the river,nature management
11004,root causes,none
11005,root system quality,nature management
11006,root zone,nature management
11007,rotterdam,urban planning
11008,rotterdam example,urban planning
11009,rotterdam system,urban planning
11010,roundhouse,urban planning
11011,rubble waste,recycling
11012,ruminant diets,food-system
11013,rural adaptation,decentralisation
11014,rural migration,decentralisation
11015,rural resilience,infrastructure
11016,rural settlements,decentralisation
11017,sacrifice lifestyles,sustainability
11018,saf production,technology
11019,safe housing,vulnerable population centric
11020,safe minimum standard,managerial practices
11021,safe operating boundary,managerial practices
11022,safe pathway,managerial practices
11023,safe storage,none
11024,safe water transfer,water management
11025,safe zones,vulnerable population centric
11026,safeguard communities,community-centric
11027,safeguard natural resources,biodiversity
11028,safeguarding communities,community-centric
11029,safeguarding well-being,none
11030,safer regions,vulnerable population centric
11031,safety nets,nature management
11032,saline aquifers,water management
11033,salt marshes,nature management
11034,salt-water substation,water management
11035,sand,nature management
11036,sand buffer,material science
11037,sand dune stabilization,nature management
11038,sandbag approach,managerial practices
11039,satellite imaging,technology
11040,satellite infrastructure,infrastructure
11041,satellite technology,technology
11042,save downtowns,urban planning
11043,save lives,none
11044,save millions,nature management
11045,save native forests,forest-centric
11046,save the soil,nature management
11047,save your soil,nature management
11048,saves lives,none
11049,scalable,none
11050,scalable benefits,none
11051,scalable carbon capture,decarbonisation
11052,scalable carbon capture and storage,decarbonisation
11053,scalable defenses,none
11054,scalable early warning,climate models
11055,scalable early warning systems,climate models
11056,scalable energy storage,renewable energy
11057,scalable engineering,none
11058,scalable equitable implementation,none
11059,scalable flood barriers,coast-protection and flood
11060,scalable globally,none
11061,scalable implementation,none
11062,scalable low-carbon concrete,material science
11063,scalable low-carbon energy,renewable energy
11064,scalable nature-based solutions,none
11065,scalable production,none
11066,scalable protection,none
11067,scalable reliable energy,renewable energy
11068,scalable reliable pathway,managerial practices
11069,scalable renewable energy,renewable energy
11070,scalable renewable sources,renewable energy
11071,scalable renewable systems,renewable energy
11072,scalable renewables,renewable energy
11073,scalable resilience,none
11074,scalable resilient infrastructure,none
11075,scalable solutions,none
11076,scalable system,none
11077,scalable technologies,none
11078,scale and speed,none
11079,scale application,none
11080,scale deployment,none
11081,scale implementation,none
11082,scale of adaptation,managerial practices
11083,scale of footprint,individual action
11084,scale renewable infrastructure,renewable energy
11085,scale sustainable industries,sustainability
11086,scale transition,transition and transformation
11087,scale up adaptation,none
11088,scale up approaches,none
11089,scale up carbon sinks,decarbonisation
11090,scale up ccs,decarbonisation
11091,scale up clean energy production,renewable energy
11092,scale up cooperation,none
11093,scale up existing technologies,none
11094,scale up flood protection,coast-protection and flood
11095,scale up investment,none
11096,scale up low-carbon technologies,renewable energy
11097,scale up renewable infrastructure,renewable energy
11098,scale up renewables,renewable energy
11099,scale up solar,renewable energy
11100,scale up solar and wind,renewable energy
11101,scale up transition,none
11102,scale up wind,renewable energy
11103,scale up wind solar hydropower,renewable energy
11104,scale without growth,none
11105,scale-up clean energy,renewable energy
11106,scale-up innovation,none
11107,scale-up sequestration,decarbonisation
11108,scaled ccs,decarbonisation
11109,scaling,none
11110,scaling investment,none
11111,scaling investments,none
11112,scaling learning,none
11113,scaling low carbon concrete,material science
11114,scaling of renewable energy,renewable energy
11115,scaling of solar and wind,renewable energy
11116,scaling solutions,none
11117,scaling strategies,managerial practices
11118,scaling up adaptation,none
11119,scaling up clean energy,renewable energy
11120,scaling up investment,none
11121,scaling up nature-based solutions,none
11122,scenario planning,none
11123,schumacher generation,risk-based approach
11124,science,knowledge-driven
11125,science and technology,knowledge-driven
11126,science and tradition,knowledge-driven
11127,science based targets,knowledge-driven
11128,science denial,knowledge-driven
11129,science education,knowledge-driven
11130,science informed decisions,knowledge-driven
11131,science monitoring,climate models
11132,science-backed gardening,food-system
11133,science-based adaptation,knowledge-driven
11134,science-based approach,knowledge-driven
11135,science-based assessment,knowledge-driven
11136,science-based case,knowledge-driven
11137,science-based initiatives,knowledge-driven
11138,science-based low carbon economy,energy efficiency
11139,science-based risk assessments,risk-based approach
11140,science-based targets,knowledge-driven
11141,science-based vulnerability assessments,risk-based approach
11142,science-driven,knowledge-driven
11143,science-informed adaptation,knowledge-driven
11144,scientific advice,knowledge-driven
11145,scientific approach,knowledge-driven
11146,scientific breakthroughs,technology
11147,scientific data,knowledge-driven
11148,scientific discourse,knowledge-driven
11149,scientific evidence,knowledge-driven
11150,scientific expertise,knowledge-driven
11151,scientific fundamentals,knowledge-driven
11152,scientific games,knowledge-driven
11153,scientific innovation,technology
11154,scientific knowledge,knowledge-driven
11155,scientific method,knowledge-driven
11156,scientific metrics,knowledge-driven
11157,scientific predictions,knowledge-driven
11158,scientific process,knowledge-driven
11159,scientific scrutiny,knowledge-driven
11160,scientific urgency,knowledge-driven
11161,scientific warning,climate models
11162,scientists,knowledge-driven
11163,scms,decarbonisation
11164,scope of influence emissions,emission reduction
11165,sdg 14,global collaboration
11166,sdg conflict,global collaboration
11167,sdg7 survey,global collaboration
11168,sea,water management
11169,sea adaptation,water management
11170,sea defenses,nature management
11171,sea ice melting,temperature-centric
11172,sea level considerations,coast-protection and flood
11173,sea level engineering,coast-protection and flood
11174,sea level rise resilience,coast-protection and flood
11175,sea level rise solutions,coast-protection and flood
11176,sea level risk,coast-protection and flood
11177,sea level technology,coast-protection and flood
11178,sea levels,coast-protection and flood
11179,sea port gates,nature management
11180,sea wall upgrades,coast-protection and flood
11181,sea walls composed of mangroves,forest-centric
11182,sea-level adaptation,coast-protection and flood
11183,sea-level rise adaptation,coast-protection and flood
11184,sea-level rise planning,coast-protection and flood
11185,sea-level rise protection,coast-protection and flood
11186,sea-level rise resilience,coast-protection and flood
11187,sea-level-rise-proof,coast-protection and flood
11188,seabed concrete,material science
11189,seafood consumption,food-system
11190,seagrass meadows,nature management
11191,sealed foundation,infrastructure
11192,seashore greenhouses,greenhouse
11193,seasonal changes,managerial practices
11194,seasonal surface heating,technology
11195,seasonality of economy,alternative economic system
11196,seasteads,coast-protection and flood
11197,seawall defenses,coast-protection and flood
11198,seawall implementation,coast-protection and flood
11199,seawall protection,coast-protection and flood
11200,seawall restoration,coast-protection and flood
11201,seawall-village,coast-protection and flood
11202,seaweed-based additives,bio-fuel
11203,seaweed-based concretes,bio-fuel
11204,second law of thermodynamics,technology
11205,secondary emissions,emission reduction
11206,sector contribution,managerial practices
11207,sector coupling,managerial practices
11208,sector-focused reductions,degrowth
11209,sector-wide changes,none
11210,sectoral carbon tax,taxation
11211,sectoral sequencing,managerial practices
11212,sectors,industry-centric
11213,secure clean water,water management
11214,secure energy transition,renewable energy
11215,securitize liabilities,industry-centric
11216,security of supply,renewable energy
11217,sedhu,decarbonisation
11218,sediment control,nature management
11219,sediment deposits,water management
11220,sediment flow,nature management
11221,seed and diversify,food-system
11222,seed bombs,food-system
11223,seed varieties,food-system
11224,seed-banks,food-system
11225,selective car use,reduce fossil-fuel
11226,self organize,socio-political approaches
11227,self reliance,decentralisation
11228,self sufficiency,decentralisation
11229,self-change,individual action
11230,self-consolidating concrete,material science
11231,self-determination,decentralisation
11232,self-healing,technology
11233,self-healing capabilities,technology
11234,self-healing cement,material science
11235,self-healing concrete,material science
11236,self-healing design,design
11237,self-healing infrastructure,infrastructure
11238,self-healing material,material science
11239,self-healing materials,technology
11240,self-healing membrane,material science
11241,self-healing porous concrete,material science
11242,self-healing properties,material science
11243,self-healing structures,material science
11244,self-powered buildings,infrastructure
11245,self-regulating systems,human-nature equilibrium
11246,self-reinforced processes,none
11247,self-renewing systems,human-nature equilibrium
11248,self-repair,material science
11249,self-sufficient agriculture,decentralisation
11250,self-sufficient communities,decentralisation
11251,self-sufficient community,decentralisation
11252,self-sufficient food production,decentralisation
11253,self-sufficient homestead,decentralisation
11254,self-sufficient steel frame houses,urban planning
11255,self-sustaining,decentralisation
11256,self-sustaining cities,urban planning
11257,self-sustaining communities,decentralisation
11258,self-sustaining ecosystems,decentralisation
11259,self-sustaining habitats,decentralisation
11260,self-sustaining micro-grids,smart-grid
11261,self-sustaining society,decentralisation
11262,self-sustaining structure,decentralisation
11263,self-sustaining systems,circular-economy
11264,self‑sustaining community,decentralisation
11265,sell house move city,managerial practices
11266,sendai framework,global collaboration
11267,sensible policy,governance
11268,sensor networks,technology
11269,sensors,technology
11270,sensory design,design
11271,sequester accumulated co2,decarbonisation
11272,sequester carbon in soils,decarbonisation
11273,sequester excess carbon,decarbonisation
11274,sequestered carbon concrete,material science
11275,sequestered co2,decarbonisation
11276,sequestering carbon,decarbonisation
11277,sequestration strategies,decarbonisation
11278,sequestration technologies,decarbonisation
11279,seven degree warming,temperature-centric
11280,severe storms,extreme events
11281,severity,none
11282,severity recognition,risk-based approach
11283,shade to crops,material science
11284,shape-memory alloys,material science
11285,share work and wealth,taxation
11286,shared cultural memory,socio-political approaches
11287,shared infrastructure,infrastructure
11288,shared language,none
11289,shared renewable systems,renewable energy
11290,sharing economy,community-centric
11291,shed construction,urban planning
11292,shelter construction,urban planning
11293,shelter from extreme weather,extreme events
11294,shelter materials,material science
11295,shift away from fossil fuels,reduce fossil-fuel
11296,shift economic incentives,taxation
11297,shift electricity use,degrowth
11298,shift from coal to nuclear,reduce fossil-fuel
11299,shift from oil,reduce fossil-fuel
11300,shift from wealth towards well-being,taxation
11301,shift grey to green,infrastructure
11302,shift to plant-based diet,food-system
11303,shift to renewable energy,renewable energy
11304,shifting ecosystems,biodiversity
11305,shifting investment,funding-adaptation
11306,shore erosion solution,nature management
11307,shoreline protection,nature management
11308,shoreline resilience,nature management
11309,shoreline restoration,nature management
11310,short power chain,electrification
11311,short supply chains,sustainability
11312,short term money,socio-political approaches
11313,short term profit,socio-political approaches
11314,short-distance commutes,clean transportation
11315,short-lived climate pollutants,emission reduction
11316,short-term and long-term solutions,managerial practices
11317,short-term and long-term strategies,managerial practices
11318,short-term economic interests,socio-political approaches
11319,short-term emission reduction,emission reduction
11320,short-term focus,managerial practices
11321,short-term measures,managerial practices
11322,short-term planning,managerial practices
11323,short-term renewable transition,renewable energy
11324,short-term risk management,managerial practices
11325,short-term strategies,managerial practices
11326,shorten consequence chain,risk-based approach
11327,shovel-ready,risk-based approach
11328,shrinking inequality,vulnerable population centric
11329,shut down coal mines,reduce fossil-fuel
11330,shut down coal plants,reduce fossil-fuel
11331,shut down extraction,reduce fossil-fuel
11332,shut down polluting industries,transition and transformation
11333,shutting down fossil plants,reduce fossil-fuel
11334,sika binders,material science
11335,silica,material science
11336,silica fume,material science
11337,silica substitution,material science
11338,silicaceous hydrated lime,material science
11339,silicate injection,material science
11340,silicate-based concrete,material science
11341,simplification,degrowth
11342,simplify approach,none
11343,simulations,climate models
11344,simultaneous technology development,technology
11345,singular events,none
11346,sinusoidal frontage roads,urban planning
11347,site building integration,infrastructure
11348,site considerations,infrastructure
11349,site preparation,infrastructure
11350,site testing,infrastructure
11351,site-specific solutions,decentralisation
11352,skepticism and misinformation,knowledge-driven
11353,skills and capacities,knowledge-driven
11354,skills and knowledge,knowledge-driven
11355,skills investment,knowledge-driven
11356,slag,technology
11357,slag fly ash,material science
11358,slope dependence,none
11359,slope drainage,water management
11360,slow down industrial activity,degrowth
11361,slow greenhouse effect,greenhouse
11362,small concrete interventions,material science
11363,small electricity companies,electrification
11364,small farmers,food-system
11365,small island developing states,vulnerable population centric
11366,small modular reactors,technology
11367,small solar panel,renewable energy
11368,small solar plants,renewable energy
11369,small wind turbines,renewable energy
11370,small-scale greenhouse,greenhouse
11371,small-scale renewable generators,renewable energy
11372,smaller buildings,urban planning
11373,smaller concrete structures,technology
11374,smaller-scale solutions,community-centric
11375,smallholder farms,food-system
11376,smart adaptive infrastructure,infrastructure
11377,smart agriculture,food-system
11378,smart city integration,urban planning
11379,smart city plans,urban planning
11380,smart city systems,urban planning
11381,smart concrete,technology
11382,smart contracts,technology
11383,smart energy district,smart-grid
11384,smart energy management,smart-grid
11385,smart green buildings,urban planning
11386,smart grid infrastructure,smart-grid
11387,smart grid management,smart-grid
11388,smart grid systems,smart-grid
11389,smart grid technologies,smart-grid
11390,smart home,technology
11391,smart houses,technology
11392,smart irrigation,water management
11393,smart market solutions,taxation
11394,smart meter,smart-grid
11395,smart metering,smart-grid
11396,smart networked,technology
11397,smart plan,none
11398,smart regulation,governance
11399,smart resilient concrete,technology
11400,smart sensors,technology
11401,smart society,urban planning
11402,smart sustainable cities,urban planning
11403,smart targets,technology
11404,smart technologies,technology
11405,smart transportation,clean transportation
11406,smart urban green spaces,urban planning
11407,smart urban planning,urban planning
11408,smart urban structure,urban planning
11409,smart water systems,water management
11410,smarter networks,technology
11411,smarter water use,water management
11412,smrs,decarbonisation
11413,social acceptability,socio-political approaches
11414,social adaptation measures,socio-political approaches
11415,social and institutional measures,socio-political approaches
11416,social capital,socio-political approaches
11417,social change,socio-political approaches
11418,social commitment,socio-political approaches
11419,social cooperation,socio-political approaches
11420,social dimensions,socio-political approaches
11421,social divide,socio-political approaches
11422,social division,socio-political approaches
11423,social engineering,socio-political approaches
11424,social ethical skills,socio-political approaches
11425,social factors,socio-political approaches
11426,social housing,vulnerable population centric
11427,social inequalities,vulnerable population centric
11428,social innovation,socio-political approaches
11429,social justice policies,vulnerable population centric
11430,social measures,socio-political approaches
11431,social mobilization,socio-political approaches
11432,social movement,socio-political approaches
11433,social movement energy,socio-political approaches
11434,social movements,socio-political approaches
11435,social organization,socio-political approaches
11436,social organizers,socio-political approaches
11437,social programs,socio-political approaches
11438,social protection,vulnerable population centric
11439,social protection measures,vulnerable population centric
11440,social protection programs,vulnerable population centric
11441,social resources,vulnerable population centric
11442,social safety nets,vulnerable population centric
11443,social services financing,funding-adaptation
11444,social support,vulnerable population centric
11445,social support networks,vulnerable population centric
11446,social support systems,vulnerable population centric
11447,social systems,socio-political approaches
11448,social vulnerability reduction,vulnerable population centric
11449,social welfare,vulnerable population centric
11450,social-ecological resilience,socio-political approaches
11451,socialism critique,socio-political approaches
11452,socialism solution,socio-political approaches
11453,socialized investment,funding-adaptation
11454,socially divisive solutions,socio-political approaches
11455,socially just distribution,vulnerable population centric
11456,socially just rate,vulnerable population centric
11457,socially-supported,socio-political approaches
11458,societal change,socio-political approaches
11459,societal engagement,socio-political approaches
11460,societal mobilization,socio-political approaches
11461,societal power down,socio-political approaches
11462,societal resilience,socio-political approaches
11463,societal responses,socio-political approaches
11464,societal revolution,socio-political approaches
11465,societal survival,socio-political approaches
11466,societal transformations,socio-political approaches
11467,societal turnaround,socio-political approaches
11468,society,socio-political approaches
11469,socio-ecological resilience,socio-political approaches
11470,socio-economic change,socio-political approaches
11471,socio-economic development,socio-political approaches
11472,socio-economic measures,socio-political approaches
11473,socio-economic support,socio-political approaches
11474,socioeconomic benefits,vulnerable population centric
11475,socioeconomic dimensions,vulnerable population centric
11476,socioeconomic resilience,socio-political approaches
11477,socioeconomic strategies,vulnerable population centric
11478,soft engineered defenses,technology
11479,soft infrastructure,infrastructure
11480,soft path,material science
11481,soft solutions,none
11482,soil additives,nature management
11483,soil amendment,nature management
11484,soil and water,nature management
11485,soil carbon regeneration,nature management
11486,soil carbon restoration,nature management
11487,soil carbonization,nature management
11488,soil chemistry,nature management
11489,soil erosion,nature management
11490,soil health management,nature management
11491,soil heat storage,nature management
11492,soil maintenance,nature management
11493,soil mineralization,nature management
11494,soil moisture,nature management
11495,soil moisture retention,nature management
11496,soil or gravel paths,material science
11497,soil processes,nature management
11498,soil productivity,nature management
11499,soil quality,nature management
11500,soil resource,nature management
11501,soil sponge,nature management
11502,soil water retention,nature management
11503,soil-adaptive structures,human-nature equilibrium
11504,soil-centric,nature management
11505,soil-less vertical garden,food-system
11506,soils,nature management
11507,solar and wind deployment,renewable energy
11508,solar and wind energy,renewable energy
11509,solar and wind farms,renewable energy
11510,solar and wind investment,renewable energy
11511,solar and wind power,renewable energy
11512,solar and wind power generation,renewable energy
11513,solar and wind scaling,renewable energy
11514,solar arc,renewable energy
11515,solar cells,renewable energy
11516,solar collectors,renewable energy
11517,solar concentrators,renewable energy
11518,solar concrete,renewable energy
11519,solar cooling,technology
11520,solar decathlon,renewable energy
11521,solar deployment,renewable energy
11522,solar electric bicycle,renewable energy
11523,solar energy arrays,renewable energy
11524,solar energy farms,renewable energy
11525,solar energy innovation,renewable energy
11526,solar energy scale-up,renewable energy
11527,solar energy transfer,renewable energy
11528,solar ev charging,renewable energy
11529,solar farm,renewable energy
11530,solar farm scale,renewable energy
11531,solar farms,renewable energy
11532,solar geoengineering,technology
11533,solar harvesting,renewable energy
11534,solar heat hydrogen,renewable energy
11535,solar households,renewable energy
11536,solar impulse pilots,renewable energy
11537,solar infrastructure,renewable energy
11538,solar investment,renewable energy
11539,solar nuclear wind hydro,renewable energy
11540,solar panel aesthetics,renewable energy
11541,solar panel arrays,renewable energy
11542,solar panel manufacturer,renewable energy
11543,solar panels at scale,renewable energy
11544,solar plus storage,renewable energy
11545,solar power plant,renewable energy
11546,solar power plants,renewable energy
11547,solar power systems,renewable energy
11548,solar powered concrete,renewable energy
11549,solar powered society,renewable energy
11550,solar pv,renewable energy
11551,solar radiation reflection,renewable energy
11552,solar reflectance,renewable energy
11553,solar reflection,renewable energy
11554,solar technologies,renewable energy
11555,solar transmission,renewable energy
11556,solar wind,renewable energy
11557,solar wind geothermal,renewable energy
11558,solar wind hydro geothermal,renewable energy
11559,solar wind hydroelectric,renewable energy
11560,solar wind storage,renewable energy
11561,solar windows,renewable energy
11562,solar-energy infrastructure,renewable energy
11563,solar-geothermal,renewable energy
11564,solar-heated concrete,renewable energy
11565,solar-powered carbon capture,decarbonisation
11566,solar-powered ccus,decarbonisation
11567,solar-powered farming,renewable energy
11568,solar-powered homes,renewable energy
11569,solar-powered infrastructure,renewable energy
11570,solar-powered pumps,renewable energy
11571,solar-powered transport,renewable energy
11572,solar-thermal,renewable energy
11573,solar-thermal plants,renewable energy
11574,solid carbon conversion,decarbonisation
11575,solid carbon storage,decarbonisation
11576,solid oxide electrolyzers,bio-fuel
11577,solid-state batteries,electrification
11578,solution assessment,managerial practices
11579,solve by 2050,emission reduction
11580,solve water problem,water management
11581,sound strategy,managerial practices
11582,south china sea,water management
11583,sovereign wealth fund,funding-adaptation
11584,sowing a tree,forest-centric
11585,soy plantation,food-system
11586,space efficiency,none
11587,space fusion sources,bio-fuel
11588,space media,none
11589,space nuclear fusion,bio-fuel
11590,space-based solar,renewable energy
11591,spatial integration,urban planning
11592,spatial temporal thematic,none
11593,special education support,knowledge-driven
11594,species dieoff,biodiversity
11595,species extinction,biodiversity
11596,species resilient biosphere,biodiversity
11597,specific climate risks,none
11598,speed energy transition,transition and transformation
11599,spend building,urban planning
11600,spirometry,decarbonisation
11601,split water,water management
11602,sponge concrete,material science
11603,sponge-city infrastructure,urban planning
11604,sprawl,urban planning
11605,spread minerals,material science
11606,spread renewable energy,renewable energy
11607,spring creek dam,water management
11608,srm,decarbonisation
11609,stabilise agricultural practices,food-system
11610,stabilization of ghg,greenhouse
11611,stabilize atmosphere,transition and transformation
11612,stabilize co2,decarbonisation
11613,stabilize emissions,transition and transformation
11614,stabilize global economy,global collaboration
11615,stabilize global temperatures,temperature-centric
11616,stabilize greenhouse emissions,greenhouse
11617,stabilize greenhouse gas concentrations,greenhouse
11618,stabilize population,degrowth
11619,stabilize soil,nature management
11620,stabilize the climate,transition and transformation
11621,stabilized rammed earth,transition and transformation
11622,stabilizes co2,decarbonisation
11623,stabilizing climate,transition and transformation
11624,stable carbon sequestration,decarbonisation
11625,stable carbonate minerals,material science
11626,stable carbonates,material science
11627,stable climate,transition and transformation
11628,stable earth system,transition and transformation
11629,stable energy,transition and transformation
11630,stable energy supply,transition and transformation
11631,stable food production,food-system
11632,stable geographic regions,transition and transformation
11633,stable solid minerals,material science
11634,stable supply,transition and transformation
11635,staged emissions targets,emission reduction
11636,stakeholder belief,knowledge-driven
11637,stakeholder co-creation,knowledge-driven
11638,stakeholder collaboration,knowledge-driven
11639,stakeholder concerted effort,knowledge-driven
11640,stakeholder inclusion,knowledge-driven
11641,stakeholder involvement,knowledge-driven
11642,stakeholder knowledge,knowledge-driven
11643,stakeholder perspectives,knowledge-driven
11644,stakeholder wisdom,knowledge-driven
11645,stakeholders,knowledge-driven
11646,standard emissions allowance,emission reduction
11647,standardised materials,material science
11648,start again,biodiversity
11649,start early,none
11650,startup innovation,technology
11651,startup investment,industry-centric
11652,state authority transition,socio-political approaches
11653,state business civil society,none
11654,state executive order,State-led
11655,state of emergency,none
11656,state provision,State-led
11657,state role,State-led
11658,status quo,none
11659,statutory responsibility,State-led
11660,stay ahead,none
11661,stay below 2°c,temperature-centric
11662,stay in place,none
11663,stay informed,none
11664,stay nimble,none
11665,stay optimistic,none
11666,stay within 1.5°c limit,temperature-centric
11667,steadily increasing fee,taxation
11668,steadily increasing price,taxation
11669,stealth carbon bomb,decarbonisation
11670,steam generation,technology
11671,steel bar-deck,material science
11672,steel replacement,material science
11673,steep emissions reduction,emission reduction
11674,steer water,water management
11675,step change,transition and transformation
11676,stepping stones,none
11677,stern report,none
11678,stimulate investment,funding-adaptation
11679,stone bunds,none
11680,stop building,urban planning
11681,stop burning coal,reduce fossil-fuel
11682,stop clearing land,forest-centric
11683,stop coal burning,reduce fossil-fuel
11684,stop coal construction,reduce fossil-fuel
11685,stop coal for electricity,reduce fossil-fuel
11686,stop combustion engine,reduce fossil-fuel
11687,stop combustion of fossil fuels,reduce fossil-fuel
11688,stop cutting trees,forest-centric
11689,stop disease,risk-based approach
11690,stop drilling,reduce fossil-fuel
11691,stop driving,reduce fossil-fuel
11692,stop emitting fossil co2,decarbonisation
11693,stop emitting greenhouse gases,greenhouse
11694,stop energy growth,degrowth
11695,stop forest conversion,forest-centric
11696,stop fossil exploration,reduce fossil-fuel
11697,stop fossil extraction,reduce fossil-fuel
11698,stop fossil fuel expansion,reduce fossil-fuel
11699,stop fossil fuel extraction,reduce fossil-fuel
11700,stop fossil fuel subsidies,reduce fossil-fuel
11701,stop fossil investment,reduce fossil-fuel
11702,stop fossil projects,reduce fossil-fuel
11703,stop fossil subsidies,reduce fossil-fuel
11704,stop fracking,reduce fossil-fuel
11705,stop fuel subsidies,reduce fossil-fuel
11706,stop greenhouse gas emissions,greenhouse
11707,stop harmful activities,risk-based approach
11708,stop industrial plastic,recycling
11709,stop investing fossil fuels,reduce fossil-fuel
11710,stop mining coal,reduce fossil-fuel
11711,stop natural gas plants,reduce fossil-fuel
11712,stop new fossil fuel infrastructure,reduce fossil-fuel
11713,stop polluter subsidies,taxation
11714,stop pouring concrete,material science
11715,stop profiting from fossil fuels,reduce fossil-fuel
11716,stop putting co2,decarbonisation
11717,stop skyscrapers,urban planning
11718,stop subsidizing,reduce fossil-fuel
11719,stop subsidizing carbon,reduce fossil-fuel
11720,stop subsidizing fossil fuels,reduce fossil-fuel
11721,stop temperature increase,temperature-centric
11722,stop transporting oil,reduce fossil-fuel
11723,storage,none
11724,storage and removal,none
11725,storage infrastructure,infrastructure
11726,storage technologies,none
11727,store carbon in trees,decarbonisation
11728,store co2,decarbonisation
11729,store energy in concrete,material science
11730,store permanently,none
11731,store water,water management
11732,store water molecules,water management
11733,storm absorption,extreme events
11734,storm buffering,extreme events
11735,storm drains,extreme events
11736,storm erosion,nature management
11737,storm flood protection,coast-protection and flood
11738,storm protection,extreme events
11739,storm response,risk-based approach
11740,storm sewers,extreme events
11741,storm surge,extreme events
11742,storm surge adaptation,extreme events
11743,storm surge barrier,extreme events
11744,storm surge defenses,extreme events
11745,storm surge failure,extreme events
11746,storm surge protection,extreme events
11747,storm surges,extreme events
11748,storm water collector,water management
11749,storm-resilient codes,infrastructure
11750,storm-resistant materials,material science
11751,storms,extreme events
11752,stormwater absorption,water management
11753,stormwater capture,water management
11754,stormwater control,water management
11755,stormwater filtration,water management
11756,stormwater infrastructure,water management
11757,stormwater reduction,water management
11758,stormwater retention,water management
11759,stormwater runoff,water management
11760,stormwater runoff reduction,water management
11761,stormwater treatment,water management
11762,storytelling,knowledge-driven
11763,strain-hardening frc,material science
11764,stranded assets,cost-benefit driven
11765,strategic framework,none
11766,strategic guidelines,managerial practices
11767,strategic infrastructure,infrastructure
11768,strategic initiatives,none
11769,strategic investment plan,funding-adaptation
11770,strategic planning,managerial practices
11771,strategic relocation,managerial practices
11772,strategies to achieve goal,managerial practices
11773,stratospheric aerosol injection,decarbonisation
11774,stratospheric aerosols,decarbonisation
11775,stratospheric sulfates,decarbonisation
11776,streamflow forecasts,climate models
11777,streamlined construction,urban planning
11778,strengthen cis,infrastructure
11779,strengthen dikes,infrastructure
11780,strengthen governance,governance
11781,strengthening defenses,infrastructure
11782,strengthening infrastructure,infrastructure
11783,strict carbon pricing,taxation
11784,strict emission reductions,emission reduction
11785,strict emissions regulations,emission reduction
11786,strict enforcement,governance
11787,stricter regulations,governance
11788,stringency,none
11789,stringent carbon pricing,taxation
11790,strong leadership,none
11791,strong partnerships,none
11792,structural carbon sequestration,decarbonisation
11793,structural energy transformation,renewable energy
11794,structural health monitoring,climate models
11795,structural hybrid slab,material science
11796,structural institutional change,socio-political approaches
11797,structural insulated panels,material science
11798,structural interventions,material science
11799,structural limits,none
11800,structural measures,managerial practices
11801,structural repair,infrastructure
11802,structural rods,material science
11803,study cities network,urban planning
11804,sub-saharan africa,vulnerable population centric
11805,subsidies,reduce fossil-fuel
11806,subsidies for clean tech,taxation
11807,subsidies for clean technologies,taxation
11808,subsidies for electrification,taxation
11809,subsidies for green innovation,taxation
11810,subsidies for green technologies,taxation
11811,subsidies for renewable,taxation
11812,subsidies for renewable energy,taxation
11813,subsidies for renewables,taxation
11814,subsidies for solar and wind,taxation
11815,subsidies for sustainable practices,taxation
11816,subsidize behavioral change,individual action
11817,subsidize clean energy,taxation
11818,subsidize climate solutions,taxation
11819,subsidize renewable energy,taxation
11820,subsidize wind energy,taxation
11821,subsidizing clean energy,taxation
11822,subsidizing climate solutions,taxation
11823,subsidizing just transition,vulnerable population centric
11824,subsidizing transition,taxation
11825,subsidy redirection,reduce fossil-fuel
11826,subsidy reform,reduce fossil-fuel
11827,subsidy removal,reduce fossil-fuel
11828,substitute fossil fuels,reduce fossil-fuel
11829,substitution of renewable energy,renewable energy
11830,subsurface infrastructure,infrastructure
11831,subsurface injection,material science
11832,suburbanization,urban planning
11833,success stories,none
11834,successful jurisdictions,urban planning
11835,suck co2,decarbonisation
11836,sufficiency-based society,decentralisation
11837,sulfate-resistant cement,material science
11838,sulfur dioxide,decarbonisation
11839,sun wind water,renewable energy
11840,super concrete,material science
11841,super electricity,electrification
11842,super resilience,risk-based approach
11843,super-concrete,material science
11844,super-efficient buildings,infrastructure
11845,super-efficient windows,energy efficiency
11846,super-insulation,material science
11847,super-permeable concrete,material science
11848,supercomputers,technology
11849,supercritical carbonation,material science
11850,superinsulated concrete,material science
11851,supermaterial,material science
11852,supplementary cementitious materials,material science
11853,supplementary cementitious materials based low-carbon concrete,material science
11854,supplementary fly ash,material science
11855,supplementary irrigation,water management
11856,supply chain integration,sustainability
11857,supply chain optimisation,sustainability
11858,supply chain sustainability,sustainability
11859,supply food,food-system
11860,support biodiversity,biodiversity
11861,support civil society,socio-political approaches
11862,support climate policies,governance
11863,support climate resilience,risk-based approach
11864,support climate-friendly policies,governance
11865,support climate-resilient policies,governance
11866,support communities,decentralisation
11867,support community livelihoods,decentralisation
11868,support developing nations,vulnerable population centric
11869,support economy-wide,alternative economic system
11870,support global emission limits,emission reduction
11871,support green new deal,governance
11872,support human communities,decentralisation
11873,support local food systems,food-system
11874,support local livelihoods,decentralisation
11875,support low-income households,vulnerable population centric
11876,support renewable projects,renewable energy
11877,support vulnerable communities,vulnerable population centric
11878,support vulnerable populations,vulnerable population centric
11879,support water cycle,water management
11880,supporting biodiversity,biodiversity
11881,supporting communities,decentralisation
11882,supporting ecosystems,biodiversity
11883,supporting infrastructure,infrastructure
11884,supporting livelihoods,decentralisation
11885,supporting local communities,decentralisation
11886,supporting local ecosystems,biodiversity
11887,supporting low-income households,vulnerable population centric
11888,supporting renewable energy,renewable energy
11889,supporting vulnerable communities,vulnerable population centric
11890,supportive policies,governance
11891,surface runoff,water management
11892,surface structure,material science
11893,surface temperature reduction,temperature-centric
11894,surface temperatures,temperature-centric
11895,surface treatments,material science
11896,surface water,water management
11897,surge barriers,coast-protection and flood
11898,survivable future,risk-based approach
11899,survival actions,none
11900,survival basics,none
11901,survival retreat,managerial practices
11902,survival strategy,managerial practices
11903,surviving climate change,risk-based approach
11904,sustain communities,decentralisation
11905,sustain ecosystem food systems,food-system
11906,sustain life,decentralisation
11907,sustain local populations,decentralisation
11908,sustainability and equity,vulnerable population centric
11909,sustainability challenge,sustainability
11910,sustainability claims,sustainability
11911,sustainability discourse,sustainability
11912,sustainability ecosystem,sustainability
11913,sustainability exploration,sustainability
11914,sustainability footprint,individual action
11915,sustainability guide,sustainability
11916,sustainability means,sustainability
11917,sustainability mission,sustainability
11918,sustainability pathway,sustainability
11919,sustainability phase,sustainability
11920,sustainability pillars,sustainability
11921,sustainability policies,sustainability
11922,sustainability principles,sustainability
11923,sustainability professionals,sustainability
11924,sustainability ratings,sustainability
11925,sustainability regulations,sustainability
11926,sustainability replenishment,sustainability
11927,sustainability requirements,sustainability
11928,sustainability research,sustainability
11929,sustainability targets,emission reduction
11930,sustainability transition,sustainability
11931,sustainability unlearning,sustainability
11932,sustainability vs resilience,sustainability
11933,sustainable,sustainability
11934,sustainable adaptation,managerial practices
11935,sustainable advantage,sustainability
11936,sustainable agricultural practices,food-system
11937,sustainable agricultural reforms,food-system
11938,sustainable agriculture policies,food-system
11939,sustainable agriculture reforms,food-system
11940,sustainable architecture,urban planning
11941,sustainable aviation fuel,bio-fuel
11942,sustainable bio-based economy,material science
11943,sustainable biomass,bio-fuel
11944,sustainable building,urban planning
11945,sustainable building materials,material science
11946,sustainable building process,urban planning
11947,sustainable buildings,urban planning
11948,sustainable built environment,urban planning
11949,sustainable carbon cycle,decarbonisation
11950,sustainable cement alternatives,material science
11951,sustainable chemistry,sustainability
11952,sustainable circular economy,circular-economy
11953,sustainable city,urban planning
11954,sustainable city design,urban planning
11955,sustainable city economy,urban planning
11956,sustainable civilizational technologies,sustainability
11957,sustainable community,sustainability
11958,sustainable concrete,material science
11959,sustainable concrete mixes,material science
11960,sustainable concrete production,material science
11961,sustainable concrete products,material science
11962,sustainable concrete technologies,material science
11963,sustainable construction materials,material science
11964,sustainable development definition,sustainability
11965,sustainable development packages,sustainability
11966,sustainable development plans,sustainability
11967,sustainable development strategies,sustainability
11968,sustainable development transition,sustainability
11969,sustainable diets,food-system
11970,sustainable drainage systems,water management
11971,sustainable economic model,sustainability
11972,sustainable ecosystem management,biodiversity
11973,sustainable energy sources,renewable energy
11974,sustainable energy systems,renewable energy
11975,sustainable energy transition,renewable energy
11976,sustainable environment,sustainability
11977,sustainable farming,food-system
11978,sustainable finance,sustainability
11979,sustainable financing,sustainability
11980,sustainable food practices,food-system
11981,sustainable food system,food-system
11982,sustainable food systems,food-system
11983,sustainable forest restoration,nature management
11984,sustainable forestry,forest-centric
11985,sustainable future,sustainability
11986,sustainable heat generation,technology
11987,sustainable income,sustainability
11988,sustainable industrial food system,food-system
11989,sustainable infrastructure,infrastructure
11990,sustainable infrastructure renewal,infrastructure
11991,sustainable infrastructure uptake,infrastructure
11992,sustainable intensification,sustainability
11993,sustainable investment,sustainability
11994,sustainable jobs,sustainability
11995,sustainable land,food-system
11996,sustainable land management,food-system
11997,sustainable land use planning,food-system
11998,sustainable land use practices,food-system
11999,sustainable land-use planning,food-system
12000,sustainable land-use policies,food-system
12001,sustainable land-use practices,food-system
12002,sustainable landscape,biodiversity
12003,sustainable landscapes,nature management
12004,sustainable leaders,sustainability
12005,sustainable living example,sustainability
12006,sustainable low-carbon cement,material science
12007,sustainable management,sustainability
12008,sustainable material,material science
12009,sustainable mixes,material science
12010,sustainable pathway,managerial practices
12011,sustainable populations,sustainability
12012,sustainable practices and technologies,sustainability
12013,sustainable practices in agriculture,food-system
12014,sustainable public transportation,clean transportation
12015,sustainable renewable energy,renewable energy
12016,sustainable resilient urban ecosystems,urban planning
12017,sustainable resource management,sustainability
12018,sustainable resource use,sustainability
12019,sustainable services,sustainability
12020,sustainable shelter,urban planning
12021,sustainable strategies,sustainability
12022,sustainable structures,urban planning
12023,sustainable supply chains,sustainability
12024,sustainable technologies,sustainability
12025,sustainable timeframe,sustainability
12026,sustainable transition,sustainability
12027,sustainable travel,clean transportation
12028,sustainable urban agriculture,food-system
12029,sustainable urban areas,urban planning
12030,sustainable urban design,urban planning
12031,sustainable urban development,urban planning
12032,sustainable urban green infrastructure,infrastructure
12033,sustainable urban growth,urban planning
12034,sustainable water harvesting,water management
12035,sustainable water management,water management
12036,sustainable water management systems,water management
12037,sustainable water source,water management
12038,sustainable water systems,water management
12039,sustainable wood burning,bio-fuel
12040,sustainably managing,sustainability
12041,sustainably managing ecosystems,biodiversity
12042,sustainably sourced foods,food-system
12043,sustained action,managerial practices
12044,sustained effort,none
12045,sustained reductions,degrowth
12046,sustained research,knowledge-driven
12047,sustaining biodiversity,biodiversity
12048,sustaining the biosphere,biodiversity
12049,swales and bunds,nature management
12050,sweden carbon tax,taxation
12051,switch back to nature,nature management
12052,switch off lights,degrowth
12053,switch to green energy,renewable energy
12054,switch to renewable,renewable energy
12055,synchronize policies,governance
12056,synchronized transition,transition and transformation
12057,synergies,managerial practices
12058,synthetic afforestation,forest-centric
12059,synthetic carbon capture,decarbonisation
12060,system changes,transition and transformation
12061,system design,design
12062,system engineering,technology
12063,system impacts,risk-based approach
12064,system integration,managerial practices
12065,system of systems,managerial practices
12066,system resilience,risk-based approach
12067,system transition,transition and transformation
12068,system-wide retrofit,infrastructure
12069,systematic transitions,transition and transformation
12070,systemic approach,managerial practices
12071,systemic carbon recycling,decarbonisation
12072,systemic causes,socio-political approaches
12073,systemic collaboration,knowledge-driven
12074,systemic decarbonization,decarbonisation
12075,systemic electrification,electrification
12076,systemic feedbacks,managerial practices
12077,systemic inclusive transformation,vulnerable population centric
12078,systemic innovation,technology
12079,systemic policy changes,governance
12080,systemic policy solutions,governance
12081,systemic renovation,socio-political approaches
12082,systemic rethink,socio-political approaches
12083,systemic shifts,socio-political approaches
12084,systemic social action,socio-political approaches
12085,systems,managerial practices
12086,systems not leaders,managerial practices
12087,systems of consumption,degrowth
12088,systems regulation,governance
12089,systems understanding,managerial practices
12090,systems-level approach,managerial practices
12091,tailor-made concrete,technology
12092,tailored adaptation plan,managerial practices
12093,tailored solutions,none
12094,tailored species,managerial practices
12095,take nature into account,human-nature equilibrium
12096,take the train,clean transportation
12097,tall building risks,urban planning
12098,target production processes,technology
12099,target setting,managerial practices
12100,targeted infrastructure,infrastructure
12101,targeted investments,funding-adaptation
12102,targeted measures,managerial practices
12103,targeted policies,governance
12104,targeted policy,governance
12105,targeted resource allocation,vulnerable population centric
12106,targeted strategies,managerial practices
12107,targeted upgrades,infrastructure
12108,targeting goals,managerial practices
12109,tax,taxation
12110,tax breaks,taxation
12111,tax carbon,decarbonisation
12112,tax credits,taxation
12113,tax emissions,emission reduction
12114,tax exemption,taxation
12115,tax incentives,taxation
12116,taxation shift,taxation
12117,taxing carbon,taxation
12118,tcfd,decarbonisation
12119,teach adaptation,knowledge-driven
12120,teach energy efficiency,energy efficiency
12121,tech and legislation,technology
12122,tech industry,technology
12123,technical advisers,technology
12124,technical assistance,technology
12125,technical feasibility,none
12126,technical focus,technology
12127,technical progress,technology
12128,technical prowess,technology
12129,technical solutions,technology
12130,technical support,technology
12131,techno-fix,technology
12132,techno-utopian future,technology
12133,technocracy,technology
12134,technological fix,technology
12135,technological health review,technology
12136,technological innovations,technology
12137,technological integration,technology
12138,technological investment,technology
12139,technological investments,technology
12140,technological problem,technology
12141,technological transition,technology
12142,technologically-driven,technology
12143,technologically-enhanced infrastructure,infrastructure
12144,technology and change management,technology
12145,technology delay,technology
12146,technology deployment,technology
12147,technology distribution,technology
12148,technology fixes,technology
12149,technology for adaptation,technology
12150,technology lifecycle,technology
12151,technology options,technology
12152,technology policy community engagement,governance
12153,technology shift,technology
12154,technology transfer to developing nations,technology
12155,technology transfers,technology
12156,technology-driven infrastructure,infrastructure
12157,technology-driven policy,technology
12158,technology-forcing carbon price,taxation
12159,tectonic microplate sequestration,decarbonisation
12160,temperate region,vulnerable population centric
12161,temperate regions,vulnerable population centric
12162,temperature benefits,temperature-centric
12163,temperature control,temperature-centric
12164,temperature correlation,temperature-centric
12165,temperature extremes mitigation,temperature-centric
12166,temperature gradient,temperature-centric
12167,temperature management,temperature-centric
12168,temperature projections,temperature-centric
12169,temperature rise projection,temperature-centric
12170,temperature stabilization,temperature-centric
12171,temperature targets,temperature-centric
12172,temperature threshold,temperature-centric
12173,temperature thresholds,temperature-centric
12174,temperature-induced shrinkage,technology
12175,ten-year target,emission reduction
12176,terawatt-scale,renewable energy
12177,teri,decarbonisation
12178,terminology shift,none
12179,terrain management,food-system
12180,terrestrial biosphere sequestration,decarbonisation
12181,terrestrial carbon sequestration,decarbonisation
12182,terrestrial impacts,risk-based approach
12183,territories resilience,risk-based approach
12184,test in settings,none
12185,test multiple pathways,none
12186,tested approaches,managerial practices
12187,the sand,nature management
12188,the uninhabitable earth,none
12189,thermal comfort,temperature-centric
12190,thermal efficient,technology
12191,thermal energy,technology
12192,thermal energy storage,technology
12193,thermal expansion,none
12194,thermal expansion joints,none
12195,thermal insulation,technology
12196,thermal mass concrete,technology
12197,thermal mass structures,technology
12198,thermal mass walls,technology
12199,thermal performance,technology
12200,thermal power,technology
12201,thermal regulation,temperature-centric
12202,thermally enhanced portland cement,technology
12203,thermally insulated,technology
12204,thermally massed slabs,technology
12205,thermally massive,technology
12206,thermally responsive,technology
12207,thermally-insulating concrete,technology
12208,thermodynamic energy use,technology
12209,thermodynamic optimization,technology
12210,thermodynamic refrigerator,technology
12211,thermodynamic storage,technology
12212,thermoelectric effect,technology
12213,think global,global collaboration
12214,think globally,global collaboration
12215,thorium fuel,bio-fuel
12216,thorough risk assessments,risk-based approach
12217,three pillars of sustainability,sustainability
12218,three to five years,emission reduction
12219,three-legged stool,managerial practices
12220,three-part test,managerial practices
12221,three-tiered strategy,managerial practices
12222,thrive with nature,human-nature equilibrium
12223,tidal currents,nature management
12224,tidal power generation,renewable energy
12225,tide gates,nature management
12226,time based solution,none
12227,timely evacuations,risk-based approach
12228,timely information,managerial practices
12229,timely response,none
12230,timely warnings,climate models
12231,tokenizing resources,technology
12232,tool developers,technology
12233,tool development,technology
12234,tool selection,technology
12235,tools of rapid action,transition and transformation
12236,top-down approach,none
12237,top-down policies,governance
12238,top-down regulation,governance
12239,top-down system,socio-political approaches
12240,top-priority actions,managerial practices
12241,topsoil improvement,nature management
12242,toronto city hall example,urban planning
12243,total cost,cost-benefit driven
12244,tourism impacts,risk-based approach
12245,tradable allowances,emission reduction
12246,traditional building practices,urban planning
12247,traditional communities,community-centric
12248,traditional forest management,forest-centric
12249,traditional knowledge,knowledge-driven
12250,traditional land management,food-system
12251,tragedy of the commons,none
12252,train climate scientists,knowledge-driven
12253,training local residents,decentralisation
12254,training program,knowledge-driven
12255,trains and buses,clean transportation
12256,trains not cars,clean transportation
12257,trains over vehicles,clean transportation
12258,transaction tax,taxation
12259,transboundary water cooperation,global collaboration
12260,transcontinental supergrid,smart-grid
12261,transfer carbon to rock,decarbonisation
12262,transform capital systems,degrowth
12263,transform capitalism,degrowth
12264,transform economic systems,degrowth
12265,transform economy,degrowth
12266,transform energy systems,renewable energy
12267,transform food systems,food-system
12268,transform global economic system,global collaboration
12269,transform global trade,global collaboration
12270,transform greenhouse gases,greenhouse
12271,transform happiness,individual action
12272,transform investing,funding-adaptation
12273,transform land food energy,food-system
12274,transform power sector,renewable energy
12275,transform production systems,transition and transformation
12276,transformation,transition and transformation
12277,transformation of global energy mix,renewable energy
12278,transformation of industries,degrowth
12279,transformation stage,transition and transformation
12280,transformational energy shift,renewable energy
12281,transformative approaches,transition and transformation
12282,transformative behavior change,individual action
12283,transformative changes,transition and transformation
12284,transformative governance,governance
12285,transformative innovation,transition and transformation
12286,transformative legislation,transition and transformation
12287,transformative phase,transition and transformation
12288,transformative planning,transition and transformation
12289,transformative policy,governance
12290,transformative processes,transition and transformation
12291,transformative resilience,transition and transformation
12292,transformative sdg implementation,governance
12293,transformative thinking,transition and transformation
12294,transformative urban planning,urban planning
12295,transforming practices,transition and transformation
12296,transient net loss,none
12297,transit walking bicycling,clean transportation
12298,transit-oriented,clean transportation
12299,transition action,transition and transformation
12300,transition all energy systems,renewable energy
12301,transition away,reduce fossil-fuel
12302,transition away from fossil fuels,reduce fossil-fuel
12303,transition drivers,transition and transformation
12304,transition energy industry,renewable energy
12305,transition energy sector,renewable energy
12306,transition extraction infrastructure,reduce fossil-fuel
12307,transition fossil fuel industries,reduce fossil-fuel
12308,transition from carbon to green energy,renewable energy
12309,transition fuels,bio-fuel
12310,transition fund,funding-adaptation
12311,transition global energy,renewable energy
12312,transition homes and businesses,none
12313,transition message,transition and transformation
12314,transition movement,transition and transformation
12315,transition off fossil fuels,reduce fossil-fuel
12316,transition phase,transition and transformation
12317,transition plan,transition and transformation
12318,transition policy,transition and transformation
12319,transition reliance,transition and transformation
12320,transition renewable energy,renewable energy
12321,transition speed,transition and transformation
12322,transition stage,transition and transformation
12323,transition strategies,transition and transformation
12324,transition strategy,transition and transformation
12325,transition time lag,transition and transformation
12326,transition to 100%,renewable energy
12327,transition to 100% renewable,renewable energy
12328,transition to 100% renewable energy,renewable energy
12329,transition to 100% renewables,renewable energy
12330,transition to carbon neutral sources,renewable energy
12331,transition to carbon neutrality,renewable energy
12332,transition to green economy,alternative economic system
12333,transition to low carbon,energy efficiency
12334,transition to renewable energy,renewable energy
12335,transition to renewable energy systems,renewable energy
12336,transition to sustainable energy,renewable energy
12337,transition to sustainable practices,sustainability
12338,transition to zero,renewable energy
12339,transitioning to renewable energy,renewable energy
12340,transparency and accountability,socio-political approaches
12341,transparent framework,none
12342,transparent insulating materials,material science
12343,transparent reporting,risk-based approach
12344,transport construction distribution,clean transportation
12345,transport decarbonization,decarbonisation
12346,transport energy,renewable energy
12347,transport energy demand,clean transportation
12348,transport pollution,clean transportation
12349,transport reduction,clean transportation
12350,transport sector,clean transportation
12351,transport shift,clean transportation
12352,transport to storage,none
12353,transportation electrification,electrification
12354,transportation integration,clean transportation
12355,transportation networks,clean transportation
12356,transportation practices,clean transportation
12357,transportation sector,clean transportation
12358,transportation sector strategies,clean transportation
12359,transportation systems,clean transportation
12360,trap co2,decarbonisation
12361,trap water,water management
12362,treat co2 scarce,decarbonisation
12363,treat seas as asset,water management
12364,tree canopy,forest-centric
12365,tree planting challenges,forest-centric
12366,tree planting initiative,forest-centric
12367,tree planting position,forest-centric
12368,tree species selection,forest-centric
12369,trees and forests,forest-centric
12370,trees and fungi,forest-centric
12371,trees as carbon sinks,decarbonisation
12372,trees essential,forest-centric
12373,trees urban climate,urban planning
12374,tribal land energy,renewable energy
12375,trillion tree campaign,forest-centric
12376,trillion trees program,forest-centric
12377,trillions investment,funding-adaptation
12378,triple duty infrastructure,infrastructure
12379,triple transition,transition and transformation
12380,triple-a method,managerial practices
12381,tropical forest,forest-centric
12382,tropical lands,nature management
12383,true cost of carbon,taxation
12384,true costs,cost-benefit driven
12385,trust your youth,community-centric
12386,trusted communication,none
12387,truthful pricing,taxation
12388,tunnel builder,urban planning
12389,tunnel construction,urban planning
12390,turn emissions,emission reduction
12391,turn off fossil fuels,reduce fossil-fuel
12392,twin-track approach,managerial practices
12393,two degree preparedness,risk-based approach
12394,two tonnes co2,decarbonisation
12395,two-way conversation,none
12396,u.s. governors,State-led
12397,uhpc,decarbonisation
12398,uls concrete,material science
12399,ultra low shrinkage,none
12400,ultra-high-performance concrete,material science
12401,ultra-low carbon concrete,material science
12402,un adaptation fund,funding-adaptation
12403,un recommendation,governance
12404,un sustainable development goals,sustainability
12405,un synthesis report,none
12406,un-hydrated cement,material science
12407,uncertainty,risk-based approach
12408,uncertainty management,risk-based approach
12409,uncertainty of damage,risk-based approach
12410,underground carbon storage,decarbonisation
12411,underground climate batteries,urban planning
12412,underground construction,urban planning
12413,underground habitats,urban planning
12414,underground home,urban planning
12415,underground infrastructure,urban planning
12416,underground modular infrastructure,urban planning
12417,underground seed vaults,urban planning
12418,underground sequestration,decarbonisation
12419,underground storage,urban planning
12420,underground structures,urban planning
12421,underground tunnels,urban planning
12422,underground ventilation,urban planning
12423,underground water systems,water management
12424,underground water use,water management
12425,understand climate challenge,none
12426,understand future climates,climate models
12427,understand nature,human-nature equilibrium
12428,understand vulnerabilities,risk-based approach
12429,understanding climate risks,risk-based approach
12430,understory regeneration,nature management
12431,underwater habitats,biodiversity
12432,unep,none
12433,uneven impacts,risk-based approach
12434,unfccc,global collaboration
12435,unfccc agreements,global collaboration
12436,unfccc cop23,global collaboration
12437,unfccc modelling,global collaboration
12438,unified carbon tax,taxation
12439,unified movement,socio-political approaches
12440,uniform dividend,taxation
12441,uniform tax,taxation
12442,united states action,State-led
12443,universal access,none
12444,universal actions,global collaboration
12445,universal adoption,none
12446,universal basic needs guarantee,socio-political approaches
12447,universal carbon pricing,taxation
12448,universal carbon pricing system,taxation
12449,universal carbon tax,taxation
12450,universal carbon taxes,taxation
12451,universal dividend,taxation
12452,universal electrification,electrification
12453,universal high-speed grid,smart-grid
12454,universal power,socio-political approaches
12455,universal standards,governance
12456,universal sustainability,global collaboration
12457,universal transition,global collaboration
12458,universally adopted,none
12459,unlimited resources,none
12460,unnecessary consumption,degrowth
12461,unobtrusive future,risk-based approach
12462,unprecedented changes,none
12463,unprecedented scale,none
12464,unpredictable weather patterns,extreme events
12465,unprepared mentality,risk-based approach
12466,unproven claim,knowledge-driven
12467,unsustainability of growth,degrowth
12468,unsustainable economic system,degrowth
12469,unsustainable extraction,degrowth
12470,unsustainable production,sustainability
12471,unused property,none
12472,upcycling,recycling
12473,update existing buildings,urban planning
12474,upfront costs,cost-benefit driven
12475,upgrade buildings,urban planning
12476,upgrade renewables,renewable energy
12477,upgradeability,infrastructure
12478,upgraded infrastructure,infrastructure
12479,upgrading agricultural practices,food-system
12480,upgrading drainage systems,water management
12481,upgrading infrastructure,infrastructure
12482,upgrading urban drainage systems,water management
12483,upgrading water management,water management
12484,upscaling,none
12485,upstream cost,cost-benefit driven
12486,urban adaptation pitfalls,urban planning
12487,urban adaptive design,urban planning
12488,urban afforestation,forest-centric
12489,urban agri-tech,food-system
12490,urban agroforestry,forest-centric
12491,urban albedo,technology
12492,urban albedo modification,technology
12493,urban algae farms,bio-fuel
12494,urban and agricultural planning,urban planning
12495,urban aquaponics,food-system
12496,urban areas,urban planning
12497,urban awareness,urban planning
12498,urban benefits costs,urban planning
12499,urban biodiversity,urban planning
12500,urban buffers,urban planning
12501,urban carbon pollution,urban planning
12502,urban carbon sequestration,decarbonisation
12503,urban climate adaptations,urban planning
12504,urban climate movement,urban planning
12505,urban coastal defense,nature management
12506,urban decision-making,urban planning
12507,urban design features,urban planning
12508,urban development,urban planning
12509,urban drainage,coast-protection and flood
12510,urban drainage relief,coast-protection and flood
12511,urban drainage system,coast-protection and flood
12512,urban eco-cities,urban planning
12513,urban ecosystem restoration,biodiversity
12514,urban energy policy,urban planning
12515,urban energy solutions,urban planning
12516,urban farm,food-system
12517,urban flood management,coast-protection and flood
12518,urban flood mitigation,coast-protection and flood
12519,urban flood risk,coast-protection and flood
12520,urban flooding,coast-protection and flood
12521,urban flooding mitigation,coast-protection and flood
12522,urban flooding reduction,coast-protection and flood
12523,urban forestry,forest-centric
12524,urban forestry management,forest-centric
12525,urban forestry programs,forest-centric
12526,urban governance,urban planning
12527,urban governments,urban planning
12528,urban green corridors,urban planning
12529,urban green infrastructure,infrastructure
12530,urban green spaces,urban planning
12531,urban habitats,urban planning
12532,urban heat island mitigation,temperature-centric
12533,urban heat island reduction,temperature-centric
12534,urban heat islands,temperature-centric
12535,urban heat mitigation,temperature-centric
12536,urban heat reduction,temperature-centric
12537,urban heritage,urban planning
12538,urban impact,urban planning
12539,urban impacts,urban planning
12540,urban infrastructure system,infrastructure
12541,urban irrigation efficiency,water management
12542,urban landscapes,urban planning
12543,urban microclimate,urban planning
12544,urban mining,urban planning
12545,urban mitigation,urban planning
12546,urban nature,urban planning
12547,urban opportunities,urban planning
12548,urban parks,urban planning
12549,urban parks integration,urban planning
12550,urban permaculture,urban planning
12551,urban planning approaches,urban planning
12552,urban planning integration,urban planning
12553,urban planning mistakes,urban planning
12554,urban planning transformation,urban planning
12555,urban planning upgrades,urban planning
12556,urban planting,food-system
12557,urban pollution,urban planning
12558,urban productivity,urban planning
12559,urban rain gardens,water management
12560,urban rainscapes,water management
12561,urban re-paving,urban planning
12562,urban regeneration,urban planning
12563,urban region,urban planning
12564,urban renewal,urban planning
12565,urban renovation,urban planning
12566,urban resilience strategies,urban planning
12567,urban runoff,water management
12568,urban sprawl,urban planning
12569,urban temperatures,temperature-centric
12570,urban to rural migration,urban planning
12571,urban tree cover,forest-centric
12572,urban tree coverage,forest-centric
12573,urban tree planting,forest-centric
12574,urban vertical gardens,food-system
12575,urban wastewater management,water management
12576,urban water systems,water management
12577,urban waterlogging,water management
12578,urban waterscapes,urban planning
12579,urban watershed management,water management
12580,urban wetlands,nature management
12581,urban wildlife habitat,urban planning
12582,urban wildlife habitats,urban planning
12583,urban wood buildings,urban planning
12584,urbane project,urban planning
12585,urbanising,urban planning
12586,urbanization and population growth,urban planning
12587,urbanization of rivers,urban planning
12588,urbanize ecosystems,biodiversity
12589,urgency,none
12590,urgency and democracy,socio-political approaches
12591,urgent mitigation,risk-based approach
12592,urgently reduce greenhouse gas emissions,greenhouse
12593,us climate leadership,socio-political approaches
12594,use existing energy,energy efficiency
12595,use existing infrastructure,infrastructure
12596,use far less,degrowth
12597,use fewer resources,degrowth
12598,use floodplains,coast-protection and flood
12599,use less,degrowth
12600,use of climate information,knowledge-driven
12601,use of fly ash,material science
12602,use of slag,material science
12603,use petroleum,reduce fossil-fuel
12604,use renewable,renewable energy
12605,use solar power,renewable energy
12606,used plastic construction,recycling
12607,useful products,industry-centric
12608,usgcrp,decarbonisation
12609,utility infrastructure,infrastructure
12610,utility-scale electrolyzers,bio-fuel
12611,utility-scale solar,renewable energy
12612,utilization,none
12613,utilization and storage,none
12614,utilization economy,alternative economic system
12615,utilize co2,decarbonisation
12616,utilize existing infrastructure,infrastructure
12617,utilize in products,industry-centric
12618,vacant military bases,none
12619,vacuum curing,decarbonisation
12620,vacuum glazing,decarbonisation
12621,valorize biosphere,biodiversity
12622,valuable chemicals,material science
12623,valuable products,none
12624,value commons,none
12625,value ecosystems,biodiversity
12626,value-added products,industry-centric
12627,values and metrics,managerial practices
12628,variable renewables,renewable energy
12629,vegan lifestyle,food-system
12630,veganism limits,food-system
12631,vegetables,food-system
12632,vegetated buildings,infrastructure
12633,vegetated swales,food-system
12634,vegetation,forest-centric
12635,vegetation for floods,coast-protection and flood
12636,vegetation placement,forest-centric
12637,vehicle emissions,emission reduction
12638,vehicle idling,individual action
12639,vehicle-to-grid,smart-grid
12640,venture-backed products,industry-centric
12641,vermicomposting,recycling
12642,versatile material use,material science
12643,vertical farming,food-system
12644,vertical farms,food-system
12645,vertical flood protection,coast-protection and flood
12646,vertical gardens,food-system
12647,vertical structures,urban planning
12648,vertical-axis wind,renewable energy
12649,vertical-farm eco-villages,food-system
12650,vertically integrated agriculture,food-system
12651,vertically linked domes,urban planning
12652,vertically-stacked wetlands,nature management
12653,vhtr,decarbonisation
12654,viable affordable pathways,cost-benefit driven
12655,victim empowerment,community-centric
12656,village-level reporting,decentralisation
12657,virtual ecosystem,biodiversity
12658,vision 2040,emission reduction
12659,vocational training,community-centric
12660,volcanic eruptions,extreme events
12661,volcanic rock processes,none
12662,voluntary pricing,taxation
12663,vote advocate policies,governance
12664,vote policies,governance
12665,vsstf,decarbonisation
12666,vulnerabilities and risks,risk-based approach
12667,vulnerabilities of populations,vulnerable population centric
12668,vulnerability analyses,risk-based approach
12669,vulnerability analysis,risk-based approach
12670,vulnerability and risk,risk-based approach
12671,vulnerability and risk assessments,risk-based approach
12672,vulnerability assessments,risk-based approach
12673,vulnerability creation,risk-based approach
12674,vulnerability impacts,risk-based approach
12675,vulnerability mapping,risk-based approach
12676,vulnerability measures,risk-based approach
12677,vulnerability minimization,risk-based approach
12678,vulnerability mitigation,risk-based approach
12679,vulnerability to climate change,none
12680,vulnerable areas,vulnerable population centric
12681,vulnerable coastal communities,vulnerable population centric
12682,vulnerable consultation,vulnerable population centric
12683,vulnerable developing countries,vulnerable population centric
12684,vulnerable distribution,vulnerable population centric
12685,vulnerable ecosystems,biodiversity
12686,vulnerable groups,vulnerable population centric
12687,vulnerable nations,vulnerable population centric
12688,vulnerable populations protection,vulnerable population centric
12689,vulnerable regions,vulnerable population centric
12690,vulnerable sectors,vulnerable population centric
12691,wait for better,risk-based approach
12692,wake up,none
12693,walk or cycle,clean transportation
12694,walkable adaptation,urban planning
12695,walkable design,urban planning
12696,walkable suburbs,urban planning
12697,walkable urban,urban planning
12698,walking and cycling,clean transportation
12699,walkways,urban planning
12700,walled cities,urban planning
12701,war proposal,none
12702,warmer wetter climate,none
12703,wash access,water management
12704,waste as resource,recycling
12705,waste assimilation,recycling
12706,waste biomass,recycling
12707,waste concrete,recycling
12708,waste glass,recycling
12709,waste gypsum,recycling
12710,waste heat recycling,recycling
12711,waste material utilization,recycling
12712,waste polymers,recycling
12713,waste-based materials,recycling
12714,waste-to-concrete,recycling
12715,waste-to-manufacturing,recycling
12716,waste-to-resource,recycling
12717,wasteful transportation,clean transportation
12718,wastewater recycling,water management
12719,wastewater treatment,water management
12720,water,water management
12721,water absorption,water management
12722,water acceleration,water management
12723,water access,water management
12724,water as energy,water management
12725,water as key substance,water management
12726,water as tool,water management
12727,water climate link,none
12728,water conservation tips,water management
12729,water content,water management
12730,water content control,water management
12731,water cycle,water management
12732,water cycle regulation,water management
12733,water cycles,water management
12734,water cycling,water management
12735,water demands,water management
12736,water diversion,water management
12737,water efficiency gains,water management
12738,water energy,water management
12739,water energy security,water management
12740,water filtering,water management
12741,water filtration,water management
12742,water food energy,coast-protection and flood
12743,water harvesting,water management
12744,water harvesting systems,water management
12745,water infiltration,water management
12746,water infiltration prevention,water management
12747,water level adaptation,water management
12748,water management expert,water management
12749,water management infrastructure,water management
12750,water management practices,water management
12751,water management strategies,water management
12752,water management systems,water management
12753,water managers guidance,water management
12754,water pollution,water management
12755,water pollution reduction,water management
12756,water power,renewable energy
12757,water practices,water management
12758,water purification,water management
12759,water recharge,water management
12760,water regulation,water management
12761,water reservoirs,water management
12762,water resource,water management
12763,water resource management,water management
12764,water resource planning,water management
12765,water resources,water management
12766,water retaining infrastructure,water management
12767,water sector,water management
12768,water self-sufficiency,water management
12769,water sinks melting,temperature-centric
12770,water storage canals,water management
12771,water storage capacity,water management
12772,water storage schemes,water management
12773,water supply,water management
12774,water supply cutoff,water management
12775,water supply investment,water management
12776,water surges,water management
12777,water system,water management
12778,water table replenishment,water management
12779,water technologies,technology
12780,water treatment,water management
12781,water use,water management
12782,water-absorbing concrete,material science
12783,water-efficient appliances,water management
12784,water-efficient infrastructure,water management
12785,water-efficient practices,water management
12786,water-energy nexus,water management
12787,water-energy-food nexus,water management
12788,water-heat-earth nexus,water management
12789,water-holding capacity,water management
12790,water-recycling,water management
12791,water-reducing admixtures,material science
12792,water-repellent,water management
12793,water-repellent sealant,material science
12794,water-resilient,water management
12795,water-saving measures,water management
12796,water-secure region,water management
12797,water-secure regions,water management
12798,water-sensitive cities,water management
12799,waterproof foundations,material science
12800,waterproofing,water management
12801,watershed management,water management
12802,watershed protection,nature management
12803,watertight,material science
12804,waterway delivery,water management
12805,waterways,water management
12806,wave dissipation,renewable energy
12807,wealth distribution,taxation
12808,wealth impacts,risk-based approach
12809,wealth tax,taxation
12810,wealth transfer,taxation
12811,wealthy countries,vulnerable population centric
12812,wealthy pay,taxation
12813,wealthy polluter,socio-political approaches
12814,weather engineering,technology
12815,weather extremes,extreme events
12816,weather information,climate models
12817,weather modification,technology
12818,weather protection,infrastructure
12819,weather resistant,infrastructure
12820,weather volatility,extreme events
12821,weather-resistant materials,material science
12822,weather-resistant roofs,infrastructure
12823,weathering design,design
12824,weathering resistance,infrastructure
12825,wef critique,socio-political approaches
12826,well below 2°c,temperature-centric
12827,well-draining sub-base,water management
12828,well-funded effort,governance
12829,well-placed dams,water management
12830,well-protected dikes,infrastructure
12831,wellbeing of living systems,none
12832,western diet,food-system
12833,wetland conservation,nature management
12834,wetland decisions,nature management
12835,wetland emulation,nature management
12836,wetland preservation,nature management
12837,wetland reconstruction,nature management
12838,wetland recreation,nature management
12839,wetland rehabilitation,nature management
12840,wetland revival,nature management
12841,wetland-based water management,nature management
12842,wetlands and basins,nature management
12843,wetlands restoration,nature management
12844,what works,none
12845,where emissions generated,emission reduction
12846,white house climate action plan,socio-political approaches
12847,white paint,material science
12848,white thermal shelters,biodiversity
12849,whole-house retrofitting,infrastructure
12850,whole-of-community,none
12851,whole-of-government,socio-political approaches
12852,whole-of-society response,socio-political approaches
12853,whole-of-systems approach,managerial practices
12854,wicked problems,none
12855,wide range temperatures,temperature-centric
12856,widening flood channels,water management
12857,widespread,none
12858,widespread adoption,none
12859,widespread carbon capture and storage,decarbonisation
12860,widespread carbon pricing,taxation
12861,widespread reforestation,forest-centric
12862,widespread renewable adoption,renewable energy
12863,widespread renewable energy,renewable energy
12864,widespread renewable use,renewable energy
12865,wild reproduction,biodiversity
12866,will and commitment,socio-political approaches
12867,willingness,none
12868,willingness to invest,cost-benefit driven
12869,win-win collaborations,knowledge-driven
12870,wind adoption,renewable energy
12871,wind deployment,renewable energy
12872,wind energy storage,renewable energy
12873,wind infrastructure,renewable energy
12874,wind or solar,renewable energy
12875,wind parks,renewable energy
12876,wind power farms,renewable energy
12877,wind resources,renewable energy
12878,wind/solar mix,renewable energy
12879,windfall profit tax,taxation
12880,without oil,reduce fossil-fuel
12881,withstand and recover,none
12882,withstand climate shocks,extreme events
12883,withstand impacts,none
12884,withstand strong winds,extreme events
12885,wmo,climate models
12886,women candidates,community-centric
12887,women climate vulnerability,vulnerable population centric
12888,women in leadership,community-centric
12889,women in stem,community-centric
12890,women’s empowerment,community-centric
12891,wood buildings,urban planning
12892,wood faqs,urban planning
12893,wood pellets,bio-fuel
12894,wood-based construction,urban planning
12895,wooden architecture,urban planning
12896,woodlands,forest-centric
12897,work together,governance
12898,workability enhancement,energy efficiency
12899,worker freedom,socio-political approaches
12900,worker-led policies,governance
12901,workers' rights,socio-political approaches
12902,workforce retraining,community-centric
12903,working day reduction,degrowth
12904,working group reports,knowledge-driven
12905,working with natural systems,human-nature equilibrium
12906,world bank climate finance,funding-adaptation
12907,world bank group,global collaboration
12908,world federalist fiscal federation,global collaboration
12909,world forest city,urban planning
12910,world green building council,urban planning
12911,world net-zero 2050,net zero
12912,world war iii,none
12913,worldwide carbon pricing,taxation
12914,worst-case preparation,risk-based approach
12915,youth climate strikes,socio-political approaches
12916,youth development,community-centric
12917,youth empowerment,community-centric
12918,youth engagement,community-centric
12919,youth innovation,community-centric
12920,youth leadership,community-centric
12921,zero by 2050,net zero
12922,zero carbon concrete,material science
12923,zero carbon energy storage,net zero
12924,zero carbon fuels,net zero
12925,zero carbon grid,net zero
12926,zero carbon home,net zero
12927,zero carbon lifestyle,net zero
12928,zero carbon pathways,net zero
12929,zero carbon per capita,net zero
12930,zero carbon precinct,net zero
12931,zero carbon society,net zero
12932,zero co2 by 2050,net zero
12933,zero co2 emissions,decarbonisation
12934,zero embodied carbon,net zero
12935,zero emission age,net zero
12936,zero emission homes,net zero
12937,zero emissions buildings,net zero
12938,zero emissions by 2050,net zero
12939,zero emissions goal,net zero
12940,zero energy buildings,net zero
12941,zero fossil fuels,reduce fossil-fuel
12942,zero greenhouse emissions,greenhouse
12943,zero greenhouse gas emissions,greenhouse
12944,zero land clearing,food-system
12945,zero movement,net zero
12946,zero net emissions,net zero
12947,zero net energy,net zero
12948,zero net energy homes,net zero
12949,zero net ghg trade,greenhouse
12950,zero net transport emissions,net zero
12951,zero tailpipe emissions,net zero
12952,zero-carbon,net zero
12953,zero-carbon buildings,net zero
12954,zero-carbon cement,material science
12955,zero-carbon circular economy,circular-economy
12956,zero-carbon concrete,material science
12957,zero-carbon districts,net zero
12958,zero-carbon emissions,net zero
12959,zero-carbon energy,net zero
12960,zero-carbon fuels,net zero
12961,zero-carbon future,net zero
12962,zero-carbon industry,net zero
12963,zero-carbon lifestyle,net zero
12964,zero-carbon practices,net zero
12965,zero-carbon production,net zero
12966,zero-carbon renewable,net zero
12967,zero-carbon societies,net zero
12968,zero-carbon systems,net zero
12969,zero-carbon technologies,net zero
12970,zero-carbon travel,net zero
12971,zero-emission,net zero
12972,zero-emission economy,net zero
12973,zero-emission energy,net zero
12974,zero-emission lifestyle,net zero
12975,zero-emission technologies,net zero
12976,zero-emissions energy,net zero
12977,zero-emissions transition,net zero
12978,zero-emissions vehicle,net zero
12979,zero-net-energy communities,net zero
12980,zero-risk approach,risk-based approach
12981,zero-waste,degrowth
12982,zero-waste circular economies,degrowth
12983,zero-waste policies,degrowth
12984,zero‑carbon economy,net zero
12985,zne2030,emission reduction
12986,zonal approaches,urban planning
12987,zonation,urban planning
12988,zoning laws,urban planning
12989,zoning planning,urban planning
12990,zoning policies,governance
12991,zoning regulations,governance